framework,framework_version,simulator,architecture,n,k,depth,n_params,n_param_sets,n_grad_components,var_pooled,threshold,configuration_seed
PennyLane,0.44.1,lightning.qubit,all_to_all,8,2,1,8,50,400,0.05729730359647642,0.01,2935321149
PennyLane,0.44.1,lightning.qubit,all_to_all,8,2,2,16,50,800,0.03889108133837729,0.01,2935321149
PennyLane,0.44.1,lightning.qubit,all_to_all,8,2,3,24,50,1200,0.03885171438538043,0.01,2935321149
PennyLane,0.44.1,lightning.qubit,all_to_all,8,2,4,32,50,1600,0.009516312362875343,0.01,2935321149
PennyLane,0.44.1,lightning.qubit,all_to_all,8,2,5,40,50,2000,0.006854537622416925,0.01,2935321149
PennyLane,0.44.1,lightning.qubit,all_to_all,8,2,6,48,50,2400,0.006005280156535491,0.01,2935321149
PennyLane,0.44.1,lightning.qubit,all_to_all,8,2,7,56,50,2800,0.005939356741936744,0.01,2935321149
PennyLane,0.44.1,lightning.qubit,all_to_all,8,2,8,64,50,3200,0.006291364805580555,0.01,2935321149
PennyLane,0.44.1,lightning.qubit,all_to_all,8,2,9,72,50,3600,0.00503774670766142,0.01,2935321149
PennyLane,0.44.1,lightning.qubit,all_to_all,8,2,10,80,50,4000,0.005132480027873907,0.01,2935321149
PennyLane,0.44.1,lightning.qubit,all_to_all,8,2,11,88,50,4400,0.0040909520677596374,0.01,2935321149
PennyLane,0.44.1,lightning.qubit,all_to_all,8,2,12,96,50,4800,0.004334887751917033,0.01,2935321149
PennyLane,0.44.1,lightning.qubit,all_to_all,8,2,13,104,50,5200,0.004019301341738818,0.01,2935321149
PennyLane,0.44.1,lightning.qubit,all_to_all,8,2,14,112,50,5600,0.003625994194705474,0.01,2935321149
PennyLane,0.44.1,lightning.qubit,all_to_all,8,2,15,120,50,6000,0.003811960707509609,0.01,2935321149
PennyLane,0.44.1,lightning.qubit,all_to_all,8,2,16,128,50,6400,0.003754597897289644,0.01,2935321149
PennyLane,0.44.1,lightning.qubit,all_to_all,8,2,17,136,50,6800,0.0034449123866725074,0.01,2935321149
PennyLane,0.44.1,lightning.qubit,all_to_all,8,2,18,144,50,7200,0.003931948066830449,0.01,2935321149
PennyLane,0.44.1,lightning.qubit,all_to_all,8,2,19,152,50,7600,0.004151568236451343,0.01,2935321149
PennyLane,0.44.1,lightning.qubit,all_to_all,8,2,20,160,50,8000,0.003868172749935355,0.01,2935321149
PennyLane,0.44.1,lightning.qubit,all_to_all,8,2,21,168,50,8400,0.0037640199186286605,0.01,2935321149
PennyLane,0.44.1,lightning.qubit,all_to_all,8,2,22,176,50,8800,0.0036471754937122346,0.01,2935321149
PennyLane,0.44.1,lightning.qubit,all_to_all,8,2,23,184,50,9200,0.0038547855264129305,0.01,2935321149
PennyLane,0.44.1,lightning.qubit,all_to_all,8,2,24,192,50,9600,0.0036053419767163196,0.01,2935321149
PennyLane,0.44.1,lightning.qubit,all_to_all,8,2,25,200,50,10000,0.003923637987359674,0.01,2935321149
PennyLane,0.44.1,lightning.qubit,all_to_all,8,2,26,208,50,10400,0.0040258306843664925,0.01,2935321149
PennyLane,0.44.1,lightning.qubit,all_to_all,8,2,27,216,50,10800,0.003981438426951532,0.01,2935321149
PennyLane,0.44.1,lightning.qubit,all_to_all,8,2,28,224,50,11200,0.003835264207061931,0.01,2935321149
PennyLane,0.44.1,lightning.qubit,all_to_all,8,2,29,232,50,11600,0.00380476633620785,0.01,2935321149
PennyLane,0.44.1,lightning.qubit,all_to_all,8,2,30,240,50,12000,0.003875184687639974,0.01,2935321149
PennyLane,0.44.1,lightning.qubit,all_to_all,8,3,1,8,50,400,0.051845637229462144,0.01,3645832136
PennyLane,0.44.1,lightning.qubit,all_to_all,8,3,2,16,50,800,0.03698570096552158,0.01,3645832136
PennyLane,0.44.1,lightning.qubit,all_to_all,8,3,3,24,50,1200,0.021100114841859773,0.01,3645832136
PennyLane,0.44.1,lightning.qubit,all_to_all,8,3,4,32,50,1600,0.006669227920590541,0.01,3645832136
PennyLane,0.44.1,lightning.qubit,all_to_all,8,3,5,40,50,2000,0.00467841749374954,0.01,3645832136
PennyLane,0.44.1,lightning.qubit,all_to_all,8,3,6,48,50,2400,0.00678274609370312,0.01,3645832136
PennyLane,0.44.1,lightning.qubit,all_to_all,8,3,7,56,50,2800,0.005401605228433233,0.01,3645832136
PennyLane,0.44.1,lightning.qubit,all_to_all,8,3,8,64,50,3200,0.004752264916451615,0.01,3645832136
PennyLane,0.44.1,lightning.qubit,all_to_all,8,3,9,72,50,3600,0.005032632298568625,0.01,3645832136
PennyLane,0.44.1,lightning.qubit,all_to_all,8,3,10,80,50,4000,0.004503500530766204,0.01,3645832136
PennyLane,0.44.1,lightning.qubit,all_to_all,8,3,11,88,50,4400,0.004193320434616798,0.01,3645832136
PennyLane,0.44.1,lightning.qubit,all_to_all,8,3,12,96,50,4800,0.004138906401434694,0.01,3645832136
PennyLane,0.44.1,lightning.qubit,all_to_all,8,3,13,104,50,5200,0.003898700995544651,0.01,3645832136
PennyLane,0.44.1,lightning.qubit,all_to_all,8,3,14,112,50,5600,0.0037705462188131244,0.01,3645832136
PennyLane,0.44.1,lightning.qubit,all_to_all,8,3,15,120,50,6000,0.003714423685944413,0.01,3645832136
PennyLane,0.44.1,lightning.qubit,all_to_all,8,3,16,128,50,6400,0.003764584583692736,0.01,3645832136
PennyLane,0.44.1,lightning.qubit,all_to_all,8,3,17,136,50,6800,0.003717851970995837,0.01,3645832136
PennyLane,0.44.1,lightning.qubit,all_to_all,8,3,18,144,50,7200,0.003934943094501155,0.01,3645832136
PennyLane,0.44.1,lightning.qubit,all_to_all,8,3,19,152,50,7600,0.004064360795904605,0.01,3645832136
PennyLane,0.44.1,lightning.qubit,all_to_all,8,3,20,160,50,8000,0.003937547760937631,0.01,3645832136
PennyLane,0.44.1,lightning.qubit,all_to_all,8,3,21,168,50,8400,0.003754082749234618,0.01,3645832136
PennyLane,0.44.1,lightning.qubit,all_to_all,8,3,22,176,50,8800,0.00392744976023438,0.01,3645832136
PennyLane,0.44.1,lightning.qubit,all_to_all,8,3,23,184,50,9200,0.003680829003347334,0.01,3645832136
PennyLane,0.44.1,lightning.qubit,all_to_all,8,3,24,192,50,9600,0.0038085582923552395,0.01,3645832136
PennyLane,0.44.1,lightning.qubit,all_to_all,8,3,25,200,50,10000,0.003940072543015015,0.01,3645832136
PennyLane,0.44.1,lightning.qubit,all_to_all,8,3,26,208,50,10400,0.0038800262829453876,0.01,3645832136
PennyLane,0.44.1,lightning.qubit,all_to_all,8,3,27,216,50,10800,0.0039419022785214565,0.01,3645832136
PennyLane,0.44.1,lightning.qubit,all_to_all,8,3,28,224,50,11200,0.003930031589953652,0.01,3645832136
PennyLane,0.44.1,lightning.qubit,all_to_all,8,3,29,232,50,11600,0.00390257864329859,0.01,3645832136
PennyLane,0.44.1,lightning.qubit,all_to_all,8,3,30,240,50,12000,0.0037494767284842316,0.01,3645832136
PennyLane,0.44.1,lightning.qubit,all_to_all,8,4,1,8,50,400,0.045660477075452344,0.01,2783616348
PennyLane,0.44.1,lightning.qubit,all_to_all,8,4,2,16,50,800,0.05322042058383845,0.01,2783616348
PennyLane,0.44.1,lightning.qubit,all_to_all,8,4,3,24,50,1200,0.010182303187558682,0.01,2783616348
PennyLane,0.44.1,lightning.qubit,all_to_all,8,4,4,32,50,1600,0.004672156927751005,0.01,2783616348
PennyLane,0.44.1,lightning.qubit,all_to_all,8,4,5,40,50,2000,0.005785801325873136,0.01,2783616348
PennyLane,0.44.1,lightning.qubit,all_to_all,8,4,6,48,50,2400,0.005957420382303697,0.01,2783616348
PennyLane,0.44.1,lightning.qubit,all_to_all,8,4,7,56,50,2800,0.005515871566954202,0.01,2783616348
PennyLane,0.44.1,lightning.qubit,all_to_all,8,4,8,64,50,3200,0.0051928999360725345,0.01,2783616348
PennyLane,0.44.1,lightning.qubit,all_to_all,8,4,9,72,50,3600,0.005790846738983123,0.01,2783616348
PennyLane,0.44.1,lightning.qubit,all_to_all,8,4,10,80,50,4000,0.004248252364129643,0.01,2783616348
PennyLane,0.44.1,lightning.qubit,all_to_all,8,4,11,88,50,4400,0.004169123236485291,0.01,2783616348
PennyLane,0.44.1,lightning.qubit,all_to_all,8,4,12,96,50,4800,0.004171239522688755,0.01,2783616348
PennyLane,0.44.1,lightning.qubit,all_to_all,8,4,13,104,50,5200,0.004079279727587506,0.01,2783616348
PennyLane,0.44.1,lightning.qubit,all_to_all,8,4,14,112,50,5600,0.003924124078647063,0.01,2783616348
PennyLane,0.44.1,lightning.qubit,all_to_all,8,4,15,120,50,6000,0.0038408592579068763,0.01,2783616348
PennyLane,0.44.1,lightning.qubit,all_to_all,8,4,16,128,50,6400,0.003591631972859327,0.01,2783616348
PennyLane,0.44.1,lightning.qubit,all_to_all,8,4,17,136,50,6800,0.003966646345737222,0.01,2783616348
PennyLane,0.44.1,lightning.qubit,all_to_all,8,4,18,144,50,7200,0.004064134627925625,0.01,2783616348
PennyLane,0.44.1,lightning.qubit,all_to_all,8,4,19,152,50,7600,0.003923742012518873,0.01,2783616348
PennyLane,0.44.1,lightning.qubit,all_to_all,8,4,20,160,50,8000,0.003831762624293864,0.01,2783616348
PennyLane,0.44.1,lightning.qubit,all_to_all,8,4,21,168,50,8400,0.0038376167145276123,0.01,2783616348
PennyLane,0.44.1,lightning.qubit,all_to_all,8,4,22,176,50,8800,0.003956501679848054,0.01,2783616348
PennyLane,0.44.1,lightning.qubit,all_to_all,8,4,23,184,50,9200,0.003445777758250413,0.01,2783616348
PennyLane,0.44.1,lightning.qubit,all_to_all,8,4,24,192,50,9600,0.004068124807086885,0.01,2783616348
PennyLane,0.44.1,lightning.qubit,all_to_all,8,4,25,200,50,10000,0.003977951542376363,0.01,2783616348
PennyLane,0.44.1,lightning.qubit,all_to_all,8,4,26,208,50,10400,0.00394809100078164,0.01,2783616348
PennyLane,0.44.1,lightning.qubit,all_to_all,8,4,27,216,50,10800,0.003957673589601537,0.01,2783616348
PennyLane,0.44.1,lightning.qubit,all_to_all,8,4,28,224,50,11200,0.003804242239527749,0.01,2783616348
PennyLane,0.44.1,lightning.qubit,all_to_all,8,4,29,232,50,11600,0.0038808905323291063,0.01,2783616348
PennyLane,0.44.1,lightning.qubit,all_to_all,8,4,30,240,50,12000,0.003624429082634259,0.01,2783616348
PennyLane,0.44.1,lightning.qubit,all_to_all,8,5,1,8,50,400,0.05228626266900913,0.01,2667285886
PennyLane,0.44.1,lightning.qubit,all_to_all,8,5,2,16,50,800,0.01899504899809608,0.01,2667285886
PennyLane,0.44.1,lightning.qubit,all_to_all,8,5,3,24,50,1200,0.0071440299268853156,0.01,2667285886
PennyLane,0.44.1,lightning.qubit,all_to_all,8,5,4,32,50,1600,0.004930330137178699,0.01,2667285886
PennyLane,0.44.1,lightning.qubit,all_to_all,8,5,5,40,50,2000,0.006114984337524379,0.01,2667285886
PennyLane,0.44.1,lightning.qubit,all_to_all,8,5,6,48,50,2400,0.005783067089743859,0.01,2667285886
PennyLane,0.44.1,lightning.qubit,all_to_all,8,5,7,56,50,2800,0.0059630355274731105,0.01,2667285886
PennyLane,0.44.1,lightning.qubit,all_to_all,8,5,8,64,50,3200,0.005744676152572694,0.01,2667285886
PennyLane,0.44.1,lightning.qubit,all_to_all,8,5,9,72,50,3600,0.004653798718020259,0.01,2667285886
PennyLane,0.44.1,lightning.qubit,all_to_all,8,5,10,80,50,4000,0.004252018726799058,0.01,2667285886
PennyLane,0.44.1,lightning.qubit,all_to_all,8,5,11,88,50,4400,0.0039953650172747,0.01,2667285886
PennyLane,0.44.1,lightning.qubit,all_to_all,8,5,12,96,50,4800,0.004079187066648493,0.01,2667285886
PennyLane,0.44.1,lightning.qubit,all_to_all,8,5,13,104,50,5200,0.003928000788899967,0.01,2667285886
PennyLane,0.44.1,lightning.qubit,all_to_all,8,5,14,112,50,5600,0.003940500359910069,0.01,2667285886
PennyLane,0.44.1,lightning.qubit,all_to_all,8,5,15,120,50,6000,0.0038631450845407413,0.01,2667285886
PennyLane,0.44.1,lightning.qubit,all_to_all,8,5,16,128,50,6400,0.004075995159872601,0.01,2667285886
PennyLane,0.44.1,lightning.qubit,all_to_all,8,5,17,136,50,6800,0.0042670878317820436,0.01,2667285886
PennyLane,0.44.1,lightning.qubit,all_to_all,8,5,18,144,50,7200,0.0039481102942614775,0.01,2667285886
PennyLane,0.44.1,lightning.qubit,all_to_all,8,5,19,152,50,7600,0.004048470623325307,0.01,2667285886
PennyLane,0.44.1,lightning.qubit,all_to_all,8,5,20,160,50,8000,0.004004417857279728,0.01,2667285886
PennyLane,0.44.1,lightning.qubit,all_to_all,8,5,21,168,50,8400,0.003961591947946055,0.01,2667285886
PennyLane,0.44.1,lightning.qubit,all_to_all,8,5,22,176,50,8800,0.003756469598300563,0.01,2667285886
PennyLane,0.44.1,lightning.qubit,all_to_all,8,5,23,184,50,9200,0.003913212524315953,0.01,2667285886
PennyLane,0.44.1,lightning.qubit,all_to_all,8,5,24,192,50,9600,0.004092964600296205,0.01,2667285886
PennyLane,0.44.1,lightning.qubit,all_to_all,8,5,25,200,50,10000,0.003953646328249336,0.01,2667285886
PennyLane,0.44.1,lightning.qubit,all_to_all,8,5,26,208,50,10400,0.004135661164458697,0.01,2667285886
PennyLane,0.44.1,lightning.qubit,all_to_all,8,5,27,216,50,10800,0.003884311988919825,0.01,2667285886
PennyLane,0.44.1,lightning.qubit,all_to_all,8,5,28,224,50,11200,0.0039408344774984295,0.01,2667285886
PennyLane,0.44.1,lightning.qubit,all_to_all,8,5,29,232,50,11600,0.003650267250616432,0.01,2667285886
PennyLane,0.44.1,lightning.qubit,all_to_all,8,5,30,240,50,12000,0.003888582015295615,0.01,2667285886
PennyLane,0.44.1,lightning.qubit,all_to_all,8,6,1,8,50,400,0.04421325526644969,0.01,4249091540
PennyLane,0.44.1,lightning.qubit,all_to_all,8,6,2,16,50,800,0.008257243596336743,0.01,4249091540
PennyLane,0.44.1,lightning.qubit,all_to_all,8,6,3,24,50,1200,0.009006481228524882,0.01,4249091540
PennyLane,0.44.1,lightning.qubit,all_to_all,8,6,4,32,50,1600,0.005849334462349085,0.01,4249091540
PennyLane,0.44.1,lightning.qubit,all_to_all,8,6,5,40,50,2000,0.005379043705987371,0.01,4249091540
PennyLane,0.44.1,lightning.qubit,all_to_all,8,6,6,48,50,2400,0.006042632065154044,0.01,4249091540
PennyLane,0.44.1,lightning.qubit,all_to_all,8,6,7,56,50,2800,0.004526346374761528,0.01,4249091540
PennyLane,0.44.1,lightning.qubit,all_to_all,8,6,8,64,50,3200,0.005791242315661396,0.01,4249091540
PennyLane,0.44.1,lightning.qubit,all_to_all,8,6,9,72,50,3600,0.004296145026553394,0.01,4249091540
PennyLane,0.44.1,lightning.qubit,all_to_all,8,6,10,80,50,4000,0.004310008742207368,0.01,4249091540
PennyLane,0.44.1,lightning.qubit,all_to_all,8,6,11,88,50,4400,0.00416260794009808,0.01,4249091540
PennyLane,0.44.1,lightning.qubit,all_to_all,8,6,12,96,50,4800,0.004053743561226133,0.01,4249091540
PennyLane,0.44.1,lightning.qubit,all_to_all,8,6,13,104,50,5200,0.004310632173564875,0.01,4249091540
PennyLane,0.44.1,lightning.qubit,all_to_all,8,6,14,112,50,5600,0.003794000126484806,0.01,4249091540
PennyLane,0.44.1,lightning.qubit,all_to_all,8,6,15,120,50,6000,0.0036391240877412566,0.01,4249091540
PennyLane,0.44.1,lightning.qubit,all_to_all,8,6,16,128,50,6400,0.0040213414759688836,0.01,4249091540
PennyLane,0.44.1,lightning.qubit,all_to_all,8,6,17,136,50,6800,0.00400955576285165,0.01,4249091540
PennyLane,0.44.1,lightning.qubit,all_to_all,8,6,18,144,50,7200,0.004095712301340846,0.01,4249091540
PennyLane,0.44.1,lightning.qubit,all_to_all,8,6,19,152,50,7600,0.004071824966884544,0.01,4249091540
PennyLane,0.44.1,lightning.qubit,all_to_all,8,6,20,160,50,8000,0.003937924404732502,0.01,4249091540
PennyLane,0.44.1,lightning.qubit,all_to_all,8,6,21,168,50,8400,0.003943562637246388,0.01,4249091540
PennyLane,0.44.1,lightning.qubit,all_to_all,8,6,22,176,50,8800,0.0036816370821668057,0.01,4249091540
PennyLane,0.44.1,lightning.qubit,all_to_all,8,6,23,184,50,9200,0.004012305114902084,0.01,4249091540
PennyLane,0.44.1,lightning.qubit,all_to_all,8,6,24,192,50,9600,0.004039729728731676,0.01,4249091540
PennyLane,0.44.1,lightning.qubit,all_to_all,8,6,25,200,50,10000,0.003948938143379614,0.01,4249091540
PennyLane,0.44.1,lightning.qubit,all_to_all,8,6,26,208,50,10400,0.004015382088594745,0.01,4249091540
PennyLane,0.44.1,lightning.qubit,all_to_all,8,6,27,216,50,10800,0.003952637657537759,0.01,4249091540
PennyLane,0.44.1,lightning.qubit,all_to_all,8,6,28,224,50,11200,0.003983479518669175,0.01,4249091540
PennyLane,0.44.1,lightning.qubit,all_to_all,8,6,29,232,50,11600,0.00374538963592721,0.01,4249091540
PennyLane,0.44.1,lightning.qubit,all_to_all,8,6,30,240,50,12000,0.00404250046962286,0.01,4249091540
PennyLane,0.44.1,lightning.qubit,all_to_all,8,8,1,8,50,400,0.03514220604664289,0.01,874994599
PennyLane,0.44.1,lightning.qubit,all_to_all,8,8,2,16,50,800,0.021696446830703854,0.01,874994599
PennyLane,0.44.1,lightning.qubit,all_to_all,8,8,3,24,50,1200,0.015220153231501964,0.01,874994599
PennyLane,0.44.1,lightning.qubit,all_to_all,8,8,4,32,50,1600,0.01565048993306036,0.01,874994599
PennyLane,0.44.1,lightning.qubit,all_to_all,8,8,5,40,50,2000,0.010284042075657666,0.01,874994599
PennyLane,0.44.1,lightning.qubit,all_to_all,8,8,6,48,50,2400,0.007315104407214648,0.01,874994599
PennyLane,0.44.1,lightning.qubit,all_to_all,8,8,7,56,50,2800,0.005842117464860357,0.01,874994599
PennyLane,0.44.1,lightning.qubit,all_to_all,8,8,8,64,50,3200,0.00448228438021595,0.01,874994599
PennyLane,0.44.1,lightning.qubit,all_to_all,8,8,9,72,50,3600,0.004341153625474559,0.01,874994599
PennyLane,0.44.1,lightning.qubit,all_to_all,8,8,10,80,50,4000,0.004457859910052262,0.01,874994599
PennyLane,0.44.1,lightning.qubit,all_to_all,8,8,11,88,50,4400,0.004164168135493085,0.01,874994599
PennyLane,0.44.1,lightning.qubit,all_to_all,8,8,12,96,50,4800,0.00375585169763754,0.01,874994599
PennyLane,0.44.1,lightning.qubit,all_to_all,8,8,13,104,50,5200,0.0038694368457198127,0.01,874994599
PennyLane,0.44.1,lightning.qubit,all_to_all,8,8,14,112,50,5600,0.003852701858944834,0.01,874994599
PennyLane,0.44.1,lightning.qubit,all_to_all,8,8,15,120,50,6000,0.003978130499758758,0.01,874994599
PennyLane,0.44.1,lightning.qubit,all_to_all,8,8,16,128,50,6400,0.0038326784500375467,0.01,874994599
PennyLane,0.44.1,lightning.qubit,all_to_all,8,8,17,136,50,6800,0.003925063980196281,0.01,874994599
PennyLane,0.44.1,lightning.qubit,all_to_all,8,8,18,144,50,7200,0.0037918934383833498,0.01,874994599
PennyLane,0.44.1,lightning.qubit,all_to_all,8,8,19,152,50,7600,0.003864608866644369,0.01,874994599
PennyLane,0.44.1,lightning.qubit,all_to_all,8,8,20,160,50,8000,0.003931004764942409,0.01,874994599
PennyLane,0.44.1,lightning.qubit,all_to_all,8,8,21,168,50,8400,0.003889653123807561,0.01,874994599
PennyLane,0.44.1,lightning.qubit,all_to_all,8,8,22,176,50,8800,0.0038653016511192607,0.01,874994599
PennyLane,0.44.1,lightning.qubit,all_to_all,8,8,23,184,50,9200,0.003807228615457234,0.01,874994599
PennyLane,0.44.1,lightning.qubit,all_to_all,8,8,24,192,50,9600,0.0037596409045847607,0.01,874994599
PennyLane,0.44.1,lightning.qubit,all_to_all,8,8,25,200,50,10000,0.0039058320728658814,0.01,874994599
PennyLane,0.44.1,lightning.qubit,all_to_all,8,8,26,208,50,10400,0.003809656921668694,0.01,874994599
PennyLane,0.44.1,lightning.qubit,all_to_all,8,8,27,216,50,10800,0.0037688236889486795,0.01,874994599
PennyLane,0.44.1,lightning.qubit,all_to_all,8,8,28,224,50,11200,0.003793129589008012,0.01,874994599
PennyLane,0.44.1,lightning.qubit,all_to_all,8,8,29,232,50,11600,0.0038016576471123042,0.01,874994599
PennyLane,0.44.1,lightning.qubit,all_to_all,8,8,30,240,50,12000,0.0038420567866041047,0.01,874994599
PennyLane,0.44.1,lightning.qubit,all_to_all,10,2,1,10,50,500,0.04985492276801533,0.01,1334024609
PennyLane,0.44.1,lightning.qubit,all_to_all,10,2,2,20,50,1000,0.03527986457685398,0.01,1334024609
PennyLane,0.44.1,lightning.qubit,all_to_all,10,2,3,30,50,1500,0.017747895023788502,0.01,1334024609
PennyLane,0.44.1,lightning.qubit,all_to_all,10,2,4,40,50,2000,0.022726174302893077,0.01,1334024609
PennyLane,0.44.1,lightning.qubit,all_to_all,10,2,5,50,50,2500,0.002711396271490702,0.01,1334024609
PennyLane,0.44.1,lightning.qubit,all_to_all,10,2,6,60,50,3000,0.0019224577374764287,0.01,1334024609
PennyLane,0.44.1,lightning.qubit,all_to_all,10,2,7,70,50,3500,0.0015036890085990318,0.01,1334024609
PennyLane,0.44.1,lightning.qubit,all_to_all,10,2,8,80,50,4000,0.001547989504573413,0.01,1334024609
PennyLane,0.44.1,lightning.qubit,all_to_all,10,2,9,90,50,4500,0.001452377616806462,0.01,1334024609
PennyLane,0.44.1,lightning.qubit,all_to_all,10,2,10,100,50,5000,0.0013710411148226834,0.01,1334024609
PennyLane,0.44.1,lightning.qubit,all_to_all,10,2,11,110,50,5500,0.0011866197639499112,0.01,1334024609
PennyLane,0.44.1,lightning.qubit,all_to_all,10,2,12,120,50,6000,0.0010879115250427996,0.01,1334024609
PennyLane,0.44.1,lightning.qubit,all_to_all,10,2,13,130,50,6500,0.001099475930405185,0.01,1334024609
PennyLane,0.44.1,lightning.qubit,all_to_all,10,2,14,140,50,7000,0.0009992776946707474,0.01,1334024609
PennyLane,0.44.1,lightning.qubit,all_to_all,10,2,15,150,50,7500,0.0010444694512454877,0.01,1334024609
PennyLane,0.44.1,lightning.qubit,all_to_all,10,2,16,160,50,8000,0.0010113120061287155,0.01,1334024609
PennyLane,0.44.1,lightning.qubit,all_to_all,10,2,17,170,50,8500,0.0009617876529207832,0.01,1334024609
PennyLane,0.44.1,lightning.qubit,all_to_all,10,2,18,180,50,9000,0.0009245630684397713,0.01,1334024609
PennyLane,0.44.1,lightning.qubit,all_to_all,10,2,19,190,50,9500,0.0009248987091423609,0.01,1334024609
PennyLane,0.44.1,lightning.qubit,all_to_all,10,2,20,200,50,10000,0.0009502718543627427,0.01,1334024609
PennyLane,0.44.1,lightning.qubit,all_to_all,10,2,21,210,50,10500,0.0009206492718877426,0.01,1334024609
PennyLane,0.44.1,lightning.qubit,all_to_all,10,2,22,220,50,11000,0.0008636448208389513,0.01,1334024609
PennyLane,0.44.1,lightning.qubit,all_to_all,10,2,23,230,50,11500,0.000958563502826626,0.01,1334024609
PennyLane,0.44.1,lightning.qubit,all_to_all,10,2,24,240,50,12000,0.0009933406918973824,0.01,1334024609
PennyLane,0.44.1,lightning.qubit,all_to_all,10,2,25,250,50,12500,0.0010002031055611543,0.01,1334024609
PennyLane,0.44.1,lightning.qubit,all_to_all,10,2,26,260,50,13000,0.0009519853315144857,0.01,1334024609
PennyLane,0.44.1,lightning.qubit,all_to_all,10,2,27,270,50,13500,0.0009645646078617797,0.01,1334024609
PennyLane,0.44.1,lightning.qubit,all_to_all,10,2,28,280,50,14000,0.0009349975908351342,0.01,1334024609
PennyLane,0.44.1,lightning.qubit,all_to_all,10,2,29,290,50,14500,0.0009501274791849949,0.01,1334024609
PennyLane,0.44.1,lightning.qubit,all_to_all,10,2,30,300,50,15000,0.0009255218160833144,0.01,1334024609
PennyLane,0.44.1,lightning.qubit,all_to_all,10,3,1,10,50,500,0.04207876350620144,0.01,2922137862
PennyLane,0.44.1,lightning.qubit,all_to_all,10,3,2,20,50,1000,0.017603839679537055,0.01,2922137862
PennyLane,0.44.1,lightning.qubit,all_to_all,10,3,3,30,50,1500,0.023442335553560102,0.01,2922137862
PennyLane,0.44.1,lightning.qubit,all_to_all,10,3,4,40,50,2000,0.01116772686579369,0.01,2922137862
PennyLane,0.44.1,lightning.qubit,all_to_all,10,3,5,50,50,2500,0.0016694113529254768,0.01,2922137862
PennyLane,0.44.1,lightning.qubit,all_to_all,10,3,6,60,50,3000,0.001718916877607673,0.01,2922137862
PennyLane,0.44.1,lightning.qubit,all_to_all,10,3,7,70,50,3500,0.0013960555007653543,0.01,2922137862
PennyLane,0.44.1,lightning.qubit,all_to_all,10,3,8,80,50,4000,0.0014590112678793403,0.01,2922137862
PennyLane,0.44.1,lightning.qubit,all_to_all,10,3,9,90,50,4500,0.0013551755932902014,0.01,2922137862
PennyLane,0.44.1,lightning.qubit,all_to_all,10,3,10,100,50,5000,0.001306359189938057,0.01,2922137862
PennyLane,0.44.1,lightning.qubit,all_to_all,10,3,11,110,50,5500,0.0011778346260140754,0.01,2922137862
PennyLane,0.44.1,lightning.qubit,all_to_all,10,3,12,120,50,6000,0.0011294172615765822,0.01,2922137862
PennyLane,0.44.1,lightning.qubit,all_to_all,10,3,13,130,50,6500,0.0010004479218133299,0.01,2922137862
PennyLane,0.44.1,lightning.qubit,all_to_all,10,3,14,140,50,7000,0.0010411153669072396,0.01,2922137862
PennyLane,0.44.1,lightning.qubit,all_to_all,10,3,15,150,50,7500,0.0010493020459249062,0.01,2922137862
PennyLane,0.44.1,lightning.qubit,all_to_all,10,3,16,160,50,8000,0.0009907681104246986,0.01,2922137862
PennyLane,0.44.1,lightning.qubit,all_to_all,10,3,17,170,50,8500,0.0009736283024675997,0.01,2922137862
PennyLane,0.44.1,lightning.qubit,all_to_all,10,3,18,180,50,9000,0.0008862917751420796,0.01,2922137862
PennyLane,0.44.1,lightning.qubit,all_to_all,10,3,19,190,50,9500,0.0009253413929867348,0.01,2922137862
PennyLane,0.44.1,lightning.qubit,all_to_all,10,3,20,200,50,10000,0.0009669682677771267,0.01,2922137862
PennyLane,0.44.1,lightning.qubit,all_to_all,10,3,21,210,50,10500,0.0009040714109478709,0.01,2922137862
PennyLane,0.44.1,lightning.qubit,all_to_all,10,3,22,220,50,11000,0.0009374614313868231,0.01,2922137862
PennyLane,0.44.1,lightning.qubit,all_to_all,10,3,23,230,50,11500,0.0009935117157149876,0.01,2922137862
PennyLane,0.44.1,lightning.qubit,all_to_all,10,3,24,240,50,12000,0.001006884654500603,0.01,2922137862
PennyLane,0.44.1,lightning.qubit,all_to_all,10,3,25,250,50,12500,0.0009860394106721185,0.01,2922137862
PennyLane,0.44.1,lightning.qubit,all_to_all,10,3,26,260,50,13000,0.0009789446705935074,0.01,2922137862
PennyLane,0.44.1,lightning.qubit,all_to_all,10,3,27,270,50,13500,0.0009492256576384477,0.01,2922137862
PennyLane,0.44.1,lightning.qubit,all_to_all,10,3,28,280,50,14000,0.0009534966356249,0.01,2922137862
PennyLane,0.44.1,lightning.qubit,all_to_all,10,3,29,290,50,14500,0.0009417439940774966,0.01,2922137862
PennyLane,0.44.1,lightning.qubit,all_to_all,10,3,30,300,50,15000,0.0009174125767229587,0.01,2922137862
PennyLane,0.44.1,lightning.qubit,all_to_all,10,4,1,10,50,500,0.03079737794241205,0.01,4281740302
PennyLane,0.44.1,lightning.qubit,all_to_all,10,4,2,20,50,1000,0.02092432377146008,0.01,4281740302
PennyLane,0.44.1,lightning.qubit,all_to_all,10,4,3,30,50,1500,0.035439652573230326,0.01,4281740302
PennyLane,0.44.1,lightning.qubit,all_to_all,10,4,4,40,50,2000,0.003128620407514753,0.01,4281740302
PennyLane,0.44.1,lightning.qubit,all_to_all,10,4,5,50,50,2500,0.0013786152283097092,0.01,4281740302
PennyLane,0.44.1,lightning.qubit,all_to_all,10,4,6,60,50,3000,0.0010976462094081493,0.01,4281740302
PennyLane,0.44.1,lightning.qubit,all_to_all,10,4,7,70,50,3500,0.0014817335041867003,0.01,4281740302
PennyLane,0.44.1,lightning.qubit,all_to_all,10,4,8,80,50,4000,0.001738150780337204,0.01,4281740302
PennyLane,0.44.1,lightning.qubit,all_to_all,10,4,9,90,50,4500,0.0013529848025019963,0.01,4281740302
PennyLane,0.44.1,lightning.qubit,all_to_all,10,4,10,100,50,5000,0.0012162686801648398,0.01,4281740302
PennyLane,0.44.1,lightning.qubit,all_to_all,10,4,11,110,50,5500,0.0010762353865746352,0.01,4281740302
PennyLane,0.44.1,lightning.qubit,all_to_all,10,4,12,120,50,6000,0.0012572496648619387,0.01,4281740302
PennyLane,0.44.1,lightning.qubit,all_to_all,10,4,13,130,50,6500,0.0010425988620565141,0.01,4281740302
PennyLane,0.44.1,lightning.qubit,all_to_all,10,4,14,140,50,7000,0.001016623297911265,0.01,4281740302
PennyLane,0.44.1,lightning.qubit,all_to_all,10,4,15,150,50,7500,0.001009659104417896,0.01,4281740302
PennyLane,0.44.1,lightning.qubit,all_to_all,10,4,16,160,50,8000,0.0009820555712126953,0.01,4281740302
PennyLane,0.44.1,lightning.qubit,all_to_all,10,4,17,170,50,8500,0.0009725585976441434,0.01,4281740302
PennyLane,0.44.1,lightning.qubit,all_to_all,10,4,18,180,50,9000,0.0009777187163260068,0.01,4281740302
PennyLane,0.44.1,lightning.qubit,all_to_all,10,4,19,190,50,9500,0.0009835833030676733,0.01,4281740302
PennyLane,0.44.1,lightning.qubit,all_to_all,10,4,20,200,50,10000,0.0009558321773735099,0.01,4281740302
PennyLane,0.44.1,lightning.qubit,all_to_all,10,4,21,210,50,10500,0.0008581649906281432,0.01,4281740302
PennyLane,0.44.1,lightning.qubit,all_to_all,10,4,22,220,50,11000,0.001013399997344009,0.01,4281740302
PennyLane,0.44.1,lightning.qubit,all_to_all,10,4,23,230,50,11500,0.0010236290174534535,0.01,4281740302
PennyLane,0.44.1,lightning.qubit,all_to_all,10,4,24,240,50,12000,0.0010132643539414396,0.01,4281740302
PennyLane,0.44.1,lightning.qubit,all_to_all,10,4,25,250,50,12500,0.0010115553801668684,0.01,4281740302
PennyLane,0.44.1,lightning.qubit,all_to_all,10,4,26,260,50,13000,0.0009234635142572019,0.01,4281740302
PennyLane,0.44.1,lightning.qubit,all_to_all,10,4,27,270,50,13500,0.0009372076450116405,0.01,4281740302
PennyLane,0.44.1,lightning.qubit,all_to_all,10,4,28,280,50,14000,0.0009977944964732032,0.01,4281740302
PennyLane,0.44.1,lightning.qubit,all_to_all,10,4,29,290,50,14500,0.0009893282249193926,0.01,4281740302
PennyLane,0.44.1,lightning.qubit,all_to_all,10,4,30,300,50,15000,0.0008931870914132153,0.01,4281740302
PennyLane,0.44.1,lightning.qubit,all_to_all,10,5,1,10,50,500,0.02227009097054218,0.01,1102469724
PennyLane,0.44.1,lightning.qubit,all_to_all,10,5,2,20,50,1000,0.033834518171001,0.01,1102469724
PennyLane,0.44.1,lightning.qubit,all_to_all,10,5,3,30,50,1500,0.013524899974684325,0.01,1102469724
PennyLane,0.44.1,lightning.qubit,all_to_all,10,5,4,40,50,2000,0.0021014930380529283,0.01,1102469724
PennyLane,0.44.1,lightning.qubit,all_to_all,10,5,5,50,50,2500,0.0011686805760566146,0.01,1102469724
PennyLane,0.44.1,lightning.qubit,all_to_all,10,5,6,60,50,3000,0.00148777641401891,0.01,1102469724
PennyLane,0.44.1,lightning.qubit,all_to_all,10,5,7,70,50,3500,0.0017002498078804104,0.01,1102469724
PennyLane,0.44.1,lightning.qubit,all_to_all,10,5,8,80,50,4000,0.0014962416207704575,0.01,1102469724
PennyLane,0.44.1,lightning.qubit,all_to_all,10,5,9,90,50,4500,0.001142155784967753,0.01,1102469724
PennyLane,0.44.1,lightning.qubit,all_to_all,10,5,10,100,50,5000,0.0012403413477706205,0.01,1102469724
PennyLane,0.44.1,lightning.qubit,all_to_all,10,5,11,110,50,5500,0.0011234361150150533,0.01,1102469724
PennyLane,0.44.1,lightning.qubit,all_to_all,10,5,12,120,50,6000,0.001029275932057306,0.01,1102469724
PennyLane,0.44.1,lightning.qubit,all_to_all,10,5,13,130,50,6500,0.0010070330259142374,0.01,1102469724
PennyLane,0.44.1,lightning.qubit,all_to_all,10,5,14,140,50,7000,0.0010404865450649816,0.01,1102469724
PennyLane,0.44.1,lightning.qubit,all_to_all,10,5,15,150,50,7500,0.0010185351659468336,0.01,1102469724
PennyLane,0.44.1,lightning.qubit,all_to_all,10,5,16,160,50,8000,0.0009948065494218596,0.01,1102469724
PennyLane,0.44.1,lightning.qubit,all_to_all,10,5,17,170,50,8500,0.0009400193025270469,0.01,1102469724
PennyLane,0.44.1,lightning.qubit,all_to_all,10,5,18,180,50,9000,0.000972574620719838,0.01,1102469724
PennyLane,0.44.1,lightning.qubit,all_to_all,10,5,19,190,50,9500,0.0009716236017418544,0.01,1102469724
PennyLane,0.44.1,lightning.qubit,all_to_all,10,5,20,200,50,10000,0.0009039472962550113,0.01,1102469724
PennyLane,0.44.1,lightning.qubit,all_to_all,10,5,21,210,50,10500,0.0009316978354169116,0.01,1102469724
PennyLane,0.44.1,lightning.qubit,all_to_all,10,5,22,220,50,11000,0.0010012064529308716,0.01,1102469724
PennyLane,0.44.1,lightning.qubit,all_to_all,10,5,23,230,50,11500,0.0010068276959455543,0.01,1102469724
PennyLane,0.44.1,lightning.qubit,all_to_all,10,5,24,240,50,12000,0.0009812025683967704,0.01,1102469724
PennyLane,0.44.1,lightning.qubit,all_to_all,10,5,25,250,50,12500,0.0010107185314988244,0.01,1102469724
PennyLane,0.44.1,lightning.qubit,all_to_all,10,5,26,260,50,13000,0.0009424065722485099,0.01,1102469724
PennyLane,0.44.1,lightning.qubit,all_to_all,10,5,27,270,50,13500,0.0010030298711474557,0.01,1102469724
PennyLane,0.44.1,lightning.qubit,all_to_all,10,5,28,280,50,14000,0.0009761659290131447,0.01,1102469724
PennyLane,0.44.1,lightning.qubit,all_to_all,10,5,29,290,50,14500,0.0009408923744225906,0.01,1102469724
PennyLane,0.44.1,lightning.qubit,all_to_all,10,5,30,300,50,15000,0.000940309888120531,0.01,1102469724
PennyLane,0.44.1,lightning.qubit,all_to_all,10,6,1,10,50,500,0.029662609251076222,0.01,3566191973
PennyLane,0.44.1,lightning.qubit,all_to_all,10,6,2,20,50,1000,0.030660347032538532,0.01,3566191973
PennyLane,0.44.1,lightning.qubit,all_to_all,10,6,3,30,50,1500,0.004000015570674833,0.01,3566191973
PennyLane,0.44.1,lightning.qubit,all_to_all,10,6,4,40,50,2000,0.0011346797084816624,0.01,3566191973
PennyLane,0.44.1,lightning.qubit,all_to_all,10,6,5,50,50,2500,0.001310454799901459,0.01,3566191973
PennyLane,0.44.1,lightning.qubit,all_to_all,10,6,6,60,50,3000,0.0015055615007614673,0.01,3566191973
PennyLane,0.44.1,lightning.qubit,all_to_all,10,6,7,70,50,3500,0.0014582476088481928,0.01,3566191973
PennyLane,0.44.1,lightning.qubit,all_to_all,10,6,8,80,50,4000,0.001175976909549267,0.01,3566191973
PennyLane,0.44.1,lightning.qubit,all_to_all,10,6,9,90,50,4500,0.001215346465939805,0.01,3566191973
PennyLane,0.44.1,lightning.qubit,all_to_all,10,6,10,100,50,5000,0.0011265579960390373,0.01,3566191973
PennyLane,0.44.1,lightning.qubit,all_to_all,10,6,11,110,50,5500,0.0012463870813475702,0.01,3566191973
PennyLane,0.44.1,lightning.qubit,all_to_all,10,6,12,120,50,6000,0.001098256156193083,0.01,3566191973
PennyLane,0.44.1,lightning.qubit,all_to_all,10,6,13,130,50,6500,0.0010464610879347992,0.01,3566191973
PennyLane,0.44.1,lightning.qubit,all_to_all,10,6,14,140,50,7000,0.0010626864395532182,0.01,3566191973
PennyLane,0.44.1,lightning.qubit,all_to_all,10,6,15,150,50,7500,0.0010155850727800232,0.01,3566191973
PennyLane,0.44.1,lightning.qubit,all_to_all,10,6,16,160,50,8000,0.0010280703769907824,0.01,3566191973
PennyLane,0.44.1,lightning.qubit,all_to_all,10,6,17,170,50,8500,0.000974958573143729,0.01,3566191973
PennyLane,0.44.1,lightning.qubit,all_to_all,10,6,18,180,50,9000,0.0009673393531520031,0.01,3566191973
PennyLane,0.44.1,lightning.qubit,all_to_all,10,6,19,190,50,9500,0.0009543973684827881,0.01,3566191973
PennyLane,0.44.1,lightning.qubit,all_to_all,10,6,20,200,50,10000,0.0008901939196035592,0.01,3566191973
PennyLane,0.44.1,lightning.qubit,all_to_all,10,6,21,210,50,10500,0.001032586323445161,0.01,3566191973
PennyLane,0.44.1,lightning.qubit,all_to_all,10,6,22,220,50,11000,0.0009997538449571302,0.01,3566191973
PennyLane,0.44.1,lightning.qubit,all_to_all,10,6,23,230,50,11500,0.0009943327220848911,0.01,3566191973
PennyLane,0.44.1,lightning.qubit,all_to_all,10,6,24,240,50,12000,0.0009698390424490366,0.01,3566191973
PennyLane,0.44.1,lightning.qubit,all_to_all,10,6,25,250,50,12500,0.0009991734686588983,0.01,3566191973
PennyLane,0.44.1,lightning.qubit,all_to_all,10,6,26,260,50,13000,0.0009682702470139974,0.01,3566191973
PennyLane,0.44.1,lightning.qubit,all_to_all,10,6,27,270,50,13500,0.0009784893997842935,0.01,3566191973
PennyLane,0.44.1,lightning.qubit,all_to_all,10,6,28,280,50,14000,0.0009775898012362439,0.01,3566191973
PennyLane,0.44.1,lightning.qubit,all_to_all,10,6,29,290,50,14500,0.0009291936068781849,0.01,3566191973
PennyLane,0.44.1,lightning.qubit,all_to_all,10,6,30,300,50,15000,0.000981555249227988,0.01,3566191973
PennyLane,0.44.1,lightning.qubit,all_to_all,10,8,1,10,50,500,0.029229038077520152,0.01,2042285985
PennyLane,0.44.1,lightning.qubit,all_to_all,10,8,2,20,50,1000,0.0035688391249334927,0.01,2042285985
PennyLane,0.44.1,lightning.qubit,all_to_all,10,8,3,30,50,1500,0.003536969161807422,0.01,2042285985
PennyLane,0.44.1,lightning.qubit,all_to_all,10,8,4,40,50,2000,0.0022905113300714175,0.01,2042285985
PennyLane,0.44.1,lightning.qubit,all_to_all,10,8,5,50,50,2500,0.0014630219464549122,0.01,2042285985
PennyLane,0.44.1,lightning.qubit,all_to_all,10,8,6,60,50,3000,0.0015745489789668454,0.01,2042285985
PennyLane,0.44.1,lightning.qubit,all_to_all,10,8,7,70,50,3500,0.0011740340885871333,0.01,2042285985
PennyLane,0.44.1,lightning.qubit,all_to_all,10,8,8,80,50,4000,0.001253503704411703,0.01,2042285985
PennyLane,0.44.1,lightning.qubit,all_to_all,10,8,9,90,50,4500,0.0011068581141612816,0.01,2042285985
PennyLane,0.44.1,lightning.qubit,all_to_all,10,8,10,100,50,5000,0.0012459759346082084,0.01,2042285985
PennyLane,0.44.1,lightning.qubit,all_to_all,10,8,11,110,50,5500,0.0011227273605336418,0.01,2042285985
PennyLane,0.44.1,lightning.qubit,all_to_all,10,8,12,120,50,6000,0.0010345250112345611,0.01,2042285985
PennyLane,0.44.1,lightning.qubit,all_to_all,10,8,13,130,50,6500,0.0010236989222739482,0.01,2042285985
PennyLane,0.44.1,lightning.qubit,all_to_all,10,8,14,140,50,7000,0.0010421072613762412,0.01,2042285985
PennyLane,0.44.1,lightning.qubit,all_to_all,10,8,15,150,50,7500,0.0010144919399169411,0.01,2042285985
PennyLane,0.44.1,lightning.qubit,all_to_all,10,8,16,160,50,8000,0.0010448706023509916,0.01,2042285985
PennyLane,0.44.1,lightning.qubit,all_to_all,10,8,17,170,50,8500,0.0009965314934145917,0.01,2042285985
PennyLane,0.44.1,lightning.qubit,all_to_all,10,8,18,180,50,9000,0.0009748616151968869,0.01,2042285985
PennyLane,0.44.1,lightning.qubit,all_to_all,10,8,19,190,50,9500,0.000944410988871847,0.01,2042285985
PennyLane,0.44.1,lightning.qubit,all_to_all,10,8,20,200,50,10000,0.0010196611694829219,0.01,2042285985
PennyLane,0.44.1,lightning.qubit,all_to_all,10,8,21,210,50,10500,0.0009916364659835826,0.01,2042285985
PennyLane,0.44.1,lightning.qubit,all_to_all,10,8,22,220,50,11000,0.0009938613485407954,0.01,2042285985
PennyLane,0.44.1,lightning.qubit,all_to_all,10,8,23,230,50,11500,0.0009791864205404629,0.01,2042285985
PennyLane,0.44.1,lightning.qubit,all_to_all,10,8,24,240,50,12000,0.001030312533959704,0.01,2042285985
PennyLane,0.44.1,lightning.qubit,all_to_all,10,8,25,250,50,12500,0.0009915537899114937,0.01,2042285985
PennyLane,0.44.1,lightning.qubit,all_to_all,10,8,26,260,50,13000,0.0009925661056086207,0.01,2042285985
PennyLane,0.44.1,lightning.qubit,all_to_all,10,8,27,270,50,13500,0.0009777245939895235,0.01,2042285985
PennyLane,0.44.1,lightning.qubit,all_to_all,10,8,28,280,50,14000,0.000966778304142516,0.01,2042285985
PennyLane,0.44.1,lightning.qubit,all_to_all,10,8,29,290,50,14500,0.0010157735064092034,0.01,2042285985
PennyLane,0.44.1,lightning.qubit,all_to_all,10,8,30,300,50,15000,0.0010213541761475698,0.01,2042285985
PennyLane,0.44.1,lightning.qubit,all_to_all,10,10,1,10,50,500,0.0187714256250947,0.01,2452073798
PennyLane,0.44.1,lightning.qubit,all_to_all,10,10,2,20,50,1000,0.007987768972475112,0.01,2452073798
PennyLane,0.44.1,lightning.qubit,all_to_all,10,10,3,30,50,1500,0.006834939104570325,0.01,2452073798
PennyLane,0.44.1,lightning.qubit,all_to_all,10,10,4,40,50,2000,0.0040725553979226855,0.01,2452073798
PennyLane,0.44.1,lightning.qubit,all_to_all,10,10,5,50,50,2500,0.00393527863815698,0.01,2452073798
PennyLane,0.44.1,lightning.qubit,all_to_all,10,10,6,60,50,3000,0.002242270212691103,0.01,2452073798
PennyLane,0.44.1,lightning.qubit,all_to_all,10,10,7,70,50,3500,0.0017638571924139706,0.01,2452073798
PennyLane,0.44.1,lightning.qubit,all_to_all,10,10,8,80,50,4000,0.0015030713810863263,0.01,2452073798
PennyLane,0.44.1,lightning.qubit,all_to_all,10,10,9,90,50,4500,0.0012618516387511052,0.01,2452073798
PennyLane,0.44.1,lightning.qubit,all_to_all,10,10,10,100,50,5000,0.0011540559591659008,0.01,2452073798
PennyLane,0.44.1,lightning.qubit,all_to_all,10,10,11,110,50,5500,0.0010315609509507695,0.01,2452073798
PennyLane,0.44.1,lightning.qubit,all_to_all,10,10,12,120,50,6000,0.0010548313286586483,0.01,2452073798
PennyLane,0.44.1,lightning.qubit,all_to_all,10,10,13,130,50,6500,0.0010621208494067261,0.01,2452073798
PennyLane,0.44.1,lightning.qubit,all_to_all,10,10,14,140,50,7000,0.000991242452741177,0.01,2452073798
PennyLane,0.44.1,lightning.qubit,all_to_all,10,10,15,150,50,7500,0.0010209312353430275,0.01,2452073798
PennyLane,0.44.1,lightning.qubit,all_to_all,10,10,16,160,50,8000,0.0009931515264510837,0.01,2452073798
PennyLane,0.44.1,lightning.qubit,all_to_all,10,10,17,170,50,8500,0.0009841153909042912,0.01,2452073798
PennyLane,0.44.1,lightning.qubit,all_to_all,10,10,18,180,50,9000,0.0009710648982246549,0.01,2452073798
PennyLane,0.44.1,lightning.qubit,all_to_all,10,10,19,190,50,9500,0.0009674843968597076,0.01,2452073798
PennyLane,0.44.1,lightning.qubit,all_to_all,10,10,20,200,50,10000,0.0009612708608606714,0.01,2452073798
PennyLane,0.44.1,lightning.qubit,all_to_all,10,10,21,210,50,10500,0.0009817577351926134,0.01,2452073798
PennyLane,0.44.1,lightning.qubit,all_to_all,10,10,22,220,50,11000,0.0009687529006302937,0.01,2452073798
PennyLane,0.44.1,lightning.qubit,all_to_all,10,10,23,230,50,11500,0.00097408621877251,0.01,2452073798
PennyLane,0.44.1,lightning.qubit,all_to_all,10,10,24,240,50,12000,0.0009689022264062839,0.01,2452073798
PennyLane,0.44.1,lightning.qubit,all_to_all,10,10,25,250,50,12500,0.0009750292827415245,0.01,2452073798
PennyLane,0.44.1,lightning.qubit,all_to_all,10,10,26,260,50,13000,0.0009714059199419419,0.01,2452073798
PennyLane,0.44.1,lightning.qubit,all_to_all,10,10,27,270,50,13500,0.0009542766413563331,0.01,2452073798
PennyLane,0.44.1,lightning.qubit,all_to_all,10,10,28,280,50,14000,0.0009761662385321038,0.01,2452073798
PennyLane,0.44.1,lightning.qubit,all_to_all,10,10,29,290,50,14500,0.0009724075869174596,0.01,2452073798
PennyLane,0.44.1,lightning.qubit,all_to_all,10,10,30,300,50,15000,0.0009715439648709907,0.01,2452073798
PennyLane,0.44.1,lightning.qubit,all_to_all,12,2,1,12,50,600,0.042518959631918526,0.01,681186522
PennyLane,0.44.1,lightning.qubit,all_to_all,12,2,2,24,50,1200,0.02389490821864303,0.01,681186522
PennyLane,0.44.1,lightning.qubit,all_to_all,12,2,3,36,50,1800,0.016001647798914997,0.01,681186522
PennyLane,0.44.1,lightning.qubit,all_to_all,12,2,4,48,50,2400,0.006520895021851996,0.01,681186522
PennyLane,0.44.1,lightning.qubit,all_to_all,12,2,5,60,50,3000,0.013139239709930185,0.01,681186522
PennyLane,0.44.1,lightning.qubit,all_to_all,12,2,6,72,50,3600,0.0009636703893125769,0.01,681186522
PennyLane,0.44.1,lightning.qubit,all_to_all,12,2,7,84,50,4200,0.0007033863923755776,0.01,681186522
PennyLane,0.44.1,lightning.qubit,all_to_all,12,2,8,96,50,4800,0.0005482930423238993,0.01,681186522
PennyLane,0.44.1,lightning.qubit,all_to_all,12,2,9,108,50,5400,0.00039291747417451335,0.01,681186522
PennyLane,0.44.1,lightning.qubit,all_to_all,12,2,10,120,50,6000,0.000352170536100796,0.01,681186522
PennyLane,0.44.1,lightning.qubit,all_to_all,12,2,11,132,50,6600,0.0003889052942114226,0.01,681186522
PennyLane,0.44.1,lightning.qubit,all_to_all,12,2,12,144,50,7200,0.0003081679592369287,0.01,681186522
PennyLane,0.44.1,lightning.qubit,all_to_all,12,2,13,156,50,7800,0.0002726219145946509,0.01,681186522
PennyLane,0.44.1,lightning.qubit,all_to_all,12,2,14,168,50,8400,0.00024244457343727076,0.01,681186522
PennyLane,0.44.1,lightning.qubit,all_to_all,12,2,15,180,50,9000,0.00023885814146702453,0.01,681186522
PennyLane,0.44.1,lightning.qubit,all_to_all,12,2,16,192,50,9600,0.00023534130734973786,0.01,681186522
PennyLane,0.44.1,lightning.qubit,all_to_all,12,2,17,204,50,10200,0.0002373009146627226,0.01,681186522
PennyLane,0.44.1,lightning.qubit,all_to_all,12,2,18,216,50,10800,0.0002499242745723427,0.01,681186522
PennyLane,0.44.1,lightning.qubit,all_to_all,12,2,19,228,50,11400,0.00024675946279851846,0.01,681186522
PennyLane,0.44.1,lightning.qubit,all_to_all,12,2,20,240,50,12000,0.00024653163806253605,0.01,681186522
PennyLane,0.44.1,lightning.qubit,all_to_all,12,2,21,252,50,12600,0.00023555275191953866,0.01,681186522
PennyLane,0.44.1,lightning.qubit,all_to_all,12,2,22,264,50,13200,0.0002250619912344169,0.01,681186522
PennyLane,0.44.1,lightning.qubit,all_to_all,12,2,23,276,50,13800,0.0002274744252281053,0.01,681186522
PennyLane,0.44.1,lightning.qubit,all_to_all,12,2,24,288,50,14400,0.00022584106840905908,0.01,681186522
PennyLane,0.44.1,lightning.qubit,all_to_all,12,2,25,300,50,15000,0.0002315992908243686,0.01,681186522
PennyLane,0.44.1,lightning.qubit,all_to_all,12,2,26,312,50,15600,0.00022996958584626837,0.01,681186522
PennyLane,0.44.1,lightning.qubit,all_to_all,12,2,27,324,50,16200,0.00021425605143612865,0.01,681186522
PennyLane,0.44.1,lightning.qubit,all_to_all,12,2,28,336,50,16800,0.00024095609286474794,0.01,681186522
PennyLane,0.44.1,lightning.qubit,all_to_all,12,2,29,348,50,17400,0.00023979175423527056,0.01,681186522
PennyLane,0.44.1,lightning.qubit,all_to_all,12,2,30,360,50,18000,0.00024424944823551493,0.01,681186522
PennyLane,0.44.1,lightning.qubit,all_to_all,12,3,1,12,50,600,0.025563467691638905,0.01,1791973407
PennyLane,0.44.1,lightning.qubit,all_to_all,12,3,2,24,50,1200,0.015596395547056975,0.01,1791973407
PennyLane,0.44.1,lightning.qubit,all_to_all,12,3,3,36,50,1800,0.008233904254940033,0.01,1791973407
PennyLane,0.44.1,lightning.qubit,all_to_all,12,3,4,48,50,2400,0.011905847728890794,0.01,1791973407
PennyLane,0.44.1,lightning.qubit,all_to_all,12,3,5,60,50,3000,0.004137561472960369,0.01,1791973407
PennyLane,0.44.1,lightning.qubit,all_to_all,12,3,6,72,50,3600,0.0005989543005533197,0.01,1791973407
PennyLane,0.44.1,lightning.qubit,all_to_all,12,3,7,84,50,4200,0.00046590123295627424,0.01,1791973407
PennyLane,0.44.1,lightning.qubit,all_to_all,12,3,8,96,50,4800,0.00035722503566229616,0.01,1791973407
PennyLane,0.44.1,lightning.qubit,all_to_all,12,3,9,108,50,5400,0.00035702826198889256,0.01,1791973407
PennyLane,0.44.1,lightning.qubit,all_to_all,12,3,10,120,50,6000,0.00034429985229246187,0.01,1791973407
PennyLane,0.44.1,lightning.qubit,all_to_all,12,3,11,132,50,6600,0.00041538400285181626,0.01,1791973407
PennyLane,0.44.1,lightning.qubit,all_to_all,12,3,12,144,50,7200,0.0002859397207425297,0.01,1791973407
PennyLane,0.44.1,lightning.qubit,all_to_all,12,3,13,156,50,7800,0.0002730458674005791,0.01,1791973407
PennyLane,0.44.1,lightning.qubit,all_to_all,12,3,14,168,50,8400,0.00025167197205978225,0.01,1791973407
PennyLane,0.44.1,lightning.qubit,all_to_all,12,3,15,180,50,9000,0.0002475248130308098,0.01,1791973407
PennyLane,0.44.1,lightning.qubit,all_to_all,12,3,16,192,50,9600,0.00022993646226468083,0.01,1791973407
PennyLane,0.44.1,lightning.qubit,all_to_all,12,3,17,204,50,10200,0.000242289670728661,0.01,1791973407
PennyLane,0.44.1,lightning.qubit,all_to_all,12,3,18,216,50,10800,0.0002470791612204258,0.01,1791973407
PennyLane,0.44.1,lightning.qubit,all_to_all,12,3,19,228,50,11400,0.00025318531059278284,0.01,1791973407
PennyLane,0.44.1,lightning.qubit,all_to_all,12,3,20,240,50,12000,0.0002404622643201435,0.01,1791973407
PennyLane,0.44.1,lightning.qubit,all_to_all,12,3,21,252,50,12600,0.00023605091392579666,0.01,1791973407
PennyLane,0.44.1,lightning.qubit,all_to_all,12,3,22,264,50,13200,0.00021567289260990613,0.01,1791973407
PennyLane,0.44.1,lightning.qubit,all_to_all,12,3,23,276,50,13800,0.00022538678685936757,0.01,1791973407
PennyLane,0.44.1,lightning.qubit,all_to_all,12,3,24,288,50,14400,0.00023690255384513424,0.01,1791973407
PennyLane,0.44.1,lightning.qubit,all_to_all,12,3,25,300,50,15000,0.0002372840115132525,0.01,1791973407
PennyLane,0.44.1,lightning.qubit,all_to_all,12,3,26,312,50,15600,0.00022488327252691618,0.01,1791973407
PennyLane,0.44.1,lightning.qubit,all_to_all,12,3,27,324,50,16200,0.00022933689250067023,0.01,1791973407
PennyLane,0.44.1,lightning.qubit,all_to_all,12,3,28,336,50,16800,0.0002478119116088725,0.01,1791973407
PennyLane,0.44.1,lightning.qubit,all_to_all,12,3,29,348,50,17400,0.00024899822093813194,0.01,1791973407
PennyLane,0.44.1,lightning.qubit,all_to_all,12,3,30,360,50,18000,0.00024320546098356705,0.01,1791973407
PennyLane,0.44.1,lightning.qubit,all_to_all,12,4,1,12,50,600,0.024677576808711396,0.01,1154891979
PennyLane,0.44.1,lightning.qubit,all_to_all,12,4,2,24,50,1200,0.00476668175018275,0.01,1154891979
PennyLane,0.44.1,lightning.qubit,all_to_all,12,4,3,36,50,1800,0.006915781217969384,0.01,1154891979
PennyLane,0.44.1,lightning.qubit,all_to_all,12,4,4,48,50,2400,0.01724879072712713,0.01,1154891979
PennyLane,0.44.1,lightning.qubit,all_to_all,12,4,5,60,50,3000,0.0009552858877666814,0.01,1154891979
PennyLane,0.44.1,lightning.qubit,all_to_all,12,4,6,72,50,3600,0.0004023467770797462,0.01,1154891979
PennyLane,0.44.1,lightning.qubit,all_to_all,12,4,7,84,50,4200,0.00037893547716951175,0.01,1154891979
PennyLane,0.44.1,lightning.qubit,all_to_all,12,4,8,96,50,4800,0.0003113159575413567,0.01,1154891979
PennyLane,0.44.1,lightning.qubit,all_to_all,12,4,9,108,50,5400,0.0003248435936426256,0.01,1154891979
PennyLane,0.44.1,lightning.qubit,all_to_all,12,4,10,120,50,6000,0.0003416949850883822,0.01,1154891979
PennyLane,0.44.1,lightning.qubit,all_to_all,12,4,11,132,50,6600,0.0003179710239265003,0.01,1154891979
PennyLane,0.44.1,lightning.qubit,all_to_all,12,4,12,144,50,7200,0.0002592856572579939,0.01,1154891979
PennyLane,0.44.1,lightning.qubit,all_to_all,12,4,13,156,50,7800,0.00025781625768212186,0.01,1154891979
PennyLane,0.44.1,lightning.qubit,all_to_all,12,4,14,168,50,8400,0.00024346889234251197,0.01,1154891979
PennyLane,0.44.1,lightning.qubit,all_to_all,12,4,15,180,50,9000,0.0002778654866707557,0.01,1154891979
PennyLane,0.44.1,lightning.qubit,all_to_all,12,4,16,192,50,9600,0.00024960404652025624,0.01,1154891979
PennyLane,0.44.1,lightning.qubit,all_to_all,12,4,17,204,50,10200,0.0002554513403363541,0.01,1154891979
PennyLane,0.44.1,lightning.qubit,all_to_all,12,4,18,216,50,10800,0.0002578731973147558,0.01,1154891979
PennyLane,0.44.1,lightning.qubit,all_to_all,12,4,19,228,50,11400,0.0002550575094228191,0.01,1154891979
PennyLane,0.44.1,lightning.qubit,all_to_all,12,4,20,240,50,12000,0.0002387134186703182,0.01,1154891979
PennyLane,0.44.1,lightning.qubit,all_to_all,12,4,21,252,50,12600,0.00023757761600294,0.01,1154891979
PennyLane,0.44.1,lightning.qubit,all_to_all,12,4,22,264,50,13200,0.00023272959391004082,0.01,1154891979
PennyLane,0.44.1,lightning.qubit,all_to_all,12,4,23,276,50,13800,0.00023832020280436356,0.01,1154891979
PennyLane,0.44.1,lightning.qubit,all_to_all,12,4,24,288,50,14400,0.0002452122200840731,0.01,1154891979
PennyLane,0.44.1,lightning.qubit,all_to_all,12,4,25,300,50,15000,0.00024134469453343304,0.01,1154891979
PennyLane,0.44.1,lightning.qubit,all_to_all,12,4,26,312,50,15600,0.00021162619536761425,0.01,1154891979
PennyLane,0.44.1,lightning.qubit,all_to_all,12,4,27,324,50,16200,0.00024738451746043313,0.01,1154891979
PennyLane,0.44.1,lightning.qubit,all_to_all,12,4,28,336,50,16800,0.00024583866481098275,0.01,1154891979
PennyLane,0.44.1,lightning.qubit,all_to_all,12,4,29,348,50,17400,0.0002526624691700964,0.01,1154891979
PennyLane,0.44.1,lightning.qubit,all_to_all,12,4,30,360,50,18000,0.00025220089649113795,0.01,1154891979
PennyLane,0.44.1,lightning.qubit,all_to_all,12,5,1,12,50,600,0.009917510684410102,0.01,4107294500
PennyLane,0.44.1,lightning.qubit,all_to_all,12,5,2,24,50,1200,0.007669531442488798,0.01,4107294500
PennyLane,0.44.1,lightning.qubit,all_to_all,12,5,3,36,50,1800,0.015364299110457686,0.01,4107294500
PennyLane,0.44.1,lightning.qubit,all_to_all,12,5,4,48,50,2400,0.004293694635526877,0.01,4107294500
PennyLane,0.44.1,lightning.qubit,all_to_all,12,5,5,60,50,3000,0.0006145140263169656,0.01,4107294500
PennyLane,0.44.1,lightning.qubit,all_to_all,12,5,6,72,50,3600,0.0004484949888012603,0.01,4107294500
PennyLane,0.44.1,lightning.qubit,all_to_all,12,5,7,84,50,4200,0.00027114407377598523,0.01,4107294500
PennyLane,0.44.1,lightning.qubit,all_to_all,12,5,8,96,50,4800,0.0003309163654785093,0.01,4107294500
PennyLane,0.44.1,lightning.qubit,all_to_all,12,5,9,108,50,5400,0.00037895729761683685,0.01,4107294500
PennyLane,0.44.1,lightning.qubit,all_to_all,12,5,10,120,50,6000,0.00034801309142272875,0.01,4107294500
PennyLane,0.44.1,lightning.qubit,all_to_all,12,5,11,132,50,6600,0.00027598987776516733,0.01,4107294500
PennyLane,0.44.1,lightning.qubit,all_to_all,12,5,12,144,50,7200,0.00025543339966453465,0.01,4107294500
PennyLane,0.44.1,lightning.qubit,all_to_all,12,5,13,156,50,7800,0.0002606912960860219,0.01,4107294500
PennyLane,0.44.1,lightning.qubit,all_to_all,12,5,14,168,50,8400,0.0002491344696952012,0.01,4107294500
PennyLane,0.44.1,lightning.qubit,all_to_all,12,5,15,180,50,9000,0.00023724813871335294,0.01,4107294500
PennyLane,0.44.1,lightning.qubit,all_to_all,12,5,16,192,50,9600,0.00024291063262608326,0.01,4107294500
PennyLane,0.44.1,lightning.qubit,all_to_all,12,5,17,204,50,10200,0.0002562374159739551,0.01,4107294500
PennyLane,0.44.1,lightning.qubit,all_to_all,12,5,18,216,50,10800,0.0002520107654909585,0.01,4107294500
PennyLane,0.44.1,lightning.qubit,all_to_all,12,5,19,228,50,11400,0.0002501193546032925,0.01,4107294500
PennyLane,0.44.1,lightning.qubit,all_to_all,12,5,20,240,50,12000,0.00024203064319996466,0.01,4107294500
PennyLane,0.44.1,lightning.qubit,all_to_all,12,5,21,252,50,12600,0.00022447016315186468,0.01,4107294500
PennyLane,0.44.1,lightning.qubit,all_to_all,12,5,22,264,50,13200,0.0002415816117612231,0.01,4107294500
PennyLane,0.44.1,lightning.qubit,all_to_all,12,5,23,276,50,13800,0.00024056339189148962,0.01,4107294500
PennyLane,0.44.1,lightning.qubit,all_to_all,12,5,24,288,50,14400,0.0002440736009157933,0.01,4107294500
PennyLane,0.44.1,lightning.qubit,all_to_all,12,5,25,300,50,15000,0.0002324178109686829,0.01,4107294500
PennyLane,0.44.1,lightning.qubit,all_to_all,12,5,26,312,50,15600,0.0002340665713448656,0.01,4107294500
PennyLane,0.44.1,lightning.qubit,all_to_all,12,5,27,324,50,16200,0.000247456937150201,0.01,4107294500
PennyLane,0.44.1,lightning.qubit,all_to_all,12,5,28,336,50,16800,0.00024994787847382654,0.01,4107294500
PennyLane,0.44.1,lightning.qubit,all_to_all,12,5,29,348,50,17400,0.00024913139058481225,0.01,4107294500
PennyLane,0.44.1,lightning.qubit,all_to_all,12,5,30,360,50,18000,0.0002416130080608538,0.01,4107294500
PennyLane,0.44.1,lightning.qubit,all_to_all,12,6,1,12,50,600,0.014759576226391312,0.01,2065370053
PennyLane,0.44.1,lightning.qubit,all_to_all,12,6,2,24,50,1200,0.01554869669315171,0.01,2065370053
PennyLane,0.44.1,lightning.qubit,all_to_all,12,6,3,36,50,1800,0.02190530295644046,0.01,2065370053
PennyLane,0.44.1,lightning.qubit,all_to_all,12,6,4,48,50,2400,0.0009645208035445761,0.01,2065370053
PennyLane,0.44.1,lightning.qubit,all_to_all,12,6,5,60,50,3000,0.0004927028844827962,0.01,2065370053
PennyLane,0.44.1,lightning.qubit,all_to_all,12,6,6,72,50,3600,0.0003501155831923494,0.01,2065370053
PennyLane,0.44.1,lightning.qubit,all_to_all,12,6,7,84,50,4200,0.0003413679002683089,0.01,2065370053
PennyLane,0.44.1,lightning.qubit,all_to_all,12,6,8,96,50,4800,0.00039869578801643267,0.01,2065370053
PennyLane,0.44.1,lightning.qubit,all_to_all,12,6,9,108,50,5400,0.00033023107848500566,0.01,2065370053
PennyLane,0.44.1,lightning.qubit,all_to_all,12,6,10,120,50,6000,0.0003498379853060157,0.01,2065370053
PennyLane,0.44.1,lightning.qubit,all_to_all,12,6,11,132,50,6600,0.00027984025067934203,0.01,2065370053
PennyLane,0.44.1,lightning.qubit,all_to_all,12,6,12,144,50,7200,0.0002739380860493817,0.01,2065370053
PennyLane,0.44.1,lightning.qubit,all_to_all,12,6,13,156,50,7800,0.00024377807203549345,0.01,2065370053
PennyLane,0.44.1,lightning.qubit,all_to_all,12,6,14,168,50,8400,0.00025889235628325907,0.01,2065370053
PennyLane,0.44.1,lightning.qubit,all_to_all,12,6,15,180,50,9000,0.0002639849572144097,0.01,2065370053
PennyLane,0.44.1,lightning.qubit,all_to_all,12,6,16,192,50,9600,0.0002596405027242021,0.01,2065370053
PennyLane,0.44.1,lightning.qubit,all_to_all,12,6,17,204,50,10200,0.00025693542266754183,0.01,2065370053
PennyLane,0.44.1,lightning.qubit,all_to_all,12,6,18,216,50,10800,0.00025558897752971555,0.01,2065370053
PennyLane,0.44.1,lightning.qubit,all_to_all,12,6,19,228,50,11400,0.00025874497491816837,0.01,2065370053
PennyLane,0.44.1,lightning.qubit,all_to_all,12,6,20,240,50,12000,0.0002404361275738561,0.01,2065370053
PennyLane,0.44.1,lightning.qubit,all_to_all,12,6,21,252,50,12600,0.00024001987669526037,0.01,2065370053
PennyLane,0.44.1,lightning.qubit,all_to_all,12,6,22,264,50,13200,0.0002507031327810841,0.01,2065370053
PennyLane,0.44.1,lightning.qubit,all_to_all,12,6,23,276,50,13800,0.00024181311481171272,0.01,2065370053
PennyLane,0.44.1,lightning.qubit,all_to_all,12,6,24,288,50,14400,0.0002418309733662461,0.01,2065370053
PennyLane,0.44.1,lightning.qubit,all_to_all,12,6,25,300,50,15000,0.00021943695917753353,0.01,2065370053
PennyLane,0.44.1,lightning.qubit,all_to_all,12,6,26,312,50,15600,0.0002421838605667863,0.01,2065370053
PennyLane,0.44.1,lightning.qubit,all_to_all,12,6,27,324,50,16200,0.00025496654281823223,0.01,2065370053
PennyLane,0.44.1,lightning.qubit,all_to_all,12,6,28,336,50,16800,0.0002486916030044062,0.01,2065370053
PennyLane,0.44.1,lightning.qubit,all_to_all,12,6,29,348,50,17400,0.00024763463155690627,0.01,2065370053
PennyLane,0.44.1,lightning.qubit,all_to_all,12,6,30,360,50,18000,0.00024833659429339893,0.01,2065370053
PennyLane,0.44.1,lightning.qubit,all_to_all,12,8,1,12,50,600,0.015934616633460325,0.01,4099531329
PennyLane,0.44.1,lightning.qubit,all_to_all,12,8,2,24,50,1200,0.013766504061928682,0.01,4099531329
PennyLane,0.44.1,lightning.qubit,all_to_all,12,8,3,36,50,1800,0.0007250592463241851,0.01,4099531329
PennyLane,0.44.1,lightning.qubit,all_to_all,12,8,4,48,50,2400,0.0005904746616848813,0.01,4099531329
PennyLane,0.44.1,lightning.qubit,all_to_all,12,8,5,60,50,3000,0.00042680831538816424,0.01,4099531329
PennyLane,0.44.1,lightning.qubit,all_to_all,12,8,6,72,50,3600,0.00037253796452368855,0.01,4099531329
PennyLane,0.44.1,lightning.qubit,all_to_all,12,8,7,84,50,4200,0.000391925100749347,0.01,4099531329
PennyLane,0.44.1,lightning.qubit,all_to_all,12,8,8,96,50,4800,0.0003720695375391294,0.01,4099531329
PennyLane,0.44.1,lightning.qubit,all_to_all,12,8,9,108,50,5400,0.00030201590995425625,0.01,4099531329
PennyLane,0.44.1,lightning.qubit,all_to_all,12,8,10,120,50,6000,0.00028995808429901275,0.01,4099531329
PennyLane,0.44.1,lightning.qubit,all_to_all,12,8,11,132,50,6600,0.0002912203735450744,0.01,4099531329
PennyLane,0.44.1,lightning.qubit,all_to_all,12,8,12,144,50,7200,0.00024191957572520037,0.01,4099531329
PennyLane,0.44.1,lightning.qubit,all_to_all,12,8,13,156,50,7800,0.0002602325047262436,0.01,4099531329
PennyLane,0.44.1,lightning.qubit,all_to_all,12,8,14,168,50,8400,0.00025634056418553887,0.01,4099531329
PennyLane,0.44.1,lightning.qubit,all_to_all,12,8,15,180,50,9000,0.0002625087950259094,0.01,4099531329
PennyLane,0.44.1,lightning.qubit,all_to_all,12,8,16,192,50,9600,0.00025941842734857295,0.01,4099531329
PennyLane,0.44.1,lightning.qubit,all_to_all,12,8,17,204,50,10200,0.00025544991857180346,0.01,4099531329
PennyLane,0.44.1,lightning.qubit,all_to_all,12,8,18,216,50,10800,0.0002478994311799065,0.01,4099531329
PennyLane,0.44.1,lightning.qubit,all_to_all,12,8,19,228,50,11400,0.0002506882723710845,0.01,4099531329
PennyLane,0.44.1,lightning.qubit,all_to_all,12,8,20,240,50,12000,0.0002485849160409108,0.01,4099531329
PennyLane,0.44.1,lightning.qubit,all_to_all,12,8,21,252,50,12600,0.00025433698953876736,0.01,4099531329
PennyLane,0.44.1,lightning.qubit,all_to_all,12,8,22,264,50,13200,0.00024220446780532856,0.01,4099531329
PennyLane,0.44.1,lightning.qubit,all_to_all,12,8,23,276,50,13800,0.00024153971404888654,0.01,4099531329
PennyLane,0.44.1,lightning.qubit,all_to_all,12,8,24,288,50,14400,0.0002299616951789335,0.01,4099531329
PennyLane,0.44.1,lightning.qubit,all_to_all,12,8,25,300,50,15000,0.0002512165951917178,0.01,4099531329
PennyLane,0.44.1,lightning.qubit,all_to_all,12,8,26,312,50,15600,0.00025282091192751387,0.01,4099531329
PennyLane,0.44.1,lightning.qubit,all_to_all,12,8,27,324,50,16200,0.0002545575328866423,0.01,4099531329
PennyLane,0.44.1,lightning.qubit,all_to_all,12,8,28,336,50,16800,0.00025240150417139595,0.01,4099531329
PennyLane,0.44.1,lightning.qubit,all_to_all,12,8,29,348,50,17400,0.00024541376782140795,0.01,4099531329
PennyLane,0.44.1,lightning.qubit,all_to_all,12,8,30,360,50,18000,0.0002504402598205979,0.01,4099531329
PennyLane,0.44.1,lightning.qubit,all_to_all,12,10,1,12,50,600,0.010481925669706016,0.01,3819871379
PennyLane,0.44.1,lightning.qubit,all_to_all,12,10,2,24,50,1200,0.0009419457062753423,0.01,3819871379
PennyLane,0.44.1,lightning.qubit,all_to_all,12,10,3,36,50,1800,0.001178996392399185,0.01,3819871379
PennyLane,0.44.1,lightning.qubit,all_to_all,12,10,4,48,50,2400,0.0010068973074291096,0.01,3819871379
PennyLane,0.44.1,lightning.qubit,all_to_all,12,10,5,60,50,3000,0.0006725245943282419,0.01,3819871379
PennyLane,0.44.1,lightning.qubit,all_to_all,12,10,6,72,50,3600,0.0004175857332979472,0.01,3819871379
PennyLane,0.44.1,lightning.qubit,all_to_all,12,10,7,84,50,4200,0.0004371847956618045,0.01,3819871379
PennyLane,0.44.1,lightning.qubit,all_to_all,12,10,8,96,50,4800,0.00033810358511220085,0.01,3819871379
PennyLane,0.44.1,lightning.qubit,all_to_all,12,10,9,108,50,5400,0.00030010350186669016,0.01,3819871379
PennyLane,0.44.1,lightning.qubit,all_to_all,12,10,10,120,50,6000,0.0002744023879655196,0.01,3819871379
PennyLane,0.44.1,lightning.qubit,all_to_all,12,10,11,132,50,6600,0.0002756392417653319,0.01,3819871379
PennyLane,0.44.1,lightning.qubit,all_to_all,12,10,12,144,50,7200,0.0002653613462998791,0.01,3819871379
PennyLane,0.44.1,lightning.qubit,all_to_all,12,10,13,156,50,7800,0.0002550772186238415,0.01,3819871379
PennyLane,0.44.1,lightning.qubit,all_to_all,12,10,14,168,50,8400,0.0002640980708197021,0.01,3819871379
PennyLane,0.44.1,lightning.qubit,all_to_all,12,10,15,180,50,9000,0.000262061645947482,0.01,3819871379
PennyLane,0.44.1,lightning.qubit,all_to_all,12,10,16,192,50,9600,0.00027215736777934336,0.01,3819871379
PennyLane,0.44.1,lightning.qubit,all_to_all,12,10,17,204,50,10200,0.0002618080449483061,0.01,3819871379
PennyLane,0.44.1,lightning.qubit,all_to_all,12,10,18,216,50,10800,0.0002534792261383371,0.01,3819871379
PennyLane,0.44.1,lightning.qubit,all_to_all,12,10,19,228,50,11400,0.0002553652892529086,0.01,3819871379
PennyLane,0.44.1,lightning.qubit,all_to_all,12,10,20,240,50,12000,0.0002461628246336796,0.01,3819871379
PennyLane,0.44.1,lightning.qubit,all_to_all,12,10,21,252,50,12600,0.0002502106053252906,0.01,3819871379
PennyLane,0.44.1,lightning.qubit,all_to_all,12,10,22,264,50,13200,0.00024857929172346127,0.01,3819871379
PennyLane,0.44.1,lightning.qubit,all_to_all,12,10,23,276,50,13800,0.00023950877839537546,0.01,3819871379
PennyLane,0.44.1,lightning.qubit,all_to_all,12,10,24,288,50,14400,0.00025283373003486876,0.01,3819871379
PennyLane,0.44.1,lightning.qubit,all_to_all,12,10,25,300,50,15000,0.0002500143785089199,0.01,3819871379
PennyLane,0.44.1,lightning.qubit,all_to_all,12,10,26,312,50,15600,0.0002504012502178823,0.01,3819871379
PennyLane,0.44.1,lightning.qubit,all_to_all,12,10,27,324,50,16200,0.00025246759907617515,0.01,3819871379
PennyLane,0.44.1,lightning.qubit,all_to_all,12,10,28,336,50,16800,0.0002560498396844064,0.01,3819871379
PennyLane,0.44.1,lightning.qubit,all_to_all,12,10,29,348,50,17400,0.00024994310600290906,0.01,3819871379
PennyLane,0.44.1,lightning.qubit,all_to_all,12,10,30,360,50,18000,0.0002464804863325006,0.01,3819871379
PennyLane,0.44.1,lightning.qubit,all_to_all,12,12,1,12,50,600,0.007377065130127877,0.01,1335739090
PennyLane,0.44.1,lightning.qubit,all_to_all,12,12,2,24,50,1200,0.003201721178519824,0.01,1335739090
PennyLane,0.44.1,lightning.qubit,all_to_all,12,12,3,36,50,1800,0.0020185170183644216,0.01,1335739090
PennyLane,0.44.1,lightning.qubit,all_to_all,12,12,4,48,50,2400,0.0017711459888671006,0.01,1335739090
PennyLane,0.44.1,lightning.qubit,all_to_all,12,12,5,60,50,3000,0.0013646865157644092,0.01,1335739090
PennyLane,0.44.1,lightning.qubit,all_to_all,12,12,6,72,50,3600,0.0008643479932190451,0.01,1335739090
PennyLane,0.44.1,lightning.qubit,all_to_all,12,12,7,84,50,4200,0.0004852527758147229,0.01,1335739090
PennyLane,0.44.1,lightning.qubit,all_to_all,12,12,8,96,50,4800,0.0004748909842785568,0.01,1335739090
PennyLane,0.44.1,lightning.qubit,all_to_all,12,12,9,108,50,5400,0.00040447683067110213,0.01,1335739090
PennyLane,0.44.1,lightning.qubit,all_to_all,12,12,10,120,50,6000,0.0003021441940363561,0.01,1335739090
PennyLane,0.44.1,lightning.qubit,all_to_all,12,12,11,132,50,6600,0.00028136019212297576,0.01,1335739090
PennyLane,0.44.1,lightning.qubit,all_to_all,12,12,12,144,50,7200,0.00026331060496313715,0.01,1335739090
PennyLane,0.44.1,lightning.qubit,all_to_all,12,12,13,156,50,7800,0.00024602714364159055,0.01,1335739090
PennyLane,0.44.1,lightning.qubit,all_to_all,12,12,14,168,50,8400,0.00025421827292494893,0.01,1335739090
PennyLane,0.44.1,lightning.qubit,all_to_all,12,12,15,180,50,9000,0.0002479491371449385,0.01,1335739090
PennyLane,0.44.1,lightning.qubit,all_to_all,12,12,16,192,50,9600,0.0002461632501122291,0.01,1335739090
PennyLane,0.44.1,lightning.qubit,all_to_all,12,12,17,204,50,10200,0.000246825286274986,0.01,1335739090
PennyLane,0.44.1,lightning.qubit,all_to_all,12,12,18,216,50,10800,0.0002452922239071888,0.01,1335739090
PennyLane,0.44.1,lightning.qubit,all_to_all,12,12,19,228,50,11400,0.0002449360015573663,0.01,1335739090
PennyLane,0.44.1,lightning.qubit,all_to_all,12,12,20,240,50,12000,0.00024915723570345286,0.01,1335739090
PennyLane,0.44.1,lightning.qubit,all_to_all,12,12,21,252,50,12600,0.00024551396262089813,0.01,1335739090
PennyLane,0.44.1,lightning.qubit,all_to_all,12,12,22,264,50,13200,0.00024559734824351645,0.01,1335739090
PennyLane,0.44.1,lightning.qubit,all_to_all,12,12,23,276,50,13800,0.00024804221478582223,0.01,1335739090
PennyLane,0.44.1,lightning.qubit,all_to_all,12,12,24,288,50,14400,0.00024332383076085972,0.01,1335739090
PennyLane,0.44.1,lightning.qubit,all_to_all,12,12,25,300,50,15000,0.00024102141509333046,0.01,1335739090
PennyLane,0.44.1,lightning.qubit,all_to_all,12,12,26,312,50,15600,0.00024382390414597472,0.01,1335739090
PennyLane,0.44.1,lightning.qubit,all_to_all,12,12,27,324,50,16200,0.0002480681332384167,0.01,1335739090
PennyLane,0.44.1,lightning.qubit,all_to_all,12,12,28,336,50,16800,0.0002500176212018716,0.01,1335739090
PennyLane,0.44.1,lightning.qubit,all_to_all,12,12,29,348,50,17400,0.0002464468093804716,0.01,1335739090
PennyLane,0.44.1,lightning.qubit,all_to_all,12,12,30,360,50,18000,0.00024739588736857833,0.01,1335739090
PennyLane,0.44.1,lightning.qubit,all_to_all,14,2,1,14,50,700,0.036080838943311766,0.01,1468905026
PennyLane,0.44.1,lightning.qubit,all_to_all,14,2,2,28,50,1400,0.023875590791455226,0.01,1468905026
PennyLane,0.44.1,lightning.qubit,all_to_all,14,2,3,42,50,2100,0.012509015029182877,0.01,1468905026
PennyLane,0.44.1,lightning.qubit,all_to_all,14,2,4,56,50,2800,0.006014761668175122,0.01,1468905026
PennyLane,0.44.1,lightning.qubit,all_to_all,14,2,5,70,50,3500,0.003501954807970288,0.01,1468905026
PennyLane,0.44.1,lightning.qubit,all_to_all,14,2,6,84,50,4200,0.0064241755799534245,0.01,1468905026
PennyLane,0.44.1,lightning.qubit,all_to_all,14,2,7,98,50,4900,0.00033775145472713367,0.01,1468905026
PennyLane,0.44.1,lightning.qubit,all_to_all,14,2,8,112,50,5600,0.0001994660422875725,0.01,1468905026
PennyLane,0.44.1,lightning.qubit,all_to_all,14,2,9,126,50,6300,0.00012471783930000985,0.01,1468905026
PennyLane,0.44.1,lightning.qubit,all_to_all,14,2,10,140,50,7000,9.106231863451602e-05,0.01,1468905026
PennyLane,0.44.1,lightning.qubit,all_to_all,14,2,11,154,50,7700,8.328505843078227e-05,0.01,1468905026
PennyLane,0.44.1,lightning.qubit,all_to_all,14,2,12,168,50,8400,7.658214395384901e-05,0.01,1468905026
PennyLane,0.44.1,lightning.qubit,all_to_all,14,2,13,182,50,9100,7.852272261160386e-05,0.01,1468905026
PennyLane,0.44.1,lightning.qubit,all_to_all,14,2,14,196,50,9800,7.344965361700067e-05,0.01,1468905026
PennyLane,0.44.1,lightning.qubit,all_to_all,14,2,15,210,50,10500,6.476548896770292e-05,0.01,1468905026
PennyLane,0.44.1,lightning.qubit,all_to_all,14,2,16,224,50,11200,5.7119543529269694e-05,0.01,1468905026
PennyLane,0.44.1,lightning.qubit,all_to_all,14,2,17,238,50,11900,5.790311775123383e-05,0.01,1468905026
PennyLane,0.44.1,lightning.qubit,all_to_all,14,2,18,252,50,12600,5.627930268038498e-05,0.01,1468905026
PennyLane,0.44.1,lightning.qubit,all_to_all,14,2,19,266,50,13300,5.496629864315711e-05,0.01,1468905026
PennyLane,0.44.1,lightning.qubit,all_to_all,14,2,20,280,50,14000,5.929426974956279e-05,0.01,1468905026
PennyLane,0.44.1,lightning.qubit,all_to_all,14,2,21,294,50,14700,5.839656237990144e-05,0.01,1468905026
PennyLane,0.44.1,lightning.qubit,all_to_all,14,2,22,308,50,15400,6.142065207841876e-05,0.01,1468905026
PennyLane,0.44.1,lightning.qubit,all_to_all,14,2,23,322,50,16100,5.982275119739976e-05,0.01,1468905026
PennyLane,0.44.1,lightning.qubit,all_to_all,14,2,24,336,50,16800,6.091548056067938e-05,0.01,1468905026
PennyLane,0.44.1,lightning.qubit,all_to_all,14,2,25,350,50,17500,5.874889604657655e-05,0.01,1468905026
PennyLane,0.44.1,lightning.qubit,all_to_all,14,2,26,364,50,18200,5.561272579149819e-05,0.01,1468905026
PennyLane,0.44.1,lightning.qubit,all_to_all,14,2,27,378,50,18900,5.550102201508636e-05,0.01,1468905026
PennyLane,0.44.1,lightning.qubit,all_to_all,14,2,28,392,50,19600,5.6071506930837835e-05,0.01,1468905026
PennyLane,0.44.1,lightning.qubit,all_to_all,14,2,29,406,50,20300,5.7667572961763845e-05,0.01,1468905026
PennyLane,0.44.1,lightning.qubit,all_to_all,14,2,30,420,50,21000,5.705511897982256e-05,0.01,1468905026
PennyLane,0.44.1,lightning.qubit,all_to_all,14,3,1,14,50,700,0.02749421903723615,0.01,1624422762
PennyLane,0.44.1,lightning.qubit,all_to_all,14,3,2,28,50,1400,0.013112769733300276,0.01,1624422762
PennyLane,0.44.1,lightning.qubit,all_to_all,14,3,3,42,50,2100,0.005950024898685809,0.01,1624422762
PennyLane,0.44.1,lightning.qubit,all_to_all,14,3,4,56,50,2800,0.002279420645399537,0.01,1624422762
PennyLane,0.44.1,lightning.qubit,all_to_all,14,3,5,70,50,3500,0.006288549061321876,0.01,1624422762
PennyLane,0.44.1,lightning.qubit,all_to_all,14,3,6,84,50,4200,0.0020400782647563534,0.01,1624422762
PennyLane,0.44.1,lightning.qubit,all_to_all,14,3,7,98,50,4900,0.0002412657867298927,0.01,1624422762
PennyLane,0.44.1,lightning.qubit,all_to_all,14,3,8,112,50,5600,0.00011026952287968047,0.01,1624422762
PennyLane,0.44.1,lightning.qubit,all_to_all,14,3,9,126,50,6300,9.183868080615108e-05,0.01,1624422762
PennyLane,0.44.1,lightning.qubit,all_to_all,14,3,10,140,50,7000,7.976117245490128e-05,0.01,1624422762
PennyLane,0.44.1,lightning.qubit,all_to_all,14,3,11,154,50,7700,7.267299595937179e-05,0.01,1624422762
PennyLane,0.44.1,lightning.qubit,all_to_all,14,3,12,168,50,8400,7.733122586988164e-05,0.01,1624422762
PennyLane,0.44.1,lightning.qubit,all_to_all,14,3,13,182,50,9100,0.00011541667220819173,0.01,1624422762
PennyLane,0.44.1,lightning.qubit,all_to_all,14,3,14,196,50,9800,7.230876382736247e-05,0.01,1624422762
PennyLane,0.44.1,lightning.qubit,all_to_all,14,3,15,210,50,10500,5.8894710527355135e-05,0.01,1624422762
PennyLane,0.44.1,lightning.qubit,all_to_all,14,3,16,224,50,11200,5.827507250023421e-05,0.01,1624422762
PennyLane,0.44.1,lightning.qubit,all_to_all,14,3,17,238,50,11900,5.974671188686733e-05,0.01,1624422762
PennyLane,0.44.1,lightning.qubit,all_to_all,14,3,18,252,50,12600,5.345548908222447e-05,0.01,1624422762
PennyLane,0.44.1,lightning.qubit,all_to_all,14,3,19,266,50,13300,5.548479353241568e-05,0.01,1624422762
PennyLane,0.44.1,lightning.qubit,all_to_all,14,3,20,280,50,14000,6.034966799199033e-05,0.01,1624422762
PennyLane,0.44.1,lightning.qubit,all_to_all,14,3,21,294,50,14700,6.032533758335046e-05,0.01,1624422762
PennyLane,0.44.1,lightning.qubit,all_to_all,14,3,22,308,50,15400,6.179673671036108e-05,0.01,1624422762
PennyLane,0.44.1,lightning.qubit,all_to_all,14,3,23,322,50,16100,6.069710812554581e-05,0.01,1624422762
PennyLane,0.44.1,lightning.qubit,all_to_all,14,3,24,336,50,16800,5.928153351185254e-05,0.01,1624422762
PennyLane,0.44.1,lightning.qubit,all_to_all,14,3,25,350,50,17500,5.995543239070449e-05,0.01,1624422762
PennyLane,0.44.1,lightning.qubit,all_to_all,14,3,26,364,50,18200,5.548610142716352e-05,0.01,1624422762
PennyLane,0.44.1,lightning.qubit,all_to_all,14,3,27,378,50,18900,5.799351697203054e-05,0.01,1624422762
PennyLane,0.44.1,lightning.qubit,all_to_all,14,3,28,392,50,19600,5.8444533096117785e-05,0.01,1624422762
PennyLane,0.44.1,lightning.qubit,all_to_all,14,3,29,406,50,20300,5.851389183742316e-05,0.01,1624422762
PennyLane,0.44.1,lightning.qubit,all_to_all,14,3,30,420,50,21000,5.9866533606080104e-05,0.01,1624422762
PennyLane,0.44.1,lightning.qubit,all_to_all,14,4,1,14,50,700,0.017375887252564764,0.01,4196839742
PennyLane,0.44.1,lightning.qubit,all_to_all,14,4,2,28,50,1400,0.005551025578667595,0.01,4196839742
PennyLane,0.44.1,lightning.qubit,all_to_all,14,4,3,42,50,2100,0.0026813918492580085,0.01,4196839742
PennyLane,0.44.1,lightning.qubit,all_to_all,14,4,4,56,50,2800,0.002079045129740237,0.01,4196839742
PennyLane,0.44.1,lightning.qubit,all_to_all,14,4,5,70,50,3500,0.010696006659277758,0.01,4196839742
PennyLane,0.44.1,lightning.qubit,all_to_all,14,4,6,84,50,4200,0.0003124033880410273,0.01,4196839742
PennyLane,0.44.1,lightning.qubit,all_to_all,14,4,7,98,50,4900,0.00010152109438956982,0.01,4196839742
PennyLane,0.44.1,lightning.qubit,all_to_all,14,4,8,112,50,5600,9.273848297276317e-05,0.01,4196839742
PennyLane,0.44.1,lightning.qubit,all_to_all,14,4,9,126,50,6300,7.56533863838193e-05,0.01,4196839742
PennyLane,0.44.1,lightning.qubit,all_to_all,14,4,10,140,50,7000,6.940109148135271e-05,0.01,4196839742
PennyLane,0.44.1,lightning.qubit,all_to_all,14,4,11,154,50,7700,8.503197256470154e-05,0.01,4196839742
PennyLane,0.44.1,lightning.qubit,all_to_all,14,4,12,168,50,8400,7.490641130163525e-05,0.01,4196839742
PennyLane,0.44.1,lightning.qubit,all_to_all,14,4,13,182,50,9100,7.539651035556366e-05,0.01,4196839742
PennyLane,0.44.1,lightning.qubit,all_to_all,14,4,14,196,50,9800,6.511676926798708e-05,0.01,4196839742
PennyLane,0.44.1,lightning.qubit,all_to_all,14,4,15,210,50,10500,6.183227466588625e-05,0.01,4196839742
PennyLane,0.44.1,lightning.qubit,all_to_all,14,4,16,224,50,11200,6.045890065707761e-05,0.01,4196839742
PennyLane,0.44.1,lightning.qubit,all_to_all,14,4,17,238,50,11900,5.9386512076255575e-05,0.01,4196839742
PennyLane,0.44.1,lightning.qubit,all_to_all,14,4,18,252,50,12600,5.7001020430726445e-05,0.01,4196839742
PennyLane,0.44.1,lightning.qubit,all_to_all,14,4,19,266,50,13300,6.0738097734292e-05,0.01,4196839742
PennyLane,0.44.1,lightning.qubit,all_to_all,14,4,20,280,50,14000,6.054957030650793e-05,0.01,4196839742
PennyLane,0.44.1,lightning.qubit,all_to_all,14,4,21,294,50,14700,6.270067291690948e-05,0.01,4196839742
PennyLane,0.44.1,lightning.qubit,all_to_all,14,4,22,308,50,15400,6.153599024945837e-05,0.01,4196839742
PennyLane,0.44.1,lightning.qubit,all_to_all,14,4,23,322,50,16100,6.259238005378509e-05,0.01,4196839742
PennyLane,0.44.1,lightning.qubit,all_to_all,14,4,24,336,50,16800,6.010102997844936e-05,0.01,4196839742
PennyLane,0.44.1,lightning.qubit,all_to_all,14,4,25,350,50,17500,5.778710629158465e-05,0.01,4196839742
PennyLane,0.44.1,lightning.qubit,all_to_all,14,4,26,364,50,18200,5.672052382176331e-05,0.01,4196839742
PennyLane,0.44.1,lightning.qubit,all_to_all,14,4,27,378,50,18900,5.794447704994699e-05,0.01,4196839742
PennyLane,0.44.1,lightning.qubit,all_to_all,14,4,28,392,50,19600,6.026812956219722e-05,0.01,4196839742
PennyLane,0.44.1,lightning.qubit,all_to_all,14,4,29,406,50,20300,6.0768418022605725e-05,0.01,4196839742
PennyLane,0.44.1,lightning.qubit,all_to_all,14,4,30,420,50,21000,6.026992302168162e-05,0.01,4196839742
PennyLane,0.44.1,lightning.qubit,all_to_all,14,5,1,14,50,700,0.008972994440227226,0.01,1937196065
PennyLane,0.44.1,lightning.qubit,all_to_all,14,5,2,28,50,1400,0.002785024746554508,0.01,1937196065
PennyLane,0.44.1,lightning.qubit,all_to_all,14,5,3,42,50,2100,0.0030414306532376,0.01,1937196065
PennyLane,0.44.1,lightning.qubit,all_to_all,14,5,4,56,50,2800,0.005456434294461531,0.01,1937196065
PennyLane,0.44.1,lightning.qubit,all_to_all,14,5,5,70,50,3500,0.002443767397692649,0.01,1937196065
PennyLane,0.44.1,lightning.qubit,all_to_all,14,5,6,84,50,4200,0.00018466261873745893,0.01,1937196065
PennyLane,0.44.1,lightning.qubit,all_to_all,14,5,7,98,50,4900,9.796105953464427e-05,0.01,1937196065
PennyLane,0.44.1,lightning.qubit,all_to_all,14,5,8,112,50,5600,8.40680127492003e-05,0.01,1937196065
PennyLane,0.44.1,lightning.qubit,all_to_all,14,5,9,126,50,6300,7.052361366846464e-05,0.01,1937196065
PennyLane,0.44.1,lightning.qubit,all_to_all,14,5,10,140,50,7000,8.116036868750367e-05,0.01,1937196065
PennyLane,0.44.1,lightning.qubit,all_to_all,14,5,11,154,50,7700,8.120507711109724e-05,0.01,1937196065
PennyLane,0.44.1,lightning.qubit,all_to_all,14,5,12,168,50,8400,7.959165165325878e-05,0.01,1937196065
PennyLane,0.44.1,lightning.qubit,all_to_all,14,5,13,182,50,9100,6.98687569929313e-05,0.01,1937196065
PennyLane,0.44.1,lightning.qubit,all_to_all,14,5,14,196,50,9800,6.306775080784378e-05,0.01,1937196065
PennyLane,0.44.1,lightning.qubit,all_to_all,14,5,15,210,50,10500,6.248564035192288e-05,0.01,1937196065
PennyLane,0.44.1,lightning.qubit,all_to_all,14,5,16,224,50,11200,6.10666320552526e-05,0.01,1937196065
PennyLane,0.44.1,lightning.qubit,all_to_all,14,5,17,238,50,11900,5.479512905778526e-05,0.01,1937196065
PennyLane,0.44.1,lightning.qubit,all_to_all,14,5,18,252,50,12600,5.744878550723915e-05,0.01,1937196065
PennyLane,0.44.1,lightning.qubit,all_to_all,14,5,19,266,50,13300,5.981269560529424e-05,0.01,1937196065
PennyLane,0.44.1,lightning.qubit,all_to_all,14,5,20,280,50,14000,6.261177097954576e-05,0.01,1937196065
PennyLane,0.44.1,lightning.qubit,all_to_all,14,5,21,294,50,14700,6.362641638974242e-05,0.01,1937196065
PennyLane,0.44.1,lightning.qubit,all_to_all,14,5,22,308,50,15400,6.402544966068049e-05,0.01,1937196065
PennyLane,0.44.1,lightning.qubit,all_to_all,14,5,23,322,50,16100,6.136712174027723e-05,0.01,1937196065
PennyLane,0.44.1,lightning.qubit,all_to_all,14,5,24,336,50,16800,6.0118720406479286e-05,0.01,1937196065
PennyLane,0.44.1,lightning.qubit,all_to_all,14,5,25,350,50,17500,5.624557521641907e-05,0.01,1937196065
PennyLane,0.44.1,lightning.qubit,all_to_all,14,5,26,364,50,18200,5.849485834393954e-05,0.01,1937196065
PennyLane,0.44.1,lightning.qubit,all_to_all,14,5,27,378,50,18900,6.022269745995538e-05,0.01,1937196065
PennyLane,0.44.1,lightning.qubit,all_to_all,14,5,28,392,50,19600,6.037545851947927e-05,0.01,1937196065
PennyLane,0.44.1,lightning.qubit,all_to_all,14,5,29,406,50,20300,5.9430115912368786e-05,0.01,1937196065
PennyLane,0.44.1,lightning.qubit,all_to_all,14,5,30,420,50,21000,5.645434953692996e-05,0.01,1937196065
PennyLane,0.44.1,lightning.qubit,all_to_all,14,6,1,14,50,700,0.0059631267743596285,0.01,682715086
PennyLane,0.44.1,lightning.qubit,all_to_all,14,6,2,28,50,1400,0.0037594654450229066,0.01,682715086
PennyLane,0.44.1,lightning.qubit,all_to_all,14,6,3,42,50,2100,0.004406401472593299,0.01,682715086
PennyLane,0.44.1,lightning.qubit,all_to_all,14,6,4,56,50,2800,0.010821631490022986,0.01,682715086
PennyLane,0.44.1,lightning.qubit,all_to_all,14,6,5,70,50,3500,0.00032089367505553967,0.01,682715086
PennyLane,0.44.1,lightning.qubit,all_to_all,14,6,6,84,50,4200,0.0001514359990646055,0.01,682715086
PennyLane,0.44.1,lightning.qubit,all_to_all,14,6,7,98,50,4900,7.924570804972067e-05,0.01,682715086
PennyLane,0.44.1,lightning.qubit,all_to_all,14,6,8,112,50,5600,7.306006726821133e-05,0.01,682715086
PennyLane,0.44.1,lightning.qubit,all_to_all,14,6,9,126,50,6300,7.647450451213522e-05,0.01,682715086
PennyLane,0.44.1,lightning.qubit,all_to_all,14,6,10,140,50,7000,7.823414395106119e-05,0.01,682715086
PennyLane,0.44.1,lightning.qubit,all_to_all,14,6,11,154,50,7700,8.122064730701887e-05,0.01,682715086
PennyLane,0.44.1,lightning.qubit,all_to_all,14,6,12,168,50,8400,6.900390604246559e-05,0.01,682715086
PennyLane,0.44.1,lightning.qubit,all_to_all,14,6,13,182,50,9100,6.423468303007291e-05,0.01,682715086
PennyLane,0.44.1,lightning.qubit,all_to_all,14,6,14,196,50,9800,6.272262858906823e-05,0.01,682715086
PennyLane,0.44.1,lightning.qubit,all_to_all,14,6,15,210,50,10500,6.298819528077559e-05,0.01,682715086
PennyLane,0.44.1,lightning.qubit,all_to_all,14,6,16,224,50,11200,5.862431200033311e-05,0.01,682715086
PennyLane,0.44.1,lightning.qubit,all_to_all,14,6,17,238,50,11900,5.502862579180496e-05,0.01,682715086
PennyLane,0.44.1,lightning.qubit,all_to_all,14,6,18,252,50,12600,6.135244221522256e-05,0.01,682715086
PennyLane,0.44.1,lightning.qubit,all_to_all,14,6,19,266,50,13300,6.285917335430045e-05,0.01,682715086
PennyLane,0.44.1,lightning.qubit,all_to_all,14,6,20,280,50,14000,6.426227082186007e-05,0.01,682715086
PennyLane,0.44.1,lightning.qubit,all_to_all,14,6,21,294,50,14700,6.3851515909543e-05,0.01,682715086
PennyLane,0.44.1,lightning.qubit,all_to_all,14,6,22,308,50,15400,6.234797133752025e-05,0.01,682715086
PennyLane,0.44.1,lightning.qubit,all_to_all,14,6,23,322,50,16100,6.1013266711278836e-05,0.01,682715086
PennyLane,0.44.1,lightning.qubit,all_to_all,14,6,24,336,50,16800,5.99704646661182e-05,0.01,682715086
PennyLane,0.44.1,lightning.qubit,all_to_all,14,6,25,350,50,17500,5.851626605272967e-05,0.01,682715086
PennyLane,0.44.1,lightning.qubit,all_to_all,14,6,26,364,50,18200,6.068777967237245e-05,0.01,682715086
PennyLane,0.44.1,lightning.qubit,all_to_all,14,6,27,378,50,18900,6.262718882961509e-05,0.01,682715086
PennyLane,0.44.1,lightning.qubit,all_to_all,14,6,28,392,50,19600,6.107274456582111e-05,0.01,682715086
PennyLane,0.44.1,lightning.qubit,all_to_all,14,6,29,406,50,20300,6.038800335020492e-05,0.01,682715086
PennyLane,0.44.1,lightning.qubit,all_to_all,14,6,30,420,50,21000,5.514027518681987e-05,0.01,682715086
PennyLane,0.44.1,lightning.qubit,all_to_all,14,8,1,14,50,700,0.005783534435676905,0.01,2270735948
PennyLane,0.44.1,lightning.qubit,all_to_all,14,8,2,28,50,1400,0.004361133435019545,0.01,2270735948
PennyLane,0.44.1,lightning.qubit,all_to_all,14,8,3,42,50,2100,0.008843592921842412,0.01,2270735948
PennyLane,0.44.1,lightning.qubit,all_to_all,14,8,4,56,50,2800,0.00034773580125673403,0.01,2270735948
PennyLane,0.44.1,lightning.qubit,all_to_all,14,8,5,70,50,3500,0.0001280875190421929,0.01,2270735948
PennyLane,0.44.1,lightning.qubit,all_to_all,14,8,6,84,50,4200,0.00012077082946054749,0.01,2270735948
PennyLane,0.44.1,lightning.qubit,all_to_all,14,8,7,98,50,4900,6.432373025099794e-05,0.01,2270735948
PennyLane,0.44.1,lightning.qubit,all_to_all,14,8,8,112,50,5600,8.04839674123113e-05,0.01,2270735948
PennyLane,0.44.1,lightning.qubit,all_to_all,14,8,9,126,50,6300,8.160341950738213e-05,0.01,2270735948
PennyLane,0.44.1,lightning.qubit,all_to_all,14,8,10,140,50,7000,7.598622646896229e-05,0.01,2270735948
PennyLane,0.44.1,lightning.qubit,all_to_all,14,8,11,154,50,7700,7.050221640675407e-05,0.01,2270735948
PennyLane,0.44.1,lightning.qubit,all_to_all,14,8,12,168,50,8400,6.852207451233477e-05,0.01,2270735948
PennyLane,0.44.1,lightning.qubit,all_to_all,14,8,13,182,50,9100,6.622378436405571e-05,0.01,2270735948
PennyLane,0.44.1,lightning.qubit,all_to_all,14,8,14,196,50,9800,6.15019798427323e-05,0.01,2270735948
PennyLane,0.44.1,lightning.qubit,all_to_all,14,8,15,210,50,10500,6.061080378958943e-05,0.01,2270735948
PennyLane,0.44.1,lightning.qubit,all_to_all,14,8,16,224,50,11200,5.770698543992235e-05,0.01,2270735948
PennyLane,0.44.1,lightning.qubit,all_to_all,14,8,17,238,50,11900,6.41380987056274e-05,0.01,2270735948
PennyLane,0.44.1,lightning.qubit,all_to_all,14,8,18,252,50,12600,6.475475216623874e-05,0.01,2270735948
PennyLane,0.44.1,lightning.qubit,all_to_all,14,8,19,266,50,13300,6.193161896131391e-05,0.01,2270735948
PennyLane,0.44.1,lightning.qubit,all_to_all,14,8,20,280,50,14000,6.334476451833358e-05,0.01,2270735948
PennyLane,0.44.1,lightning.qubit,all_to_all,14,8,21,294,50,14700,6.304783409026598e-05,0.01,2270735948
PennyLane,0.44.1,lightning.qubit,all_to_all,14,8,22,308,50,15400,6.305818755907219e-05,0.01,2270735948
PennyLane,0.44.1,lightning.qubit,all_to_all,14,8,23,322,50,16100,6.086987405923835e-05,0.01,2270735948
PennyLane,0.44.1,lightning.qubit,all_to_all,14,8,24,336,50,16800,5.978852113730532e-05,0.01,2270735948
PennyLane,0.44.1,lightning.qubit,all_to_all,14,8,25,350,50,17500,6.12203652887421e-05,0.01,2270735948
PennyLane,0.44.1,lightning.qubit,all_to_all,14,8,26,364,50,18200,6.242885655437397e-05,0.01,2270735948
PennyLane,0.44.1,lightning.qubit,all_to_all,14,8,27,378,50,18900,6.0168294704785854e-05,0.01,2270735948
PennyLane,0.44.1,lightning.qubit,all_to_all,14,8,28,392,50,19600,6.017003544068051e-05,0.01,2270735948
PennyLane,0.44.1,lightning.qubit,all_to_all,14,8,29,406,50,20300,5.625941613538171e-05,0.01,2270735948
PennyLane,0.44.1,lightning.qubit,all_to_all,14,8,30,420,50,21000,6.205794363915781e-05,0.01,2270735948
PennyLane,0.44.1,lightning.qubit,all_to_all,14,10,1,14,50,700,0.006943253397852841,0.01,3680758253
PennyLane,0.44.1,lightning.qubit,all_to_all,14,10,2,28,50,1400,0.006446054615865052,0.01,3680758253
PennyLane,0.44.1,lightning.qubit,all_to_all,14,10,3,42,50,2100,0.0004285008854766743,0.01,3680758253
PennyLane,0.44.1,lightning.qubit,all_to_all,14,10,4,56,50,2800,0.0002554111511830696,0.01,3680758253
PennyLane,0.44.1,lightning.qubit,all_to_all,14,10,5,70,50,3500,0.0001834599091027548,0.01,3680758253
PennyLane,0.44.1,lightning.qubit,all_to_all,14,10,6,84,50,4200,8.551194276977695e-05,0.01,3680758253
PennyLane,0.44.1,lightning.qubit,all_to_all,14,10,7,98,50,4900,0.00010473276102258136,0.01,3680758253
PennyLane,0.44.1,lightning.qubit,all_to_all,14,10,8,112,50,5600,8.786534353267084e-05,0.01,3680758253
PennyLane,0.44.1,lightning.qubit,all_to_all,14,10,9,126,50,6300,8.588280917136253e-05,0.01,3680758253
PennyLane,0.44.1,lightning.qubit,all_to_all,14,10,10,140,50,7000,7.842481649216672e-05,0.01,3680758253
PennyLane,0.44.1,lightning.qubit,all_to_all,14,10,11,154,50,7700,6.746535682891369e-05,0.01,3680758253
PennyLane,0.44.1,lightning.qubit,all_to_all,14,10,12,168,50,8400,6.50512540270107e-05,0.01,3680758253
PennyLane,0.44.1,lightning.qubit,all_to_all,14,10,13,182,50,9100,6.109503403665359e-05,0.01,3680758253
PennyLane,0.44.1,lightning.qubit,all_to_all,14,10,14,196,50,9800,6.363798984499251e-05,0.01,3680758253
PennyLane,0.44.1,lightning.qubit,all_to_all,14,10,15,210,50,10500,6.05922321162058e-05,0.01,3680758253
PennyLane,0.44.1,lightning.qubit,all_to_all,14,10,16,224,50,11200,6.446027366501181e-05,0.01,3680758253
PennyLane,0.44.1,lightning.qubit,all_to_all,14,10,17,238,50,11900,6.363968670752097e-05,0.01,3680758253
PennyLane,0.44.1,lightning.qubit,all_to_all,14,10,18,252,50,12600,6.409788500650218e-05,0.01,3680758253
PennyLane,0.44.1,lightning.qubit,all_to_all,14,10,19,266,50,13300,6.414713858874548e-05,0.01,3680758253
PennyLane,0.44.1,lightning.qubit,all_to_all,14,10,20,280,50,14000,6.198702542058189e-05,0.01,3680758253
PennyLane,0.44.1,lightning.qubit,all_to_all,14,10,21,294,50,14700,6.345991759911272e-05,0.01,3680758253
PennyLane,0.44.1,lightning.qubit,all_to_all,14,10,22,308,50,15400,6.289559279852573e-05,0.01,3680758253
PennyLane,0.44.1,lightning.qubit,all_to_all,14,10,23,322,50,16100,6.328504139886425e-05,0.01,3680758253
PennyLane,0.44.1,lightning.qubit,all_to_all,14,10,24,336,50,16800,6.309476464987658e-05,0.01,3680758253
PennyLane,0.44.1,lightning.qubit,all_to_all,14,10,25,350,50,17500,6.036451794206478e-05,0.01,3680758253
PennyLane,0.44.1,lightning.qubit,all_to_all,14,10,26,364,50,18200,6.172404818467938e-05,0.01,3680758253
PennyLane,0.44.1,lightning.qubit,all_to_all,14,10,27,378,50,18900,6.188180466878608e-05,0.01,3680758253
PennyLane,0.44.1,lightning.qubit,all_to_all,14,10,28,392,50,19600,5.84982584289629e-05,0.01,3680758253
PennyLane,0.44.1,lightning.qubit,all_to_all,14,10,29,406,50,20300,6.242944267313194e-05,0.01,3680758253
PennyLane,0.44.1,lightning.qubit,all_to_all,14,10,30,420,50,21000,6.328646823567621e-05,0.01,3680758253
PennyLane,0.44.1,lightning.qubit,all_to_all,14,12,1,14,50,700,0.008907441758239907,0.01,3322386780
PennyLane,0.44.1,lightning.qubit,all_to_all,14,12,2,28,50,1400,0.00039240432780257524,0.01,3322386780
PennyLane,0.44.1,lightning.qubit,all_to_all,14,12,3,42,50,2100,0.00037869773954258483,0.01,3322386780
PennyLane,0.44.1,lightning.qubit,all_to_all,14,12,4,56,50,2800,0.00021429327173426644,0.01,3322386780
PennyLane,0.44.1,lightning.qubit,all_to_all,14,12,5,70,50,3500,0.00015434001757857655,0.01,3322386780
PennyLane,0.44.1,lightning.qubit,all_to_all,14,12,6,84,50,4200,0.00016318666524483755,0.01,3322386780
PennyLane,0.44.1,lightning.qubit,all_to_all,14,12,7,98,50,4900,9.936877407335019e-05,0.01,3322386780
PennyLane,0.44.1,lightning.qubit,all_to_all,14,12,8,112,50,5600,9.74510413327025e-05,0.01,3322386780
PennyLane,0.44.1,lightning.qubit,all_to_all,14,12,9,126,50,6300,7.559328727182449e-05,0.01,3322386780
PennyLane,0.44.1,lightning.qubit,all_to_all,14,12,10,140,50,7000,7.405745832263791e-05,0.01,3322386780
PennyLane,0.44.1,lightning.qubit,all_to_all,14,12,11,154,50,7700,6.856433696794982e-05,0.01,3322386780
PennyLane,0.44.1,lightning.qubit,all_to_all,14,12,12,168,50,8400,6.5371093150096e-05,0.01,3322386780
PennyLane,0.44.1,lightning.qubit,all_to_all,14,12,13,182,50,9100,6.483965940625905e-05,0.01,3322386780
PennyLane,0.44.1,lightning.qubit,all_to_all,14,12,14,196,50,9800,6.39121544456111e-05,0.01,3322386780
PennyLane,0.44.1,lightning.qubit,all_to_all,14,12,15,210,50,10500,6.59143156496642e-05,0.01,3322386780
PennyLane,0.44.1,lightning.qubit,all_to_all,14,12,16,224,50,11200,6.560090742179437e-05,0.01,3322386780
PennyLane,0.44.1,lightning.qubit,all_to_all,14,12,17,238,50,11900,6.435728325187255e-05,0.01,3322386780
PennyLane,0.44.1,lightning.qubit,all_to_all,14,12,18,252,50,12600,6.238756279190729e-05,0.01,3322386780
PennyLane,0.44.1,lightning.qubit,all_to_all,14,12,19,266,50,13300,6.177132039797267e-05,0.01,3322386780
PennyLane,0.44.1,lightning.qubit,all_to_all,14,12,20,280,50,14000,6.273331170036482e-05,0.01,3322386780
PennyLane,0.44.1,lightning.qubit,all_to_all,14,12,21,294,50,14700,6.323360141961895e-05,0.01,3322386780
PennyLane,0.44.1,lightning.qubit,all_to_all,14,12,22,308,50,15400,6.250011251143024e-05,0.01,3322386780
PennyLane,0.44.1,lightning.qubit,all_to_all,14,12,23,322,50,16100,6.18691087688021e-05,0.01,3322386780
PennyLane,0.44.1,lightning.qubit,all_to_all,14,12,24,336,50,16800,6.236682658111687e-05,0.01,3322386780
PennyLane,0.44.1,lightning.qubit,all_to_all,14,12,25,350,50,17500,6.084236354195437e-05,0.01,3322386780
PennyLane,0.44.1,lightning.qubit,all_to_all,14,12,26,364,50,18200,6.301363942435425e-05,0.01,3322386780
PennyLane,0.44.1,lightning.qubit,all_to_all,14,12,27,378,50,18900,6.069488555497717e-05,0.01,3322386780
PennyLane,0.44.1,lightning.qubit,all_to_all,14,12,28,392,50,19600,6.36549328319187e-05,0.01,3322386780
PennyLane,0.44.1,lightning.qubit,all_to_all,14,12,29,406,50,20300,6.224837956826369e-05,0.01,3322386780
PennyLane,0.44.1,lightning.qubit,all_to_all,14,12,30,420,50,21000,6.268424801136398e-05,0.01,3322386780
PennyLane,0.44.1,lightning.qubit,all_to_all,14,14,1,14,50,700,0.0037476127840478384,0.01,325733859
PennyLane,0.44.1,lightning.qubit,all_to_all,14,14,2,28,50,1400,0.00147491306104238,0.01,325733859
PennyLane,0.44.1,lightning.qubit,all_to_all,14,14,3,42,50,2100,0.0006232247583056072,0.01,325733859
PennyLane,0.44.1,lightning.qubit,all_to_all,14,14,4,56,50,2800,0.0006578442420839515,0.01,325733859
PennyLane,0.44.1,lightning.qubit,all_to_all,14,14,5,70,50,3500,0.0003406640658438015,0.01,325733859
PennyLane,0.44.1,lightning.qubit,all_to_all,14,14,6,84,50,4200,0.0002368227253259865,0.01,325733859
PennyLane,0.44.1,lightning.qubit,all_to_all,14,14,7,98,50,4900,0.00015158917470453552,0.01,325733859
PennyLane,0.44.1,lightning.qubit,all_to_all,14,14,8,112,50,5600,0.00013150032641415766,0.01,325733859
PennyLane,0.44.1,lightning.qubit,all_to_all,14,14,9,126,50,6300,0.00010077772953729394,0.01,325733859
PennyLane,0.44.1,lightning.qubit,all_to_all,14,14,10,140,50,7000,7.958651655289865e-05,0.01,325733859
PennyLane,0.44.1,lightning.qubit,all_to_all,14,14,11,154,50,7700,7.461287302103522e-05,0.01,325733859
PennyLane,0.44.1,lightning.qubit,all_to_all,14,14,12,168,50,8400,6.834765720967661e-05,0.01,325733859
PennyLane,0.44.1,lightning.qubit,all_to_all,14,14,13,182,50,9100,6.431800100956208e-05,0.01,325733859
PennyLane,0.44.1,lightning.qubit,all_to_all,14,14,14,196,50,9800,6.41329338517183e-05,0.01,325733859
PennyLane,0.44.1,lightning.qubit,all_to_all,14,14,15,210,50,10500,6.313340621155645e-05,0.01,325733859
PennyLane,0.44.1,lightning.qubit,all_to_all,14,14,16,224,50,11200,6.274131293308898e-05,0.01,325733859
PennyLane,0.44.1,lightning.qubit,all_to_all,14,14,17,238,50,11900,6.105332782782906e-05,0.01,325733859
PennyLane,0.44.1,lightning.qubit,all_to_all,14,14,18,252,50,12600,6.096526222242186e-05,0.01,325733859
PennyLane,0.44.1,lightning.qubit,all_to_all,14,14,19,266,50,13300,6.145370562946485e-05,0.01,325733859
PennyLane,0.44.1,lightning.qubit,all_to_all,14,14,20,280,50,14000,6.0340788886062386e-05,0.01,325733859
PennyLane,0.44.1,lightning.qubit,all_to_all,14,14,21,294,50,14700,6.106584814105085e-05,0.01,325733859
PennyLane,0.44.1,lightning.qubit,all_to_all,14,14,22,308,50,15400,6.109352053192637e-05,0.01,325733859
PennyLane,0.44.1,lightning.qubit,all_to_all,14,14,23,322,50,16100,6.0166237852634215e-05,0.01,325733859
PennyLane,0.44.1,lightning.qubit,all_to_all,14,14,24,336,50,16800,6.252012223390779e-05,0.01,325733859
PennyLane,0.44.1,lightning.qubit,all_to_all,14,14,25,350,50,17500,6.112230801671697e-05,0.01,325733859
PennyLane,0.44.1,lightning.qubit,all_to_all,14,14,26,364,50,18200,6.292385148112609e-05,0.01,325733859
PennyLane,0.44.1,lightning.qubit,all_to_all,14,14,27,378,50,18900,6.034563471487954e-05,0.01,325733859
PennyLane,0.44.1,lightning.qubit,all_to_all,14,14,28,392,50,19600,6.148238785733797e-05,0.01,325733859
PennyLane,0.44.1,lightning.qubit,all_to_all,14,14,29,406,50,20300,6.154075173591658e-05,0.01,325733859
PennyLane,0.44.1,lightning.qubit,all_to_all,14,14,30,420,50,21000,6.214037271860285e-05,0.01,325733859
PennyLane,0.44.1,lightning.qubit,brickwall_1d,8,2,1,8,50,400,0.059777093689637996,0.01,543591768
PennyLane,0.44.1,lightning.qubit,brickwall_1d,8,2,2,16,50,800,0.054409591861315755,0.01,543591768
PennyLane,0.44.1,lightning.qubit,brickwall_1d,8,2,3,24,50,1200,0.0402223404725781,0.01,543591768
PennyLane,0.44.1,lightning.qubit,brickwall_1d,8,2,4,32,50,1600,0.05224184930159612,0.01,543591768
PennyLane,0.44.1,lightning.qubit,brickwall_1d,8,2,5,40,50,2000,0.0365395286836097,0.01,543591768
PennyLane,0.44.1,lightning.qubit,brickwall_1d,8,2,6,48,50,2400,0.041522116146090235,0.01,543591768
PennyLane,0.44.1,lightning.qubit,brickwall_1d,8,2,7,56,50,2800,0.030036437052422364,0.01,543591768
PennyLane,0.44.1,lightning.qubit,brickwall_1d,8,2,8,64,50,3200,0.03517104127605731,0.01,543591768
PennyLane,0.44.1,lightning.qubit,brickwall_1d,8,2,9,72,50,3600,0.025768656378404874,0.01,543591768
PennyLane,0.44.1,lightning.qubit,brickwall_1d,8,2,10,80,50,4000,0.02728244413130318,0.01,543591768
PennyLane,0.44.1,lightning.qubit,brickwall_1d,8,2,11,88,50,4400,0.020786981711389103,0.01,543591768
PennyLane,0.44.1,lightning.qubit,brickwall_1d,8,2,12,96,50,4800,0.021327047599978007,0.01,543591768
PennyLane,0.44.1,lightning.qubit,brickwall_1d,8,2,13,104,50,5200,0.01708654191993408,0.01,543591768
PennyLane,0.44.1,lightning.qubit,brickwall_1d,8,2,14,112,50,5600,0.016712044959498712,0.01,543591768
PennyLane,0.44.1,lightning.qubit,brickwall_1d,8,2,15,120,50,6000,0.014635544635342399,0.01,543591768
PennyLane,0.44.1,lightning.qubit,brickwall_1d,8,2,16,128,50,6400,0.015404907945089157,0.01,543591768
PennyLane,0.44.1,lightning.qubit,brickwall_1d,8,2,17,136,50,6800,0.011377210671855749,0.01,543591768
PennyLane,0.44.1,lightning.qubit,brickwall_1d,8,2,18,144,50,7200,0.013873511231178026,0.01,543591768
PennyLane,0.44.1,lightning.qubit,brickwall_1d,8,2,19,152,50,7600,0.010573217499449282,0.01,543591768
PennyLane,0.44.1,lightning.qubit,brickwall_1d,8,2,20,160,50,8000,0.010647375795447578,0.01,543591768
PennyLane,0.44.1,lightning.qubit,brickwall_1d,8,2,21,168,50,8400,0.008686989050488635,0.01,543591768
PennyLane,0.44.1,lightning.qubit,brickwall_1d,8,2,22,176,50,8800,0.008564644986492063,0.01,543591768
PennyLane,0.44.1,lightning.qubit,brickwall_1d,8,2,23,184,50,9200,0.00751408662931067,0.01,543591768
PennyLane,0.44.1,lightning.qubit,brickwall_1d,8,2,24,192,50,9600,0.008301879228197863,0.01,543591768
PennyLane,0.44.1,lightning.qubit,brickwall_1d,8,2,25,200,50,10000,0.0066993283965062775,0.01,543591768
PennyLane,0.44.1,lightning.qubit,brickwall_1d,8,2,26,208,50,10400,0.008074360004935862,0.01,543591768
PennyLane,0.44.1,lightning.qubit,brickwall_1d,8,2,27,216,50,10800,0.0056872634141275835,0.01,543591768
PennyLane,0.44.1,lightning.qubit,brickwall_1d,8,2,28,224,50,11200,0.005692967736525601,0.01,543591768
PennyLane,0.44.1,lightning.qubit,brickwall_1d,8,2,29,232,50,11600,0.0059381062128141485,0.01,543591768
PennyLane,0.44.1,lightning.qubit,brickwall_1d,8,2,30,240,50,12000,0.005701406509971852,0.01,543591768
PennyLane,0.44.1,lightning.qubit,brickwall_1d,8,3,1,8,50,400,0.06162560788844026,0.01,3964098179
PennyLane,0.44.1,lightning.qubit,brickwall_1d,8,3,2,16,50,800,0.04297292743113349,0.01,3964098179
PennyLane,0.44.1,lightning.qubit,brickwall_1d,8,3,3,24,50,1200,0.04144972786524568,0.01,3964098179
PennyLane,0.44.1,lightning.qubit,brickwall_1d,8,3,4,32,50,1600,0.03239762086152262,0.01,3964098179
PennyLane,0.44.1,lightning.qubit,brickwall_1d,8,3,5,40,50,2000,0.033853674221945684,0.01,3964098179
PennyLane,0.44.1,lightning.qubit,brickwall_1d,8,3,6,48,50,2400,0.023662760268567395,0.01,3964098179
PennyLane,0.44.1,lightning.qubit,brickwall_1d,8,3,7,56,50,2800,0.026878962370123043,0.01,3964098179
PennyLane,0.44.1,lightning.qubit,brickwall_1d,8,3,8,64,50,3200,0.021368177052407608,0.01,3964098179
PennyLane,0.44.1,lightning.qubit,brickwall_1d,8,3,9,72,50,3600,0.022078639197533566,0.01,3964098179
PennyLane,0.44.1,lightning.qubit,brickwall_1d,8,3,10,80,50,4000,0.01779362318086111,0.01,3964098179
PennyLane,0.44.1,lightning.qubit,brickwall_1d,8,3,11,88,50,4400,0.01744408253583223,0.01,3964098179
PennyLane,0.44.1,lightning.qubit,brickwall_1d,8,3,12,96,50,4800,0.013435358934807322,0.01,3964098179
PennyLane,0.44.1,lightning.qubit,brickwall_1d,8,3,13,104,50,5200,0.01416701214451989,0.01,3964098179
PennyLane,0.44.1,lightning.qubit,brickwall_1d,8,3,14,112,50,5600,0.011136780521464502,0.01,3964098179
PennyLane,0.44.1,lightning.qubit,brickwall_1d,8,3,15,120,50,6000,0.011778686399823546,0.01,3964098179
PennyLane,0.44.1,lightning.qubit,brickwall_1d,8,3,16,128,50,6400,0.010779291861266862,0.01,3964098179
PennyLane,0.44.1,lightning.qubit,brickwall_1d,8,3,17,136,50,6800,0.01026795658894193,0.01,3964098179
PennyLane,0.44.1,lightning.qubit,brickwall_1d,8,3,18,144,50,7200,0.008700336517620422,0.01,3964098179
PennyLane,0.44.1,lightning.qubit,brickwall_1d,8,3,19,152,50,7600,0.009341716835578596,0.01,3964098179
PennyLane,0.44.1,lightning.qubit,brickwall_1d,8,3,20,160,50,8000,0.007844331225811801,0.01,3964098179
PennyLane,0.44.1,lightning.qubit,brickwall_1d,8,3,21,168,50,8400,0.00867399422057556,0.01,3964098179
PennyLane,0.44.1,lightning.qubit,brickwall_1d,8,3,22,176,50,8800,0.006340094626097716,0.01,3964098179
PennyLane,0.44.1,lightning.qubit,brickwall_1d,8,3,23,184,50,9200,0.006807503269152049,0.01,3964098179
PennyLane,0.44.1,lightning.qubit,brickwall_1d,8,3,24,192,50,9600,0.005941144123935091,0.01,3964098179
PennyLane,0.44.1,lightning.qubit,brickwall_1d,8,3,25,200,50,10000,0.0064023059322875836,0.01,3964098179
PennyLane,0.44.1,lightning.qubit,brickwall_1d,8,3,26,208,50,10400,0.005545779777970345,0.01,3964098179
PennyLane,0.44.1,lightning.qubit,brickwall_1d,8,3,27,216,50,10800,0.005207548340287395,0.01,3964098179
PennyLane,0.44.1,lightning.qubit,brickwall_1d,8,3,28,224,50,11200,0.005166202502643746,0.01,3964098179
PennyLane,0.44.1,lightning.qubit,brickwall_1d,8,3,29,232,50,11600,0.005148395464109097,0.01,3964098179
PennyLane,0.44.1,lightning.qubit,brickwall_1d,8,3,30,240,50,12000,0.0049590721986157065,0.01,3964098179
PennyLane,0.44.1,lightning.qubit,brickwall_1d,8,4,1,8,50,400,0.07204167211213362,0.01,1791906613
PennyLane,0.44.1,lightning.qubit,brickwall_1d,8,4,2,16,50,800,0.04145173146143897,0.01,1791906613
PennyLane,0.44.1,lightning.qubit,brickwall_1d,8,4,3,24,50,1200,0.030232454735701967,0.01,1791906613
PennyLane,0.44.1,lightning.qubit,brickwall_1d,8,4,4,32,50,1600,0.022919332891642292,0.01,1791906613
PennyLane,0.44.1,lightning.qubit,brickwall_1d,8,4,5,40,50,2000,0.023127662217916116,0.01,1791906613
PennyLane,0.44.1,lightning.qubit,brickwall_1d,8,4,6,48,50,2400,0.0205278986593558,0.01,1791906613
PennyLane,0.44.1,lightning.qubit,brickwall_1d,8,4,7,56,50,2800,0.015730454479292694,0.01,1791906613
PennyLane,0.44.1,lightning.qubit,brickwall_1d,8,4,8,64,50,3200,0.01691809209654772,0.01,1791906613
PennyLane,0.44.1,lightning.qubit,brickwall_1d,8,4,9,72,50,3600,0.013296317723595383,0.01,1791906613
PennyLane,0.44.1,lightning.qubit,brickwall_1d,8,4,10,80,50,4000,0.015139666703305164,0.01,1791906613
PennyLane,0.44.1,lightning.qubit,brickwall_1d,8,4,11,88,50,4400,0.010830212214518449,0.01,1791906613
PennyLane,0.44.1,lightning.qubit,brickwall_1d,8,4,12,96,50,4800,0.011331876238901735,0.01,1791906613
PennyLane,0.44.1,lightning.qubit,brickwall_1d,8,4,13,104,50,5200,0.010030569134499142,0.01,1791906613
PennyLane,0.44.1,lightning.qubit,brickwall_1d,8,4,14,112,50,5600,0.01073151246667343,0.01,1791906613
PennyLane,0.44.1,lightning.qubit,brickwall_1d,8,4,15,120,50,6000,0.00812325297528623,0.01,1791906613
PennyLane,0.44.1,lightning.qubit,brickwall_1d,8,4,16,128,50,6400,0.0090045066930464,0.01,1791906613
PennyLane,0.44.1,lightning.qubit,brickwall_1d,8,4,17,136,50,6800,0.006278835935289341,0.01,1791906613
PennyLane,0.44.1,lightning.qubit,brickwall_1d,8,4,18,144,50,7200,0.006895163674448682,0.01,1791906613
PennyLane,0.44.1,lightning.qubit,brickwall_1d,8,4,19,152,50,7600,0.006573185993353735,0.01,1791906613
PennyLane,0.44.1,lightning.qubit,brickwall_1d,8,4,20,160,50,8000,0.006807776741539202,0.01,1791906613
PennyLane,0.44.1,lightning.qubit,brickwall_1d,8,4,21,168,50,8400,0.006062119339135959,0.01,1791906613
PennyLane,0.44.1,lightning.qubit,brickwall_1d,8,4,22,176,50,8800,0.006140882586770989,0.01,1791906613
PennyLane,0.44.1,lightning.qubit,brickwall_1d,8,4,23,184,50,9200,0.005330819334375347,0.01,1791906613
PennyLane,0.44.1,lightning.qubit,brickwall_1d,8,4,24,192,50,9600,0.005558852061616096,0.01,1791906613
PennyLane,0.44.1,lightning.qubit,brickwall_1d,8,4,25,200,50,10000,0.005059789692409355,0.01,1791906613
PennyLane,0.44.1,lightning.qubit,brickwall_1d,8,4,26,208,50,10400,0.00504639086568357,0.01,1791906613
PennyLane,0.44.1,lightning.qubit,brickwall_1d,8,4,27,216,50,10800,0.004771265462473954,0.01,1791906613
PennyLane,0.44.1,lightning.qubit,brickwall_1d,8,4,28,224,50,11200,0.0049432027513808255,0.01,1791906613
PennyLane,0.44.1,lightning.qubit,brickwall_1d,8,4,29,232,50,11600,0.004581893252361641,0.01,1791906613
PennyLane,0.44.1,lightning.qubit,brickwall_1d,8,4,30,240,50,12000,0.00454418843138023,0.01,1791906613
PennyLane,0.44.1,lightning.qubit,brickwall_1d,8,5,1,8,50,400,0.04941748785307919,0.01,2686839582
PennyLane,0.44.1,lightning.qubit,brickwall_1d,8,5,2,16,50,800,0.023595526088250815,0.01,2686839582
PennyLane,0.44.1,lightning.qubit,brickwall_1d,8,5,3,24,50,1200,0.021219961425486725,0.01,2686839582
PennyLane,0.44.1,lightning.qubit,brickwall_1d,8,5,4,32,50,1600,0.016782970163877885,0.01,2686839582
PennyLane,0.44.1,lightning.qubit,brickwall_1d,8,5,5,40,50,2000,0.018709949899129948,0.01,2686839582
PennyLane,0.44.1,lightning.qubit,brickwall_1d,8,5,6,48,50,2400,0.0118347033997689,0.01,2686839582
PennyLane,0.44.1,lightning.qubit,brickwall_1d,8,5,7,56,50,2800,0.01302348833468928,0.01,2686839582
PennyLane,0.44.1,lightning.qubit,brickwall_1d,8,5,8,64,50,3200,0.009896222377991,0.01,2686839582
PennyLane,0.44.1,lightning.qubit,brickwall_1d,8,5,9,72,50,3600,0.011277473153536301,0.01,2686839582
PennyLane,0.44.1,lightning.qubit,brickwall_1d,8,5,10,80,50,4000,0.008251086930973746,0.01,2686839582
PennyLane,0.44.1,lightning.qubit,brickwall_1d,8,5,11,88,50,4400,0.010336194124300563,0.01,2686839582
PennyLane,0.44.1,lightning.qubit,brickwall_1d,8,5,12,96,50,4800,0.007103172714436683,0.01,2686839582
PennyLane,0.44.1,lightning.qubit,brickwall_1d,8,5,13,104,50,5200,0.008425759135930546,0.01,2686839582
PennyLane,0.44.1,lightning.qubit,brickwall_1d,8,5,14,112,50,5600,0.00627108275310475,0.01,2686839582
PennyLane,0.44.1,lightning.qubit,brickwall_1d,8,5,15,120,50,6000,0.007054093250548957,0.01,2686839582
PennyLane,0.44.1,lightning.qubit,brickwall_1d,8,5,16,128,50,6400,0.006058751496809459,0.01,2686839582
PennyLane,0.44.1,lightning.qubit,brickwall_1d,8,5,17,136,50,6800,0.006477358818110303,0.01,2686839582
PennyLane,0.44.1,lightning.qubit,brickwall_1d,8,5,18,144,50,7200,0.005664664542359446,0.01,2686839582
PennyLane,0.44.1,lightning.qubit,brickwall_1d,8,5,19,152,50,7600,0.005610482351200584,0.01,2686839582
PennyLane,0.44.1,lightning.qubit,brickwall_1d,8,5,20,160,50,8000,0.005002339109416931,0.01,2686839582
PennyLane,0.44.1,lightning.qubit,brickwall_1d,8,5,21,168,50,8400,0.0050431371133550585,0.01,2686839582
PennyLane,0.44.1,lightning.qubit,brickwall_1d,8,5,22,176,50,8800,0.0045675643758082635,0.01,2686839582
PennyLane,0.44.1,lightning.qubit,brickwall_1d,8,5,23,184,50,9200,0.004825794017709068,0.01,2686839582
PennyLane,0.44.1,lightning.qubit,brickwall_1d,8,5,24,192,50,9600,0.004756926754773031,0.01,2686839582
PennyLane,0.44.1,lightning.qubit,brickwall_1d,8,5,25,200,50,10000,0.004580399458982598,0.01,2686839582
PennyLane,0.44.1,lightning.qubit,brickwall_1d,8,5,26,208,50,10400,0.004721938820467395,0.01,2686839582
PennyLane,0.44.1,lightning.qubit,brickwall_1d,8,5,27,216,50,10800,0.004529023781954685,0.01,2686839582
PennyLane,0.44.1,lightning.qubit,brickwall_1d,8,5,28,224,50,11200,0.004350596653848404,0.01,2686839582
PennyLane,0.44.1,lightning.qubit,brickwall_1d,8,5,29,232,50,11600,0.0042702686579872,0.01,2686839582
PennyLane,0.44.1,lightning.qubit,brickwall_1d,8,5,30,240,50,12000,0.00411286100983132,0.01,2686839582
PennyLane,0.44.1,lightning.qubit,brickwall_1d,8,6,1,8,50,400,0.04761430704460899,0.01,1700983434
PennyLane,0.44.1,lightning.qubit,brickwall_1d,8,6,2,16,50,800,0.018021677842866245,0.01,1700983434
PennyLane,0.44.1,lightning.qubit,brickwall_1d,8,6,3,24,50,1200,0.0157771687857268,0.01,1700983434
PennyLane,0.44.1,lightning.qubit,brickwall_1d,8,6,4,32,50,1600,0.012467138528622917,0.01,1700983434
PennyLane,0.44.1,lightning.qubit,brickwall_1d,8,6,5,40,50,2000,0.009219355447842208,0.01,1700983434
PennyLane,0.44.1,lightning.qubit,brickwall_1d,8,6,6,48,50,2400,0.009643660983204851,0.01,1700983434
PennyLane,0.44.1,lightning.qubit,brickwall_1d,8,6,7,56,50,2800,0.008744529419806607,0.01,1700983434
PennyLane,0.44.1,lightning.qubit,brickwall_1d,8,6,8,64,50,3200,0.00940241329893467,0.01,1700983434
PennyLane,0.44.1,lightning.qubit,brickwall_1d,8,6,9,72,50,3600,0.007249557580546813,0.01,1700983434
PennyLane,0.44.1,lightning.qubit,brickwall_1d,8,6,10,80,50,4000,0.006417106566341138,0.01,1700983434
PennyLane,0.44.1,lightning.qubit,brickwall_1d,8,6,11,88,50,4400,0.0067686400355962024,0.01,1700983434
PennyLane,0.44.1,lightning.qubit,brickwall_1d,8,6,12,96,50,4800,0.006381483855503286,0.01,1700983434
PennyLane,0.44.1,lightning.qubit,brickwall_1d,8,6,13,104,50,5200,0.006012266346454883,0.01,1700983434
PennyLane,0.44.1,lightning.qubit,brickwall_1d,8,6,14,112,50,5600,0.006423264234431059,0.01,1700983434
PennyLane,0.44.1,lightning.qubit,brickwall_1d,8,6,15,120,50,6000,0.005710458330583802,0.01,1700983434
PennyLane,0.44.1,lightning.qubit,brickwall_1d,8,6,16,128,50,6400,0.005597336888911175,0.01,1700983434
PennyLane,0.44.1,lightning.qubit,brickwall_1d,8,6,17,136,50,6800,0.005262924840546822,0.01,1700983434
PennyLane,0.44.1,lightning.qubit,brickwall_1d,8,6,18,144,50,7200,0.005537483441430756,0.01,1700983434
PennyLane,0.44.1,lightning.qubit,brickwall_1d,8,6,19,152,50,7600,0.004682858459466678,0.01,1700983434
PennyLane,0.44.1,lightning.qubit,brickwall_1d,8,6,20,160,50,8000,0.005008528290647892,0.01,1700983434
PennyLane,0.44.1,lightning.qubit,brickwall_1d,8,6,21,168,50,8400,0.004524738546362816,0.01,1700983434
PennyLane,0.44.1,lightning.qubit,brickwall_1d,8,6,22,176,50,8800,0.004621731634658187,0.01,1700983434
PennyLane,0.44.1,lightning.qubit,brickwall_1d,8,6,23,184,50,9200,0.0042090248525633,0.01,1700983434
PennyLane,0.44.1,lightning.qubit,brickwall_1d,8,6,24,192,50,9600,0.0044595270687334,0.01,1700983434
PennyLane,0.44.1,lightning.qubit,brickwall_1d,8,6,25,200,50,10000,0.004594479510465095,0.01,1700983434
PennyLane,0.44.1,lightning.qubit,brickwall_1d,8,6,26,208,50,10400,0.004080776408257652,0.01,1700983434
PennyLane,0.44.1,lightning.qubit,brickwall_1d,8,6,27,216,50,10800,0.0041335491331311175,0.01,1700983434
PennyLane,0.44.1,lightning.qubit,brickwall_1d,8,6,28,224,50,11200,0.004360584488085232,0.01,1700983434
PennyLane,0.44.1,lightning.qubit,brickwall_1d,8,6,29,232,50,11600,0.004098292166132404,0.01,1700983434
PennyLane,0.44.1,lightning.qubit,brickwall_1d,8,6,30,240,50,12000,0.004027336970685328,0.01,1700983434
PennyLane,0.44.1,lightning.qubit,brickwall_1d,8,8,1,8,50,400,0.03120073513540038,0.01,781693896
PennyLane,0.44.1,lightning.qubit,brickwall_1d,8,8,2,16,50,800,0.010786793873682395,0.01,781693896
PennyLane,0.44.1,lightning.qubit,brickwall_1d,8,8,3,24,50,1200,0.01233629740198576,0.01,781693896
PennyLane,0.44.1,lightning.qubit,brickwall_1d,8,8,4,32,50,1600,0.0058736030703109765,0.01,781693896
PennyLane,0.44.1,lightning.qubit,brickwall_1d,8,8,5,40,50,2000,0.006409490251960654,0.01,781693896
PennyLane,0.44.1,lightning.qubit,brickwall_1d,8,8,6,48,50,2400,0.007004763595615522,0.01,781693896
PennyLane,0.44.1,lightning.qubit,brickwall_1d,8,8,7,56,50,2800,0.0067838827497841035,0.01,781693896
PennyLane,0.44.1,lightning.qubit,brickwall_1d,8,8,8,64,50,3200,0.006143908080826268,0.01,781693896
PennyLane,0.44.1,lightning.qubit,brickwall_1d,8,8,9,72,50,3600,0.005878108841146775,0.01,781693896
PennyLane,0.44.1,lightning.qubit,brickwall_1d,8,8,10,80,50,4000,0.006097738439967182,0.01,781693896
PennyLane,0.44.1,lightning.qubit,brickwall_1d,8,8,11,88,50,4400,0.005000490083622731,0.01,781693896
PennyLane,0.44.1,lightning.qubit,brickwall_1d,8,8,12,96,50,4800,0.005921412991244117,0.01,781693896
PennyLane,0.44.1,lightning.qubit,brickwall_1d,8,8,13,104,50,5200,0.005414081943945654,0.01,781693896
PennyLane,0.44.1,lightning.qubit,brickwall_1d,8,8,14,112,50,5600,0.004892270092892447,0.01,781693896
PennyLane,0.44.1,lightning.qubit,brickwall_1d,8,8,15,120,50,6000,0.004988073102542474,0.01,781693896
PennyLane,0.44.1,lightning.qubit,brickwall_1d,8,8,16,128,50,6400,0.004750756622780452,0.01,781693896
PennyLane,0.44.1,lightning.qubit,brickwall_1d,8,8,17,136,50,6800,0.004837508917254021,0.01,781693896
PennyLane,0.44.1,lightning.qubit,brickwall_1d,8,8,18,144,50,7200,0.004718477946723659,0.01,781693896
PennyLane,0.44.1,lightning.qubit,brickwall_1d,8,8,19,152,50,7600,0.0045759360604014365,0.01,781693896
PennyLane,0.44.1,lightning.qubit,brickwall_1d,8,8,20,160,50,8000,0.004508402439140297,0.01,781693896
PennyLane,0.44.1,lightning.qubit,brickwall_1d,8,8,21,168,50,8400,0.004548167518420851,0.01,781693896
PennyLane,0.44.1,lightning.qubit,brickwall_1d,8,8,22,176,50,8800,0.004591175052864894,0.01,781693896
PennyLane,0.44.1,lightning.qubit,brickwall_1d,8,8,23,184,50,9200,0.004430395322196957,0.01,781693896
PennyLane,0.44.1,lightning.qubit,brickwall_1d,8,8,24,192,50,9600,0.004098145094522925,0.01,781693896
PennyLane,0.44.1,lightning.qubit,brickwall_1d,8,8,25,200,50,10000,0.004356770866360437,0.01,781693896
PennyLane,0.44.1,lightning.qubit,brickwall_1d,8,8,26,208,50,10400,0.0042814415634315145,0.01,781693896
PennyLane,0.44.1,lightning.qubit,brickwall_1d,8,8,27,216,50,10800,0.004444438757839653,0.01,781693896
PennyLane,0.44.1,lightning.qubit,brickwall_1d,8,8,28,224,50,11200,0.004372853486349763,0.01,781693896
PennyLane,0.44.1,lightning.qubit,brickwall_1d,8,8,29,232,50,11600,0.004348995373064411,0.01,781693896
PennyLane,0.44.1,lightning.qubit,brickwall_1d,8,8,30,240,50,12000,0.004149664909859749,0.01,781693896
PennyLane,0.44.1,lightning.qubit,brickwall_1d,10,2,1,10,50,500,0.05254862812661574,0.01,718659034
PennyLane,0.44.1,lightning.qubit,brickwall_1d,10,2,2,20,50,1000,0.05000143369514336,0.01,718659034
PennyLane,0.44.1,lightning.qubit,brickwall_1d,10,2,3,30,50,1500,0.03517425642759165,0.01,718659034
PennyLane,0.44.1,lightning.qubit,brickwall_1d,10,2,4,40,50,2000,0.04006848746252489,0.01,718659034
PennyLane,0.44.1,lightning.qubit,brickwall_1d,10,2,5,50,50,2500,0.02888103684206269,0.01,718659034
PennyLane,0.44.1,lightning.qubit,brickwall_1d,10,2,6,60,50,3000,0.029707229162898814,0.01,718659034
PennyLane,0.44.1,lightning.qubit,brickwall_1d,10,2,7,70,50,3500,0.023518355081609203,0.01,718659034
PennyLane,0.44.1,lightning.qubit,brickwall_1d,10,2,8,80,50,4000,0.024692537088304385,0.01,718659034
PennyLane,0.44.1,lightning.qubit,brickwall_1d,10,2,9,90,50,4500,0.01873261523614928,0.01,718659034
PennyLane,0.44.1,lightning.qubit,brickwall_1d,10,2,10,100,50,5000,0.020811933240694247,0.01,718659034
PennyLane,0.44.1,lightning.qubit,brickwall_1d,10,2,11,110,50,5500,0.018050394525115584,0.01,718659034
PennyLane,0.44.1,lightning.qubit,brickwall_1d,10,2,12,120,50,6000,0.019198844102067784,0.01,718659034
PennyLane,0.44.1,lightning.qubit,brickwall_1d,10,2,13,130,50,6500,0.01509456718203279,0.01,718659034
PennyLane,0.44.1,lightning.qubit,brickwall_1d,10,2,14,140,50,7000,0.015579343546014998,0.01,718659034
PennyLane,0.44.1,lightning.qubit,brickwall_1d,10,2,15,150,50,7500,0.01173245473234017,0.01,718659034
PennyLane,0.44.1,lightning.qubit,brickwall_1d,10,2,16,160,50,8000,0.010653724597113706,0.01,718659034
PennyLane,0.44.1,lightning.qubit,brickwall_1d,10,2,17,170,50,8500,0.00952353159144466,0.01,718659034
PennyLane,0.44.1,lightning.qubit,brickwall_1d,10,2,18,180,50,9000,0.010055509854681845,0.01,718659034
PennyLane,0.44.1,lightning.qubit,brickwall_1d,10,2,19,190,50,9500,0.007487172066212835,0.01,718659034
PennyLane,0.44.1,lightning.qubit,brickwall_1d,10,2,20,200,50,10000,0.008560827856970233,0.01,718659034
PennyLane,0.44.1,lightning.qubit,brickwall_1d,10,2,21,210,50,10500,0.006529138387585553,0.01,718659034
PennyLane,0.44.1,lightning.qubit,brickwall_1d,10,2,22,220,50,11000,0.006564826199790079,0.01,718659034
PennyLane,0.44.1,lightning.qubit,brickwall_1d,10,2,23,230,50,11500,0.0047742835135680586,0.01,718659034
PennyLane,0.44.1,lightning.qubit,brickwall_1d,10,2,24,240,50,12000,0.005536825528730394,0.01,718659034
PennyLane,0.44.1,lightning.qubit,brickwall_1d,10,2,25,250,50,12500,0.004130475980914963,0.01,718659034
PennyLane,0.44.1,lightning.qubit,brickwall_1d,10,2,26,260,50,13000,0.004178755078523143,0.01,718659034
PennyLane,0.44.1,lightning.qubit,brickwall_1d,10,2,27,270,50,13500,0.004050889636741013,0.01,718659034
PennyLane,0.44.1,lightning.qubit,brickwall_1d,10,2,28,280,50,14000,0.0040540528275111835,0.01,718659034
PennyLane,0.44.1,lightning.qubit,brickwall_1d,10,2,29,290,50,14500,0.003174331158703286,0.01,718659034
PennyLane,0.44.1,lightning.qubit,brickwall_1d,10,2,30,300,50,15000,0.0029494409813545226,0.01,718659034
PennyLane,0.44.1,lightning.qubit,brickwall_1d,10,3,1,10,50,500,0.044443692800665034,0.01,4088266606
PennyLane,0.44.1,lightning.qubit,brickwall_1d,10,3,2,20,50,1000,0.030759182684914812,0.01,4088266606
PennyLane,0.44.1,lightning.qubit,brickwall_1d,10,3,3,30,50,1500,0.030267631318716893,0.01,4088266606
PennyLane,0.44.1,lightning.qubit,brickwall_1d,10,3,4,40,50,2000,0.020109280419414823,0.01,4088266606
PennyLane,0.44.1,lightning.qubit,brickwall_1d,10,3,5,50,50,2500,0.028937097741377,0.01,4088266606
PennyLane,0.44.1,lightning.qubit,brickwall_1d,10,3,6,60,50,3000,0.02027462973297113,0.01,4088266606
PennyLane,0.44.1,lightning.qubit,brickwall_1d,10,3,7,70,50,3500,0.021832555381832732,0.01,4088266606
PennyLane,0.44.1,lightning.qubit,brickwall_1d,10,3,8,80,50,4000,0.01713909366996421,0.01,4088266606
PennyLane,0.44.1,lightning.qubit,brickwall_1d,10,3,9,90,50,4500,0.017145123860379214,0.01,4088266606
PennyLane,0.44.1,lightning.qubit,brickwall_1d,10,3,10,100,50,5000,0.014060859583415037,0.01,4088266606
PennyLane,0.44.1,lightning.qubit,brickwall_1d,10,3,11,110,50,5500,0.014667456972370778,0.01,4088266606
PennyLane,0.44.1,lightning.qubit,brickwall_1d,10,3,12,120,50,6000,0.011340618270376635,0.01,4088266606
PennyLane,0.44.1,lightning.qubit,brickwall_1d,10,3,13,130,50,6500,0.012729578548100641,0.01,4088266606
PennyLane,0.44.1,lightning.qubit,brickwall_1d,10,3,14,140,50,7000,0.009610969861862436,0.01,4088266606
PennyLane,0.44.1,lightning.qubit,brickwall_1d,10,3,15,150,50,7500,0.009983107871662258,0.01,4088266606
PennyLane,0.44.1,lightning.qubit,brickwall_1d,10,3,16,160,50,8000,0.007064493784151404,0.01,4088266606
PennyLane,0.44.1,lightning.qubit,brickwall_1d,10,3,17,170,50,8500,0.007271948857287718,0.01,4088266606
PennyLane,0.44.1,lightning.qubit,brickwall_1d,10,3,18,180,50,9000,0.006375809014647537,0.01,4088266606
PennyLane,0.44.1,lightning.qubit,brickwall_1d,10,3,19,190,50,9500,0.0069148579405263364,0.01,4088266606
PennyLane,0.44.1,lightning.qubit,brickwall_1d,10,3,20,200,50,10000,0.00551884711931009,0.01,4088266606
PennyLane,0.44.1,lightning.qubit,brickwall_1d,10,3,21,210,50,10500,0.0055443208732481606,0.01,4088266606
PennyLane,0.44.1,lightning.qubit,brickwall_1d,10,3,22,220,50,11000,0.00381259636191755,0.01,4088266606
PennyLane,0.44.1,lightning.qubit,brickwall_1d,10,3,23,230,50,11500,0.00421931368014582,0.01,4088266606
PennyLane,0.44.1,lightning.qubit,brickwall_1d,10,3,24,240,50,12000,0.003607389829433613,0.01,4088266606
PennyLane,0.44.1,lightning.qubit,brickwall_1d,10,3,25,250,50,12500,0.004199213383400825,0.01,4088266606
PennyLane,0.44.1,lightning.qubit,brickwall_1d,10,3,26,260,50,13000,0.00297838487854056,0.01,4088266606
PennyLane,0.44.1,lightning.qubit,brickwall_1d,10,3,27,270,50,13500,0.0032747087654638497,0.01,4088266606
PennyLane,0.44.1,lightning.qubit,brickwall_1d,10,3,28,280,50,14000,0.0028900135965700727,0.01,4088266606
PennyLane,0.44.1,lightning.qubit,brickwall_1d,10,3,29,290,50,14500,0.002680691545319418,0.01,4088266606
PennyLane,0.44.1,lightning.qubit,brickwall_1d,10,3,30,300,50,15000,0.0023231050090043695,0.01,4088266606
PennyLane,0.44.1,lightning.qubit,brickwall_1d,10,4,1,10,50,500,0.04422772799524592,0.01,1742044584
PennyLane,0.44.1,lightning.qubit,brickwall_1d,10,4,2,20,50,1000,0.0317001839420024,0.01,1742044584
PennyLane,0.44.1,lightning.qubit,brickwall_1d,10,4,3,30,50,1500,0.020066591106850235,0.01,1742044584
PennyLane,0.44.1,lightning.qubit,brickwall_1d,10,4,4,40,50,2000,0.024612933761483862,0.01,1742044584
PennyLane,0.44.1,lightning.qubit,brickwall_1d,10,4,5,50,50,2500,0.014554831295203024,0.01,1742044584
PennyLane,0.44.1,lightning.qubit,brickwall_1d,10,4,6,60,50,3000,0.015970271858900573,0.01,1742044584
PennyLane,0.44.1,lightning.qubit,brickwall_1d,10,4,7,70,50,3500,0.012116568772981732,0.01,1742044584
PennyLane,0.44.1,lightning.qubit,brickwall_1d,10,4,8,80,50,4000,0.014705408425648176,0.01,1742044584
PennyLane,0.44.1,lightning.qubit,brickwall_1d,10,4,9,90,50,4500,0.00933871089083755,0.01,1742044584
PennyLane,0.44.1,lightning.qubit,brickwall_1d,10,4,10,100,50,5000,0.010372344504347392,0.01,1742044584
PennyLane,0.44.1,lightning.qubit,brickwall_1d,10,4,11,110,50,5500,0.008851518345623834,0.01,1742044584
PennyLane,0.44.1,lightning.qubit,brickwall_1d,10,4,12,120,50,6000,0.009353771850163619,0.01,1742044584
PennyLane,0.44.1,lightning.qubit,brickwall_1d,10,4,13,130,50,6500,0.0064440483116703935,0.01,1742044584
PennyLane,0.44.1,lightning.qubit,brickwall_1d,10,4,14,140,50,7000,0.007678905093864017,0.01,1742044584
PennyLane,0.44.1,lightning.qubit,brickwall_1d,10,4,15,150,50,7500,0.005370084227000801,0.01,1742044584
PennyLane,0.44.1,lightning.qubit,brickwall_1d,10,4,16,160,50,8000,0.00636459273645567,0.01,1742044584
PennyLane,0.44.1,lightning.qubit,brickwall_1d,10,4,17,170,50,8500,0.003996863160497655,0.01,1742044584
PennyLane,0.44.1,lightning.qubit,brickwall_1d,10,4,18,180,50,9000,0.004763859461636655,0.01,1742044584
PennyLane,0.44.1,lightning.qubit,brickwall_1d,10,4,19,190,50,9500,0.003982145912419713,0.01,1742044584
PennyLane,0.44.1,lightning.qubit,brickwall_1d,10,4,20,200,50,10000,0.004375902028613963,0.01,1742044584
PennyLane,0.44.1,lightning.qubit,brickwall_1d,10,4,21,210,50,10500,0.0033691300254110428,0.01,1742044584
PennyLane,0.44.1,lightning.qubit,brickwall_1d,10,4,22,220,50,11000,0.0036387867278245252,0.01,1742044584
PennyLane,0.44.1,lightning.qubit,brickwall_1d,10,4,23,230,50,11500,0.0027176260326311525,0.01,1742044584
PennyLane,0.44.1,lightning.qubit,brickwall_1d,10,4,24,240,50,12000,0.0031880539502283194,0.01,1742044584
PennyLane,0.44.1,lightning.qubit,brickwall_1d,10,4,25,250,50,12500,0.0024501069132212795,0.01,1742044584
PennyLane,0.44.1,lightning.qubit,brickwall_1d,10,4,26,260,50,13000,0.0025857202708958987,0.01,1742044584
PennyLane,0.44.1,lightning.qubit,brickwall_1d,10,4,27,270,50,13500,0.0022638506804167906,0.01,1742044584
PennyLane,0.44.1,lightning.qubit,brickwall_1d,10,4,28,280,50,14000,0.002305710508739956,0.01,1742044584
PennyLane,0.44.1,lightning.qubit,brickwall_1d,10,4,29,290,50,14500,0.001794742090331118,0.01,1742044584
PennyLane,0.44.1,lightning.qubit,brickwall_1d,10,4,30,300,50,15000,0.001989798613030951,0.01,1742044584
PennyLane,0.44.1,lightning.qubit,brickwall_1d,10,5,1,10,50,500,0.03617442856530633,0.01,3518491337
PennyLane,0.44.1,lightning.qubit,brickwall_1d,10,5,2,20,50,1000,0.018808156887554953,0.01,3518491337
PennyLane,0.44.1,lightning.qubit,brickwall_1d,10,5,3,30,50,1500,0.01975612818089214,0.01,3518491337
PennyLane,0.44.1,lightning.qubit,brickwall_1d,10,5,4,40,50,2000,0.009786104558539168,0.01,3518491337
PennyLane,0.44.1,lightning.qubit,brickwall_1d,10,5,5,50,50,2500,0.01576597593788848,0.01,3518491337
PennyLane,0.44.1,lightning.qubit,brickwall_1d,10,5,6,60,50,3000,0.009496961423996213,0.01,3518491337
PennyLane,0.44.1,lightning.qubit,brickwall_1d,10,5,7,70,50,3500,0.012254581469012881,0.01,3518491337
PennyLane,0.44.1,lightning.qubit,brickwall_1d,10,5,8,80,50,4000,0.00739103993489925,0.01,3518491337
PennyLane,0.44.1,lightning.qubit,brickwall_1d,10,5,9,90,50,4500,0.009299141151095563,0.01,3518491337
PennyLane,0.44.1,lightning.qubit,brickwall_1d,10,5,10,100,50,5000,0.006150122008387242,0.01,3518491337
PennyLane,0.44.1,lightning.qubit,brickwall_1d,10,5,11,110,50,5500,0.008113500276499722,0.01,3518491337
PennyLane,0.44.1,lightning.qubit,brickwall_1d,10,5,12,120,50,6000,0.004782242370165785,0.01,3518491337
PennyLane,0.44.1,lightning.qubit,brickwall_1d,10,5,13,130,50,6500,0.005104435192414535,0.01,3518491337
PennyLane,0.44.1,lightning.qubit,brickwall_1d,10,5,14,140,50,7000,0.004442174040340459,0.01,3518491337
PennyLane,0.44.1,lightning.qubit,brickwall_1d,10,5,15,150,50,7500,0.005354402001470686,0.01,3518491337
PennyLane,0.44.1,lightning.qubit,brickwall_1d,10,5,16,160,50,8000,0.0032522754193633424,0.01,3518491337
PennyLane,0.44.1,lightning.qubit,brickwall_1d,10,5,17,170,50,8500,0.003749052318710017,0.01,3518491337
PennyLane,0.44.1,lightning.qubit,brickwall_1d,10,5,18,180,50,9000,0.0027731686686630437,0.01,3518491337
PennyLane,0.44.1,lightning.qubit,brickwall_1d,10,5,19,190,50,9500,0.0034446650297612065,0.01,3518491337
PennyLane,0.44.1,lightning.qubit,brickwall_1d,10,5,20,200,50,10000,0.002577336088181611,0.01,3518491337
PennyLane,0.44.1,lightning.qubit,brickwall_1d,10,5,21,210,50,10500,0.0028940582482869653,0.01,3518491337
PennyLane,0.44.1,lightning.qubit,brickwall_1d,10,5,22,220,50,11000,0.0021224789364364415,0.01,3518491337
PennyLane,0.44.1,lightning.qubit,brickwall_1d,10,5,23,230,50,11500,0.0023422184311989672,0.01,3518491337
PennyLane,0.44.1,lightning.qubit,brickwall_1d,10,5,24,240,50,12000,0.0019397132451321611,0.01,3518491337
PennyLane,0.44.1,lightning.qubit,brickwall_1d,10,5,25,250,50,12500,0.0021567937803358473,0.01,3518491337
PennyLane,0.44.1,lightning.qubit,brickwall_1d,10,5,26,260,50,13000,0.0018190172026603482,0.01,3518491337
PennyLane,0.44.1,lightning.qubit,brickwall_1d,10,5,27,270,50,13500,0.0018462582338582719,0.01,3518491337
PennyLane,0.44.1,lightning.qubit,brickwall_1d,10,5,28,280,50,14000,0.001554917521370085,0.01,3518491337
PennyLane,0.44.1,lightning.qubit,brickwall_1d,10,5,29,290,50,14500,0.0016235203773566891,0.01,3518491337
PennyLane,0.44.1,lightning.qubit,brickwall_1d,10,5,30,300,50,15000,0.0013750209259267654,0.01,3518491337
PennyLane,0.44.1,lightning.qubit,brickwall_1d,10,6,1,10,50,500,0.03776788604120262,0.01,2235291532
PennyLane,0.44.1,lightning.qubit,brickwall_1d,10,6,2,20,50,1000,0.01647630110654306,0.01,2235291532
PennyLane,0.44.1,lightning.qubit,brickwall_1d,10,6,3,30,50,1500,0.011888751157488902,0.01,2235291532
PennyLane,0.44.1,lightning.qubit,brickwall_1d,10,6,4,40,50,2000,0.01260143204189946,0.01,2235291532
PennyLane,0.44.1,lightning.qubit,brickwall_1d,10,6,5,50,50,2500,0.007328228912047652,0.01,2235291532
PennyLane,0.44.1,lightning.qubit,brickwall_1d,10,6,6,60,50,3000,0.007902590130266573,0.01,2235291532
PennyLane,0.44.1,lightning.qubit,brickwall_1d,10,6,7,70,50,3500,0.005738093370156613,0.01,2235291532
PennyLane,0.44.1,lightning.qubit,brickwall_1d,10,6,8,80,50,4000,0.005931216620648352,0.01,2235291532
PennyLane,0.44.1,lightning.qubit,brickwall_1d,10,6,9,90,50,4500,0.004048064310559796,0.01,2235291532
PennyLane,0.44.1,lightning.qubit,brickwall_1d,10,6,10,100,50,5000,0.006323774427454935,0.01,2235291532
PennyLane,0.44.1,lightning.qubit,brickwall_1d,10,6,11,110,50,5500,0.003519516863218751,0.01,2235291532
PennyLane,0.44.1,lightning.qubit,brickwall_1d,10,6,12,120,50,6000,0.004416326252039835,0.01,2235291532
PennyLane,0.44.1,lightning.qubit,brickwall_1d,10,6,13,130,50,6500,0.003456452850771816,0.01,2235291532
PennyLane,0.44.1,lightning.qubit,brickwall_1d,10,6,14,140,50,7000,0.0035285908995138482,0.01,2235291532
PennyLane,0.44.1,lightning.qubit,brickwall_1d,10,6,15,150,50,7500,0.002827086160005563,0.01,2235291532
PennyLane,0.44.1,lightning.qubit,brickwall_1d,10,6,16,160,50,8000,0.002837521412300759,0.01,2235291532
PennyLane,0.44.1,lightning.qubit,brickwall_1d,10,6,17,170,50,8500,0.0021506787304682176,0.01,2235291532
PennyLane,0.44.1,lightning.qubit,brickwall_1d,10,6,18,180,50,9000,0.0025992820765409147,0.01,2235291532
PennyLane,0.44.1,lightning.qubit,brickwall_1d,10,6,19,190,50,9500,0.0019603316542942655,0.01,2235291532
PennyLane,0.44.1,lightning.qubit,brickwall_1d,10,6,20,200,50,10000,0.0019628953726647286,0.01,2235291532
PennyLane,0.44.1,lightning.qubit,brickwall_1d,10,6,21,210,50,10500,0.0016679498235685974,0.01,2235291532
PennyLane,0.44.1,lightning.qubit,brickwall_1d,10,6,22,220,50,11000,0.002034792809708816,0.01,2235291532
PennyLane,0.44.1,lightning.qubit,brickwall_1d,10,6,23,230,50,11500,0.0016111875956791658,0.01,2235291532
PennyLane,0.44.1,lightning.qubit,brickwall_1d,10,6,24,240,50,12000,0.0017142350331982143,0.01,2235291532
PennyLane,0.44.1,lightning.qubit,brickwall_1d,10,6,25,250,50,12500,0.0013541625483662477,0.01,2235291532
PennyLane,0.44.1,lightning.qubit,brickwall_1d,10,6,26,260,50,13000,0.0015269324969744017,0.01,2235291532
PennyLane,0.44.1,lightning.qubit,brickwall_1d,10,6,27,270,50,13500,0.0012998706833875463,0.01,2235291532
PennyLane,0.44.1,lightning.qubit,brickwall_1d,10,6,28,280,50,14000,0.0015315789379284812,0.01,2235291532
PennyLane,0.44.1,lightning.qubit,brickwall_1d,10,6,29,290,50,14500,0.0013134354751832278,0.01,2235291532
PennyLane,0.44.1,lightning.qubit,brickwall_1d,10,6,30,300,50,15000,0.0012276981554727319,0.01,2235291532
PennyLane,0.44.1,lightning.qubit,brickwall_1d,10,8,1,10,50,500,0.031905258355228255,0.01,2235002267
PennyLane,0.44.1,lightning.qubit,brickwall_1d,10,8,2,20,50,1000,0.00794065334936337,0.01,2235002267
PennyLane,0.44.1,lightning.qubit,brickwall_1d,10,8,3,30,50,1500,0.00419405459996426,0.01,2235002267
PennyLane,0.44.1,lightning.qubit,brickwall_1d,10,8,4,40,50,2000,0.005705875413178882,0.01,2235002267
PennyLane,0.44.1,lightning.qubit,brickwall_1d,10,8,5,50,50,2500,0.004324439859557563,0.01,2235002267
PennyLane,0.44.1,lightning.qubit,brickwall_1d,10,8,6,60,50,3000,0.003553965000885528,0.01,2235002267
PennyLane,0.44.1,lightning.qubit,brickwall_1d,10,8,7,70,50,3500,0.0022021052765152775,0.01,2235002267
PennyLane,0.44.1,lightning.qubit,brickwall_1d,10,8,8,80,50,4000,0.0025070060774548446,0.01,2235002267
PennyLane,0.44.1,lightning.qubit,brickwall_1d,10,8,9,90,50,4500,0.0020242890604004905,0.01,2235002267
PennyLane,0.44.1,lightning.qubit,brickwall_1d,10,8,10,100,50,5000,0.002291097946610739,0.01,2235002267
PennyLane,0.44.1,lightning.qubit,brickwall_1d,10,8,11,110,50,5500,0.00206876585126283,0.01,2235002267
PennyLane,0.44.1,lightning.qubit,brickwall_1d,10,8,12,120,50,6000,0.0021417625987819305,0.01,2235002267
PennyLane,0.44.1,lightning.qubit,brickwall_1d,10,8,13,130,50,6500,0.0015924265721849397,0.01,2235002267
PennyLane,0.44.1,lightning.qubit,brickwall_1d,10,8,14,140,50,7000,0.0018628861036159529,0.01,2235002267
PennyLane,0.44.1,lightning.qubit,brickwall_1d,10,8,15,150,50,7500,0.0014967033992048168,0.01,2235002267
PennyLane,0.44.1,lightning.qubit,brickwall_1d,10,8,16,160,50,8000,0.0015678507572306488,0.01,2235002267
PennyLane,0.44.1,lightning.qubit,brickwall_1d,10,8,17,170,50,8500,0.0013130751392698482,0.01,2235002267
PennyLane,0.44.1,lightning.qubit,brickwall_1d,10,8,18,180,50,9000,0.0014858101186131997,0.01,2235002267
PennyLane,0.44.1,lightning.qubit,brickwall_1d,10,8,19,190,50,9500,0.0012708267525213396,0.01,2235002267
PennyLane,0.44.1,lightning.qubit,brickwall_1d,10,8,20,200,50,10000,0.0012504616315811203,0.01,2235002267
PennyLane,0.44.1,lightning.qubit,brickwall_1d,10,8,21,210,50,10500,0.0013244886736314256,0.01,2235002267
PennyLane,0.44.1,lightning.qubit,brickwall_1d,10,8,22,220,50,11000,0.0012360087241604792,0.01,2235002267
PennyLane,0.44.1,lightning.qubit,brickwall_1d,10,8,23,230,50,11500,0.0012344820363613556,0.01,2235002267
PennyLane,0.44.1,lightning.qubit,brickwall_1d,10,8,24,240,50,12000,0.0012079901354915244,0.01,2235002267
PennyLane,0.44.1,lightning.qubit,brickwall_1d,10,8,25,250,50,12500,0.0011030982055752142,0.01,2235002267
PennyLane,0.44.1,lightning.qubit,brickwall_1d,10,8,26,260,50,13000,0.0012208781440460465,0.01,2235002267
PennyLane,0.44.1,lightning.qubit,brickwall_1d,10,8,27,270,50,13500,0.0010924286370637291,0.01,2235002267
PennyLane,0.44.1,lightning.qubit,brickwall_1d,10,8,28,280,50,14000,0.001179473711591034,0.01,2235002267
PennyLane,0.44.1,lightning.qubit,brickwall_1d,10,8,29,290,50,14500,0.0010916080109768965,0.01,2235002267
PennyLane,0.44.1,lightning.qubit,brickwall_1d,10,8,30,300,50,15000,0.0011535793034249209,0.01,2235002267
PennyLane,0.44.1,lightning.qubit,brickwall_1d,10,10,1,10,50,500,0.016872448716553207,0.01,481732271
PennyLane,0.44.1,lightning.qubit,brickwall_1d,10,10,2,20,50,1000,0.004275166875748246,0.01,481732271
PennyLane,0.44.1,lightning.qubit,brickwall_1d,10,10,3,30,50,1500,0.0030279571543876346,0.01,481732271
PennyLane,0.44.1,lightning.qubit,brickwall_1d,10,10,4,40,50,2000,0.002925063398069474,0.01,481732271
PennyLane,0.44.1,lightning.qubit,brickwall_1d,10,10,5,50,50,2500,0.002754891397981689,0.01,481732271
PennyLane,0.44.1,lightning.qubit,brickwall_1d,10,10,6,60,50,3000,0.001739360236099685,0.01,481732271
PennyLane,0.44.1,lightning.qubit,brickwall_1d,10,10,7,70,50,3500,0.0021538185650400686,0.01,481732271
PennyLane,0.44.1,lightning.qubit,brickwall_1d,10,10,8,80,50,4000,0.0019399168106897222,0.01,481732271
PennyLane,0.44.1,lightning.qubit,brickwall_1d,10,10,9,90,50,4500,0.0020346313894030236,0.01,481732271
PennyLane,0.44.1,lightning.qubit,brickwall_1d,10,10,10,100,50,5000,0.0018740413111549793,0.01,481732271
PennyLane,0.44.1,lightning.qubit,brickwall_1d,10,10,11,110,50,5500,0.001781535898209441,0.01,481732271
PennyLane,0.44.1,lightning.qubit,brickwall_1d,10,10,12,120,50,6000,0.0015771348561709946,0.01,481732271
PennyLane,0.44.1,lightning.qubit,brickwall_1d,10,10,13,130,50,6500,0.001511619736161416,0.01,481732271
PennyLane,0.44.1,lightning.qubit,brickwall_1d,10,10,14,140,50,7000,0.0014346860243782886,0.01,481732271
PennyLane,0.44.1,lightning.qubit,brickwall_1d,10,10,15,150,50,7500,0.0014766362878377325,0.01,481732271
PennyLane,0.44.1,lightning.qubit,brickwall_1d,10,10,16,160,50,8000,0.0012624569649630631,0.01,481732271
PennyLane,0.44.1,lightning.qubit,brickwall_1d,10,10,17,170,50,8500,0.0012400522968980842,0.01,481732271
PennyLane,0.44.1,lightning.qubit,brickwall_1d,10,10,18,180,50,9000,0.0012235287010316025,0.01,481732271
PennyLane,0.44.1,lightning.qubit,brickwall_1d,10,10,19,190,50,9500,0.0013258710261969634,0.01,481732271
PennyLane,0.44.1,lightning.qubit,brickwall_1d,10,10,20,200,50,10000,0.0012606068232610017,0.01,481732271
PennyLane,0.44.1,lightning.qubit,brickwall_1d,10,10,21,210,50,10500,0.0012825681238173938,0.01,481732271
PennyLane,0.44.1,lightning.qubit,brickwall_1d,10,10,22,220,50,11000,0.0011739819266974162,0.01,481732271
PennyLane,0.44.1,lightning.qubit,brickwall_1d,10,10,23,230,50,11500,0.0011536336909859803,0.01,481732271
PennyLane,0.44.1,lightning.qubit,brickwall_1d,10,10,24,240,50,12000,0.0011450011989074791,0.01,481732271
PennyLane,0.44.1,lightning.qubit,brickwall_1d,10,10,25,250,50,12500,0.0011338346567853015,0.01,481732271
PennyLane,0.44.1,lightning.qubit,brickwall_1d,10,10,26,260,50,13000,0.0012049012313464621,0.01,481732271
PennyLane,0.44.1,lightning.qubit,brickwall_1d,10,10,27,270,50,13500,0.0010375240631429379,0.01,481732271
PennyLane,0.44.1,lightning.qubit,brickwall_1d,10,10,28,280,50,14000,0.001061065831009802,0.01,481732271
PennyLane,0.44.1,lightning.qubit,brickwall_1d,10,10,29,290,50,14500,0.001114882183636305,0.01,481732271
PennyLane,0.44.1,lightning.qubit,brickwall_1d,10,10,30,300,50,15000,0.0010800074048744454,0.01,481732271
PennyLane,0.44.1,lightning.qubit,brickwall_1d,12,2,1,12,50,600,0.04475068597863082,0.01,2520140465
PennyLane,0.44.1,lightning.qubit,brickwall_1d,12,2,2,24,50,1200,0.03615907894317349,0.01,2520140465
PennyLane,0.44.1,lightning.qubit,brickwall_1d,12,2,3,36,50,1800,0.030598386993780518,0.01,2520140465
PennyLane,0.44.1,lightning.qubit,brickwall_1d,12,2,4,48,50,2400,0.0324328547155221,0.01,2520140465
PennyLane,0.44.1,lightning.qubit,brickwall_1d,12,2,5,60,50,3000,0.02289135702477234,0.01,2520140465
PennyLane,0.44.1,lightning.qubit,brickwall_1d,12,2,6,72,50,3600,0.024496030508569418,0.01,2520140465
PennyLane,0.44.1,lightning.qubit,brickwall_1d,12,2,7,84,50,4200,0.01825382603056126,0.01,2520140465
PennyLane,0.44.1,lightning.qubit,brickwall_1d,12,2,8,96,50,4800,0.02153264335586372,0.01,2520140465
PennyLane,0.44.1,lightning.qubit,brickwall_1d,12,2,9,108,50,5400,0.01651804804041966,0.01,2520140465
PennyLane,0.44.1,lightning.qubit,brickwall_1d,12,2,10,120,50,6000,0.018030881775533993,0.01,2520140465
PennyLane,0.44.1,lightning.qubit,brickwall_1d,12,2,11,132,50,6600,0.013264008211580997,0.01,2520140465
PennyLane,0.44.1,lightning.qubit,brickwall_1d,12,2,12,144,50,7200,0.014463224795074055,0.01,2520140465
PennyLane,0.44.1,lightning.qubit,brickwall_1d,12,2,13,156,50,7800,0.010661927496946926,0.01,2520140465
PennyLane,0.44.1,lightning.qubit,brickwall_1d,12,2,14,168,50,8400,0.01159830809385786,0.01,2520140465
PennyLane,0.44.1,lightning.qubit,brickwall_1d,12,2,15,180,50,9000,0.009538998579448638,0.01,2520140465
PennyLane,0.44.1,lightning.qubit,brickwall_1d,12,2,16,192,50,9600,0.01039787117699595,0.01,2520140465
PennyLane,0.44.1,lightning.qubit,brickwall_1d,12,2,17,204,50,10200,0.008051546474836862,0.01,2520140465
PennyLane,0.44.1,lightning.qubit,brickwall_1d,12,2,18,216,50,10800,0.008389669785596401,0.01,2520140465
PennyLane,0.44.1,lightning.qubit,brickwall_1d,12,2,19,228,50,11400,0.006178893785064729,0.01,2520140465
PennyLane,0.44.1,lightning.qubit,brickwall_1d,12,2,20,240,50,12000,0.006857394738125559,0.01,2520140465
PennyLane,0.44.1,lightning.qubit,brickwall_1d,12,2,21,252,50,12600,0.005150879096388337,0.01,2520140465
PennyLane,0.44.1,lightning.qubit,brickwall_1d,12,2,22,264,50,13200,0.005728198193826448,0.01,2520140465
PennyLane,0.44.1,lightning.qubit,brickwall_1d,12,2,23,276,50,13800,0.0044394466865465745,0.01,2520140465
PennyLane,0.44.1,lightning.qubit,brickwall_1d,12,2,24,288,50,14400,0.0048178880121226165,0.01,2520140465
PennyLane,0.44.1,lightning.qubit,brickwall_1d,12,2,25,300,50,15000,0.003137322072487523,0.01,2520140465
PennyLane,0.44.1,lightning.qubit,brickwall_1d,12,2,26,312,50,15600,0.003756938066677555,0.01,2520140465
PennyLane,0.44.1,lightning.qubit,brickwall_1d,12,2,27,324,50,16200,0.002847751590245011,0.01,2520140465
PennyLane,0.44.1,lightning.qubit,brickwall_1d,12,2,28,336,50,16800,0.003445500783535344,0.01,2520140465
PennyLane,0.44.1,lightning.qubit,brickwall_1d,12,2,29,348,50,17400,0.002533513402316307,0.01,2520140465
PennyLane,0.44.1,lightning.qubit,brickwall_1d,12,2,30,360,50,18000,0.00238221161045019,0.01,2520140465
PennyLane,0.44.1,lightning.qubit,brickwall_1d,12,3,1,12,50,600,0.04030126494443809,0.01,1722821056
PennyLane,0.44.1,lightning.qubit,brickwall_1d,12,3,2,24,50,1200,0.02777245113371531,0.01,1722821056
PennyLane,0.44.1,lightning.qubit,brickwall_1d,12,3,3,36,50,1800,0.02646015954820537,0.01,1722821056
PennyLane,0.44.1,lightning.qubit,brickwall_1d,12,3,4,48,50,2400,0.022495623869239128,0.01,1722821056
PennyLane,0.44.1,lightning.qubit,brickwall_1d,12,3,5,60,50,3000,0.021550933452966416,0.01,1722821056
PennyLane,0.44.1,lightning.qubit,brickwall_1d,12,3,6,72,50,3600,0.016073310469426734,0.01,1722821056
PennyLane,0.44.1,lightning.qubit,brickwall_1d,12,3,7,84,50,4200,0.018568782605240856,0.01,1722821056
PennyLane,0.44.1,lightning.qubit,brickwall_1d,12,3,8,96,50,4800,0.013195331033496654,0.01,1722821056
PennyLane,0.44.1,lightning.qubit,brickwall_1d,12,3,9,108,50,5400,0.014857936179500028,0.01,1722821056
PennyLane,0.44.1,lightning.qubit,brickwall_1d,12,3,10,120,50,6000,0.0113802257932944,0.01,1722821056
PennyLane,0.44.1,lightning.qubit,brickwall_1d,12,3,11,132,50,6600,0.01258254455465014,0.01,1722821056
PennyLane,0.44.1,lightning.qubit,brickwall_1d,12,3,12,144,50,7200,0.00909519300063667,0.01,1722821056
PennyLane,0.44.1,lightning.qubit,brickwall_1d,12,3,13,156,50,7800,0.01023174601648541,0.01,1722821056
PennyLane,0.44.1,lightning.qubit,brickwall_1d,12,3,14,168,50,8400,0.008127347719833533,0.01,1722821056
PennyLane,0.44.1,lightning.qubit,brickwall_1d,12,3,15,180,50,9000,0.00764333609262416,0.01,1722821056
PennyLane,0.44.1,lightning.qubit,brickwall_1d,12,3,16,192,50,9600,0.006487711767267089,0.01,1722821056
PennyLane,0.44.1,lightning.qubit,brickwall_1d,12,3,17,204,50,10200,0.005852611542409549,0.01,1722821056
PennyLane,0.44.1,lightning.qubit,brickwall_1d,12,3,18,216,50,10800,0.005179724226683579,0.01,1722821056
PennyLane,0.44.1,lightning.qubit,brickwall_1d,12,3,19,228,50,11400,0.005180978390741134,0.01,1722821056
PennyLane,0.44.1,lightning.qubit,brickwall_1d,12,3,20,240,50,12000,0.00454005494588363,0.01,1722821056
PennyLane,0.44.1,lightning.qubit,brickwall_1d,12,3,21,252,50,12600,0.004280783970644653,0.01,1722821056
PennyLane,0.44.1,lightning.qubit,brickwall_1d,12,3,22,264,50,13200,0.0035482255486702988,0.01,1722821056
PennyLane,0.44.1,lightning.qubit,brickwall_1d,12,3,23,276,50,13800,0.003323969970533815,0.01,1722821056
PennyLane,0.44.1,lightning.qubit,brickwall_1d,12,3,24,288,50,14400,0.0030294505695308317,0.01,1722821056
PennyLane,0.44.1,lightning.qubit,brickwall_1d,12,3,25,300,50,15000,0.003041577835547192,0.01,1722821056
PennyLane,0.44.1,lightning.qubit,brickwall_1d,12,3,26,312,50,15600,0.002215134292351474,0.01,1722821056
PennyLane,0.44.1,lightning.qubit,brickwall_1d,12,3,27,324,50,16200,0.0025061837806404294,0.01,1722821056
PennyLane,0.44.1,lightning.qubit,brickwall_1d,12,3,28,336,50,16800,0.0020979314994922726,0.01,1722821056
PennyLane,0.44.1,lightning.qubit,brickwall_1d,12,3,29,348,50,17400,0.0019364372309083411,0.01,1722821056
PennyLane,0.44.1,lightning.qubit,brickwall_1d,12,3,30,360,50,18000,0.0018024015567049008,0.01,1722821056
PennyLane,0.44.1,lightning.qubit,brickwall_1d,12,4,1,12,50,600,0.03628487476363973,0.01,3848546791
PennyLane,0.44.1,lightning.qubit,brickwall_1d,12,4,2,24,50,1200,0.025785282160353157,0.01,3848546791
PennyLane,0.44.1,lightning.qubit,brickwall_1d,12,4,3,36,50,1800,0.020186102952134174,0.01,3848546791
PennyLane,0.44.1,lightning.qubit,brickwall_1d,12,4,4,48,50,2400,0.018206847632398535,0.01,3848546791
PennyLane,0.44.1,lightning.qubit,brickwall_1d,12,4,5,60,50,3000,0.014122403267138144,0.01,3848546791
PennyLane,0.44.1,lightning.qubit,brickwall_1d,12,4,6,72,50,3600,0.012905194600918416,0.01,3848546791
PennyLane,0.44.1,lightning.qubit,brickwall_1d,12,4,7,84,50,4200,0.010976371662677772,0.01,3848546791
PennyLane,0.44.1,lightning.qubit,brickwall_1d,12,4,8,96,50,4800,0.012351327752522978,0.01,3848546791
PennyLane,0.44.1,lightning.qubit,brickwall_1d,12,4,9,108,50,5400,0.008820474527741977,0.01,3848546791
PennyLane,0.44.1,lightning.qubit,brickwall_1d,12,4,10,120,50,6000,0.009372969878130341,0.01,3848546791
PennyLane,0.44.1,lightning.qubit,brickwall_1d,12,4,11,132,50,6600,0.006890668780079359,0.01,3848546791
PennyLane,0.44.1,lightning.qubit,brickwall_1d,12,4,12,144,50,7200,0.007815247740343057,0.01,3848546791
PennyLane,0.44.1,lightning.qubit,brickwall_1d,12,4,13,156,50,7800,0.006080841750284538,0.01,3848546791
PennyLane,0.44.1,lightning.qubit,brickwall_1d,12,4,14,168,50,8400,0.00682439164965523,0.01,3848546791
PennyLane,0.44.1,lightning.qubit,brickwall_1d,12,4,15,180,50,9000,0.004661240167876073,0.01,3848546791
PennyLane,0.44.1,lightning.qubit,brickwall_1d,12,4,16,192,50,9600,0.00473913495935531,0.01,3848546791
PennyLane,0.44.1,lightning.qubit,brickwall_1d,12,4,17,204,50,10200,0.0039009556743282853,0.01,3848546791
PennyLane,0.44.1,lightning.qubit,brickwall_1d,12,4,18,216,50,10800,0.004050203640211223,0.01,3848546791
PennyLane,0.44.1,lightning.qubit,brickwall_1d,12,4,19,228,50,11400,0.003155530747227925,0.01,3848546791
PennyLane,0.44.1,lightning.qubit,brickwall_1d,12,4,20,240,50,12000,0.00322023621790277,0.01,3848546791
PennyLane,0.44.1,lightning.qubit,brickwall_1d,12,4,21,252,50,12600,0.00260046096726697,0.01,3848546791
PennyLane,0.44.1,lightning.qubit,brickwall_1d,12,4,22,264,50,13200,0.0029299837284302976,0.01,3848546791
PennyLane,0.44.1,lightning.qubit,brickwall_1d,12,4,23,276,50,13800,0.002156406763841583,0.01,3848546791
PennyLane,0.44.1,lightning.qubit,brickwall_1d,12,4,24,288,50,14400,0.0023973559412787102,0.01,3848546791
PennyLane,0.44.1,lightning.qubit,brickwall_1d,12,4,25,300,50,15000,0.0016415492183085069,0.01,3848546791
PennyLane,0.44.1,lightning.qubit,brickwall_1d,12,4,26,312,50,15600,0.001990308426189637,0.01,3848546791
PennyLane,0.44.1,lightning.qubit,brickwall_1d,12,4,27,324,50,16200,0.0015097809136003127,0.01,3848546791
PennyLane,0.44.1,lightning.qubit,brickwall_1d,12,4,28,336,50,16800,0.001729884190445481,0.01,3848546791
PennyLane,0.44.1,lightning.qubit,brickwall_1d,12,4,29,348,50,17400,0.0013136781492792606,0.01,3848546791
PennyLane,0.44.1,lightning.qubit,brickwall_1d,12,4,30,360,50,18000,0.0012280515390033797,0.01,3848546791
PennyLane,0.44.1,lightning.qubit,brickwall_1d,12,5,1,12,50,600,0.028569794231131686,0.01,93611508
PennyLane,0.44.1,lightning.qubit,brickwall_1d,12,5,2,24,50,1200,0.014946359682647821,0.01,93611508
PennyLane,0.44.1,lightning.qubit,brickwall_1d,12,5,3,36,50,1800,0.017426283907312403,0.01,93611508
PennyLane,0.44.1,lightning.qubit,brickwall_1d,12,5,4,48,50,2400,0.010922699803537918,0.01,93611508
PennyLane,0.44.1,lightning.qubit,brickwall_1d,12,5,5,60,50,3000,0.010797067555756545,0.01,93611508
PennyLane,0.44.1,lightning.qubit,brickwall_1d,12,5,6,72,50,3600,0.00915642400446953,0.01,93611508
PennyLane,0.44.1,lightning.qubit,brickwall_1d,12,5,7,84,50,4200,0.009679918670495913,0.01,93611508
PennyLane,0.44.1,lightning.qubit,brickwall_1d,12,5,8,96,50,4800,0.0070951627064269685,0.01,93611508
PennyLane,0.44.1,lightning.qubit,brickwall_1d,12,5,9,108,50,5400,0.006725275002155831,0.01,93611508
PennyLane,0.44.1,lightning.qubit,brickwall_1d,12,5,10,120,50,6000,0.004969345809079109,0.01,93611508
PennyLane,0.44.1,lightning.qubit,brickwall_1d,12,5,11,132,50,6600,0.005373085907345031,0.01,93611508
PennyLane,0.44.1,lightning.qubit,brickwall_1d,12,5,12,144,50,7200,0.004539286533995828,0.01,93611508
PennyLane,0.44.1,lightning.qubit,brickwall_1d,12,5,13,156,50,7800,0.004397869968279336,0.01,93611508
PennyLane,0.44.1,lightning.qubit,brickwall_1d,12,5,14,168,50,8400,0.0033089938296640147,0.01,93611508
PennyLane,0.44.1,lightning.qubit,brickwall_1d,12,5,15,180,50,9000,0.003820393989884419,0.01,93611508
PennyLane,0.44.1,lightning.qubit,brickwall_1d,12,5,16,192,50,9600,0.003079335414305119,0.01,93611508
PennyLane,0.44.1,lightning.qubit,brickwall_1d,12,5,17,204,50,10200,0.0028398166249832373,0.01,93611508
PennyLane,0.44.1,lightning.qubit,brickwall_1d,12,5,18,216,50,10800,0.001993916610343679,0.01,93611508
PennyLane,0.44.1,lightning.qubit,brickwall_1d,12,5,19,228,50,11400,0.002342914675515938,0.01,93611508
PennyLane,0.44.1,lightning.qubit,brickwall_1d,12,5,20,240,50,12000,0.0017695033494837086,0.01,93611508
PennyLane,0.44.1,lightning.qubit,brickwall_1d,12,5,21,252,50,12600,0.001979833200332227,0.01,93611508
PennyLane,0.44.1,lightning.qubit,brickwall_1d,12,5,22,264,50,13200,0.001750895235658894,0.01,93611508
PennyLane,0.44.1,lightning.qubit,brickwall_1d,12,5,23,276,50,13800,0.0018786955768496994,0.01,93611508
PennyLane,0.44.1,lightning.qubit,brickwall_1d,12,5,24,288,50,14400,0.0011717232684168384,0.01,93611508
PennyLane,0.44.1,lightning.qubit,brickwall_1d,12,5,25,300,50,15000,0.0014158154310391067,0.01,93611508
PennyLane,0.44.1,lightning.qubit,brickwall_1d,12,5,26,312,50,15600,0.0010459950754579856,0.01,93611508
PennyLane,0.44.1,lightning.qubit,brickwall_1d,12,5,27,324,50,16200,0.0011020199688612808,0.01,93611508
PennyLane,0.44.1,lightning.qubit,brickwall_1d,12,5,28,336,50,16800,0.0009202117824867331,0.01,93611508
PennyLane,0.44.1,lightning.qubit,brickwall_1d,12,5,29,348,50,17400,0.0010899699906916954,0.01,93611508
PennyLane,0.44.1,lightning.qubit,brickwall_1d,12,5,30,360,50,18000,0.0006868496630883538,0.01,93611508
PennyLane,0.44.1,lightning.qubit,brickwall_1d,12,6,1,12,50,600,0.031032974324552747,0.01,910512241
PennyLane,0.44.1,lightning.qubit,brickwall_1d,12,6,2,24,50,1200,0.012313735237779235,0.01,910512241
PennyLane,0.44.1,lightning.qubit,brickwall_1d,12,6,3,36,50,1800,0.009895546838126674,0.01,910512241
PennyLane,0.44.1,lightning.qubit,brickwall_1d,12,6,4,48,50,2400,0.009096723008824779,0.01,910512241
PennyLane,0.44.1,lightning.qubit,brickwall_1d,12,6,5,60,50,3000,0.006404292552536242,0.01,910512241
PennyLane,0.44.1,lightning.qubit,brickwall_1d,12,6,6,72,50,3600,0.007358162571056572,0.01,910512241
PennyLane,0.44.1,lightning.qubit,brickwall_1d,12,6,7,84,50,4200,0.004529337493101535,0.01,910512241
PennyLane,0.44.1,lightning.qubit,brickwall_1d,12,6,8,96,50,4800,0.004904216673230036,0.01,910512241
PennyLane,0.44.1,lightning.qubit,brickwall_1d,12,6,9,108,50,5400,0.004293602276905665,0.01,910512241
PennyLane,0.44.1,lightning.qubit,brickwall_1d,12,6,10,120,50,6000,0.003871417817138527,0.01,910512241
PennyLane,0.44.1,lightning.qubit,brickwall_1d,12,6,11,132,50,6600,0.0032671673295847936,0.01,910512241
PennyLane,0.44.1,lightning.qubit,brickwall_1d,12,6,12,144,50,7200,0.0030030195460037275,0.01,910512241
PennyLane,0.44.1,lightning.qubit,brickwall_1d,12,6,13,156,50,7800,0.002652741432500442,0.01,910512241
PennyLane,0.44.1,lightning.qubit,brickwall_1d,12,6,14,168,50,8400,0.002591542589759584,0.01,910512241
PennyLane,0.44.1,lightning.qubit,brickwall_1d,12,6,15,180,50,9000,0.00160076611165929,0.01,910512241
PennyLane,0.44.1,lightning.qubit,brickwall_1d,12,6,16,192,50,9600,0.0024025900820871643,0.01,910512241
PennyLane,0.44.1,lightning.qubit,brickwall_1d,12,6,17,204,50,10200,0.0015178634049217172,0.01,910512241
PennyLane,0.44.1,lightning.qubit,brickwall_1d,12,6,18,216,50,10800,0.001713388844891295,0.01,910512241
PennyLane,0.44.1,lightning.qubit,brickwall_1d,12,6,19,228,50,11400,0.0011566008140374198,0.01,910512241
PennyLane,0.44.1,lightning.qubit,brickwall_1d,12,6,20,240,50,12000,0.0013422363808664214,0.01,910512241
PennyLane,0.44.1,lightning.qubit,brickwall_1d,12,6,21,252,50,12600,0.001115126080665382,0.01,910512241
PennyLane,0.44.1,lightning.qubit,brickwall_1d,12,6,22,264,50,13200,0.0013079521895796018,0.01,910512241
PennyLane,0.44.1,lightning.qubit,brickwall_1d,12,6,23,276,50,13800,0.0009529293915082243,0.01,910512241
PennyLane,0.44.1,lightning.qubit,brickwall_1d,12,6,24,288,50,14400,0.0009620581726530471,0.01,910512241
PennyLane,0.44.1,lightning.qubit,brickwall_1d,12,6,25,300,50,15000,0.0007862190159682484,0.01,910512241
PennyLane,0.44.1,lightning.qubit,brickwall_1d,12,6,26,312,50,15600,0.0009250407407955108,0.01,910512241
PennyLane,0.44.1,lightning.qubit,brickwall_1d,12,6,27,324,50,16200,0.0006128161571337043,0.01,910512241
PennyLane,0.44.1,lightning.qubit,brickwall_1d,12,6,28,336,50,16800,0.0007155825536333975,0.01,910512241
PennyLane,0.44.1,lightning.qubit,brickwall_1d,12,6,29,348,50,17400,0.0005893723970200057,0.01,910512241
PennyLane,0.44.1,lightning.qubit,brickwall_1d,12,6,30,360,50,18000,0.0006103642878203912,0.01,910512241
PennyLane,0.44.1,lightning.qubit,brickwall_1d,12,8,1,12,50,600,0.020844371618027293,0.01,1612888048
PennyLane,0.44.1,lightning.qubit,brickwall_1d,12,8,2,24,50,1200,0.006457926087455155,0.01,1612888048
PennyLane,0.44.1,lightning.qubit,brickwall_1d,12,8,3,36,50,1800,0.004355077641232096,0.01,1612888048
PennyLane,0.44.1,lightning.qubit,brickwall_1d,12,8,4,48,50,2400,0.004285726933545773,0.01,1612888048
PennyLane,0.44.1,lightning.qubit,brickwall_1d,12,8,5,60,50,3000,0.0031496309268429267,0.01,1612888048
PennyLane,0.44.1,lightning.qubit,brickwall_1d,12,8,6,72,50,3600,0.0024037189968139834,0.01,1612888048
PennyLane,0.44.1,lightning.qubit,brickwall_1d,12,8,7,84,50,4200,0.002381770262359423,0.01,1612888048
PennyLane,0.44.1,lightning.qubit,brickwall_1d,12,8,8,96,50,4800,0.0019962051141800626,0.01,1612888048
PennyLane,0.44.1,lightning.qubit,brickwall_1d,12,8,9,108,50,5400,0.0015704842856567396,0.01,1612888048
PennyLane,0.44.1,lightning.qubit,brickwall_1d,12,8,10,120,50,6000,0.0016306826346458407,0.01,1612888048
PennyLane,0.44.1,lightning.qubit,brickwall_1d,12,8,11,132,50,6600,0.001153090797908175,0.01,1612888048
PennyLane,0.44.1,lightning.qubit,brickwall_1d,12,8,12,144,50,7200,0.0012731832141549063,0.01,1612888048
PennyLane,0.44.1,lightning.qubit,brickwall_1d,12,8,13,156,50,7800,0.0008470097770579666,0.01,1612888048
PennyLane,0.44.1,lightning.qubit,brickwall_1d,12,8,14,168,50,8400,0.0009594636877098886,0.01,1612888048
PennyLane,0.44.1,lightning.qubit,brickwall_1d,12,8,15,180,50,9000,0.000777843898165122,0.01,1612888048
PennyLane,0.44.1,lightning.qubit,brickwall_1d,12,8,16,192,50,9600,0.000857946725848188,0.01,1612888048
PennyLane,0.44.1,lightning.qubit,brickwall_1d,12,8,17,204,50,10200,0.0006081613241731594,0.01,1612888048
PennyLane,0.44.1,lightning.qubit,brickwall_1d,12,8,18,216,50,10800,0.000684390221309579,0.01,1612888048
PennyLane,0.44.1,lightning.qubit,brickwall_1d,12,8,19,228,50,11400,0.0005787701776726275,0.01,1612888048
PennyLane,0.44.1,lightning.qubit,brickwall_1d,12,8,20,240,50,12000,0.0005880827260882333,0.01,1612888048
PennyLane,0.44.1,lightning.qubit,brickwall_1d,12,8,21,252,50,12600,0.0004759479480976061,0.01,1612888048
PennyLane,0.44.1,lightning.qubit,brickwall_1d,12,8,22,264,50,13200,0.0005503119725565251,0.01,1612888048
PennyLane,0.44.1,lightning.qubit,brickwall_1d,12,8,23,276,50,13800,0.0004364048117144104,0.01,1612888048
PennyLane,0.44.1,lightning.qubit,brickwall_1d,12,8,24,288,50,14400,0.0005015409927105442,0.01,1612888048
PennyLane,0.44.1,lightning.qubit,brickwall_1d,12,8,25,300,50,15000,0.0004073112059624726,0.01,1612888048
PennyLane,0.44.1,lightning.qubit,brickwall_1d,12,8,26,312,50,15600,0.00041449837726836495,0.01,1612888048
PennyLane,0.44.1,lightning.qubit,brickwall_1d,12,8,27,324,50,16200,0.0003672570080423742,0.01,1612888048
PennyLane,0.44.1,lightning.qubit,brickwall_1d,12,8,28,336,50,16800,0.000375989609864602,0.01,1612888048
PennyLane,0.44.1,lightning.qubit,brickwall_1d,12,8,29,348,50,17400,0.00037320061156567784,0.01,1612888048
PennyLane,0.44.1,lightning.qubit,brickwall_1d,12,8,30,360,50,18000,0.0003562151300951632,0.01,1612888048
PennyLane,0.44.1,lightning.qubit,brickwall_1d,12,10,1,12,50,600,0.012129033578987652,0.01,3021478325
PennyLane,0.44.1,lightning.qubit,brickwall_1d,12,10,2,24,50,1200,0.004129873934982994,0.01,3021478325
PennyLane,0.44.1,lightning.qubit,brickwall_1d,12,10,3,36,50,1800,0.0014641547779022188,0.01,3021478325
PennyLane,0.44.1,lightning.qubit,brickwall_1d,12,10,4,48,50,2400,0.0013973432990394441,0.01,3021478325
PennyLane,0.44.1,lightning.qubit,brickwall_1d,12,10,5,60,50,3000,0.001000414481652186,0.01,3021478325
PennyLane,0.44.1,lightning.qubit,brickwall_1d,12,10,6,72,50,3600,0.001048222624235951,0.01,3021478325
PennyLane,0.44.1,lightning.qubit,brickwall_1d,12,10,7,84,50,4200,0.0009833298671219366,0.01,3021478325
PennyLane,0.44.1,lightning.qubit,brickwall_1d,12,10,8,96,50,4800,0.0010009357301255621,0.01,3021478325
PennyLane,0.44.1,lightning.qubit,brickwall_1d,12,10,9,108,50,5400,0.0007113177884487735,0.01,3021478325
PennyLane,0.44.1,lightning.qubit,brickwall_1d,12,10,10,120,50,6000,0.0007392292123222252,0.01,3021478325
PennyLane,0.44.1,lightning.qubit,brickwall_1d,12,10,11,132,50,6600,0.0006536243333389864,0.01,3021478325
PennyLane,0.44.1,lightning.qubit,brickwall_1d,12,10,12,144,50,7200,0.0006330142117141772,0.01,3021478325
PennyLane,0.44.1,lightning.qubit,brickwall_1d,12,10,13,156,50,7800,0.0004931736650819729,0.01,3021478325
PennyLane,0.44.1,lightning.qubit,brickwall_1d,12,10,14,168,50,8400,0.0005050705858347118,0.01,3021478325
PennyLane,0.44.1,lightning.qubit,brickwall_1d,12,10,15,180,50,9000,0.0004500165066501527,0.01,3021478325
PennyLane,0.44.1,lightning.qubit,brickwall_1d,12,10,16,192,50,9600,0.0003824439038202848,0.01,3021478325
PennyLane,0.44.1,lightning.qubit,brickwall_1d,12,10,17,204,50,10200,0.0004546027799188464,0.01,3021478325
PennyLane,0.44.1,lightning.qubit,brickwall_1d,12,10,18,216,50,10800,0.00037792761517851367,0.01,3021478325
PennyLane,0.44.1,lightning.qubit,brickwall_1d,12,10,19,228,50,11400,0.00038909185152006203,0.01,3021478325
PennyLane,0.44.1,lightning.qubit,brickwall_1d,12,10,20,240,50,12000,0.0004038514403032512,0.01,3021478325
PennyLane,0.44.1,lightning.qubit,brickwall_1d,12,10,21,252,50,12600,0.0003431496642604909,0.01,3021478325
PennyLane,0.44.1,lightning.qubit,brickwall_1d,12,10,22,264,50,13200,0.0003492553104910919,0.01,3021478325
PennyLane,0.44.1,lightning.qubit,brickwall_1d,12,10,23,276,50,13800,0.00031627894534930797,0.01,3021478325
PennyLane,0.44.1,lightning.qubit,brickwall_1d,12,10,24,288,50,14400,0.00032809102960726464,0.01,3021478325
PennyLane,0.44.1,lightning.qubit,brickwall_1d,12,10,25,300,50,15000,0.0003118898683490144,0.01,3021478325
PennyLane,0.44.1,lightning.qubit,brickwall_1d,12,10,26,312,50,15600,0.0003147416071548117,0.01,3021478325
PennyLane,0.44.1,lightning.qubit,brickwall_1d,12,10,27,324,50,16200,0.00030362215865258535,0.01,3021478325
PennyLane,0.44.1,lightning.qubit,brickwall_1d,12,10,28,336,50,16800,0.00028583280656235946,0.01,3021478325
PennyLane,0.44.1,lightning.qubit,brickwall_1d,12,10,29,348,50,17400,0.00028081899677801365,0.01,3021478325
PennyLane,0.44.1,lightning.qubit,brickwall_1d,12,10,30,360,50,18000,0.00028209659644600615,0.01,3021478325
PennyLane,0.44.1,lightning.qubit,brickwall_1d,12,12,1,12,50,600,0.008945018537260907,0.01,2263635418
PennyLane,0.44.1,lightning.qubit,brickwall_1d,12,12,2,24,50,1200,0.001356199975864508,0.01,2263635418
PennyLane,0.44.1,lightning.qubit,brickwall_1d,12,12,3,36,50,1800,0.0014240227982695768,0.01,2263635418
PennyLane,0.44.1,lightning.qubit,brickwall_1d,12,12,4,48,50,2400,0.000744782458313049,0.01,2263635418
PennyLane,0.44.1,lightning.qubit,brickwall_1d,12,12,5,60,50,3000,0.0005558121891059386,0.01,2263635418
PennyLane,0.44.1,lightning.qubit,brickwall_1d,12,12,6,72,50,3600,0.0006440110213691855,0.01,2263635418
PennyLane,0.44.1,lightning.qubit,brickwall_1d,12,12,7,84,50,4200,0.000671158191220665,0.01,2263635418
PennyLane,0.44.1,lightning.qubit,brickwall_1d,12,12,8,96,50,4800,0.0004498290197920706,0.01,2263635418
PennyLane,0.44.1,lightning.qubit,brickwall_1d,12,12,9,108,50,5400,0.0005068044918460389,0.01,2263635418
PennyLane,0.44.1,lightning.qubit,brickwall_1d,12,12,10,120,50,6000,0.0005312771386808282,0.01,2263635418
PennyLane,0.44.1,lightning.qubit,brickwall_1d,12,12,11,132,50,6600,0.0005818494691263188,0.01,2263635418
PennyLane,0.44.1,lightning.qubit,brickwall_1d,12,12,12,144,50,7200,0.00042026571091821136,0.01,2263635418
PennyLane,0.44.1,lightning.qubit,brickwall_1d,12,12,13,156,50,7800,0.0003769898095886796,0.01,2263635418
PennyLane,0.44.1,lightning.qubit,brickwall_1d,12,12,14,168,50,8400,0.0004622049784149551,0.01,2263635418
PennyLane,0.44.1,lightning.qubit,brickwall_1d,12,12,15,180,50,9000,0.0004117741114765995,0.01,2263635418
PennyLane,0.44.1,lightning.qubit,brickwall_1d,12,12,16,192,50,9600,0.00036492111831352774,0.01,2263635418
PennyLane,0.44.1,lightning.qubit,brickwall_1d,12,12,17,204,50,10200,0.0003898096526818205,0.01,2263635418
PennyLane,0.44.1,lightning.qubit,brickwall_1d,12,12,18,216,50,10800,0.00037908710772871355,0.01,2263635418
PennyLane,0.44.1,lightning.qubit,brickwall_1d,12,12,19,228,50,11400,0.0003028421514350676,0.01,2263635418
PennyLane,0.44.1,lightning.qubit,brickwall_1d,12,12,20,240,50,12000,0.00032596115784902735,0.01,2263635418
PennyLane,0.44.1,lightning.qubit,brickwall_1d,12,12,21,252,50,12600,0.0003435649510411567,0.01,2263635418
PennyLane,0.44.1,lightning.qubit,brickwall_1d,12,12,22,264,50,13200,0.0002944147172761758,0.01,2263635418
PennyLane,0.44.1,lightning.qubit,brickwall_1d,12,12,23,276,50,13800,0.00032024118341350896,0.01,2263635418
PennyLane,0.44.1,lightning.qubit,brickwall_1d,12,12,24,288,50,14400,0.00033278403704774934,0.01,2263635418
PennyLane,0.44.1,lightning.qubit,brickwall_1d,12,12,25,300,50,15000,0.00030487004099260146,0.01,2263635418
PennyLane,0.44.1,lightning.qubit,brickwall_1d,12,12,26,312,50,15600,0.00032802443780712893,0.01,2263635418
PennyLane,0.44.1,lightning.qubit,brickwall_1d,12,12,27,324,50,16200,0.00028284628851192725,0.01,2263635418
PennyLane,0.44.1,lightning.qubit,brickwall_1d,12,12,28,336,50,16800,0.0002706085410609394,0.01,2263635418
PennyLane,0.44.1,lightning.qubit,brickwall_1d,12,12,29,348,50,17400,0.0002809656349517799,0.01,2263635418
PennyLane,0.44.1,lightning.qubit,brickwall_1d,12,12,30,360,50,18000,0.0002790873479559757,0.01,2263635418
PennyLane,0.44.1,lightning.qubit,brickwall_1d,14,2,1,14,50,700,0.03819145668208855,0.01,2830028685
PennyLane,0.44.1,lightning.qubit,brickwall_1d,14,2,2,28,50,1400,0.033576544820960716,0.01,2830028685
PennyLane,0.44.1,lightning.qubit,brickwall_1d,14,2,3,42,50,2100,0.025251078421869678,0.01,2830028685
PennyLane,0.44.1,lightning.qubit,brickwall_1d,14,2,4,56,50,2800,0.026674317926245174,0.01,2830028685
PennyLane,0.44.1,lightning.qubit,brickwall_1d,14,2,5,70,50,3500,0.018837592681991863,0.01,2830028685
PennyLane,0.44.1,lightning.qubit,brickwall_1d,14,2,6,84,50,4200,0.020734318473093098,0.01,2830028685
PennyLane,0.44.1,lightning.qubit,brickwall_1d,14,2,7,98,50,4900,0.015213701692470003,0.01,2830028685
PennyLane,0.44.1,lightning.qubit,brickwall_1d,14,2,8,112,50,5600,0.016598095294510524,0.01,2830028685
PennyLane,0.44.1,lightning.qubit,brickwall_1d,14,2,9,126,50,6300,0.012323029846803057,0.01,2830028685
PennyLane,0.44.1,lightning.qubit,brickwall_1d,14,2,10,140,50,7000,0.01518977186019482,0.01,2830028685
PennyLane,0.44.1,lightning.qubit,brickwall_1d,14,2,11,154,50,7700,0.012044918469593996,0.01,2830028685
PennyLane,0.44.1,lightning.qubit,brickwall_1d,14,2,12,168,50,8400,0.013330900993793495,0.01,2830028685
PennyLane,0.44.1,lightning.qubit,brickwall_1d,14,2,13,182,50,9100,0.008593117041797655,0.01,2830028685
PennyLane,0.44.1,lightning.qubit,brickwall_1d,14,2,14,196,50,9800,0.009126222449091038,0.01,2830028685
PennyLane,0.44.1,lightning.qubit,brickwall_1d,14,2,15,210,50,10500,0.007704583519689506,0.01,2830028685
PennyLane,0.44.1,lightning.qubit,brickwall_1d,14,2,16,224,50,11200,0.007132905941915738,0.01,2830028685
PennyLane,0.44.1,lightning.qubit,brickwall_1d,14,2,17,238,50,11900,0.006595165813794834,0.01,2830028685
PennyLane,0.44.1,lightning.qubit,brickwall_1d,14,2,18,252,50,12600,0.007031929296592418,0.01,2830028685
PennyLane,0.44.1,lightning.qubit,brickwall_1d,14,2,19,266,50,13300,0.005003484735068644,0.01,2830028685
PennyLane,0.44.1,lightning.qubit,brickwall_1d,14,2,20,280,50,14000,0.005248892375892761,0.01,2830028685
PennyLane,0.44.1,lightning.qubit,brickwall_1d,14,2,21,294,50,14700,0.004935001033242135,0.01,2830028685
PennyLane,0.44.1,lightning.qubit,brickwall_1d,14,2,22,308,50,15400,0.005183624993447577,0.01,2830028685
PennyLane,0.44.1,lightning.qubit,brickwall_1d,14,2,23,322,50,16100,0.0037587821325101864,0.01,2830028685
PennyLane,0.44.1,lightning.qubit,brickwall_1d,14,2,24,336,50,16800,0.004082035326637834,0.01,2830028685
PennyLane,0.44.1,lightning.qubit,brickwall_1d,14,2,25,350,50,17500,0.002696766726540954,0.01,2830028685
PennyLane,0.44.1,lightning.qubit,brickwall_1d,14,2,26,364,50,18200,0.003195900834256531,0.01,2830028685
PennyLane,0.44.1,lightning.qubit,brickwall_1d,14,2,27,378,50,18900,0.00219841072201465,0.01,2830028685
PennyLane,0.44.1,lightning.qubit,brickwall_1d,14,2,28,392,50,19600,0.0025887938617287945,0.01,2830028685
PennyLane,0.44.1,lightning.qubit,brickwall_1d,14,2,29,406,50,20300,0.0019406212085140116,0.01,2830028685
PennyLane,0.44.1,lightning.qubit,brickwall_1d,14,2,30,420,50,21000,0.0020553797799121288,0.01,2830028685
PennyLane,0.44.1,lightning.qubit,brickwall_1d,14,3,1,14,50,700,0.03365629329382604,0.01,3411208143
PennyLane,0.44.1,lightning.qubit,brickwall_1d,14,3,2,28,50,1400,0.022112613413329454,0.01,3411208143
PennyLane,0.44.1,lightning.qubit,brickwall_1d,14,3,3,42,50,2100,0.026110235008944226,0.01,3411208143
PennyLane,0.44.1,lightning.qubit,brickwall_1d,14,3,4,56,50,2800,0.020824908548578037,0.01,3411208143
PennyLane,0.44.1,lightning.qubit,brickwall_1d,14,3,5,70,50,3500,0.0194438125789008,0.01,3411208143
PennyLane,0.44.1,lightning.qubit,brickwall_1d,14,3,6,84,50,4200,0.013507825944673176,0.01,3411208143
PennyLane,0.44.1,lightning.qubit,brickwall_1d,14,3,7,98,50,4900,0.016601823696745666,0.01,3411208143
PennyLane,0.44.1,lightning.qubit,brickwall_1d,14,3,8,112,50,5600,0.012717456102240069,0.01,3411208143
PennyLane,0.44.1,lightning.qubit,brickwall_1d,14,3,9,126,50,6300,0.011971065416947858,0.01,3411208143
PennyLane,0.44.1,lightning.qubit,brickwall_1d,14,3,10,140,50,7000,0.00937895821458349,0.01,3411208143
PennyLane,0.44.1,lightning.qubit,brickwall_1d,14,3,11,154,50,7700,0.010262090196325112,0.01,3411208143
PennyLane,0.44.1,lightning.qubit,brickwall_1d,14,3,12,168,50,8400,0.0076386760205155065,0.01,3411208143
PennyLane,0.44.1,lightning.qubit,brickwall_1d,14,3,13,182,50,9100,0.007869290507999525,0.01,3411208143
PennyLane,0.44.1,lightning.qubit,brickwall_1d,14,3,14,196,50,9800,0.0062147671819086005,0.01,3411208143
PennyLane,0.44.1,lightning.qubit,brickwall_1d,14,3,15,210,50,10500,0.006911202109272609,0.01,3411208143
PennyLane,0.44.1,lightning.qubit,brickwall_1d,14,3,16,224,50,11200,0.006207929054377325,0.01,3411208143
PennyLane,0.44.1,lightning.qubit,brickwall_1d,14,3,17,238,50,11900,0.005571556690729458,0.01,3411208143
PennyLane,0.44.1,lightning.qubit,brickwall_1d,14,3,18,252,50,12600,0.0044590120977246695,0.01,3411208143
PennyLane,0.44.1,lightning.qubit,brickwall_1d,14,3,19,266,50,13300,0.004526292741914944,0.01,3411208143
PennyLane,0.44.1,lightning.qubit,brickwall_1d,14,3,20,280,50,14000,0.0033930926907364276,0.01,3411208143
PennyLane,0.44.1,lightning.qubit,brickwall_1d,14,3,21,294,50,14700,0.003872533700240032,0.01,3411208143
PennyLane,0.44.1,lightning.qubit,brickwall_1d,14,3,22,308,50,15400,0.0029126256304342914,0.01,3411208143
PennyLane,0.44.1,lightning.qubit,brickwall_1d,14,3,23,322,50,16100,0.0030844637485853785,0.01,3411208143
PennyLane,0.44.1,lightning.qubit,brickwall_1d,14,3,24,336,50,16800,0.002228117082588192,0.01,3411208143
PennyLane,0.44.1,lightning.qubit,brickwall_1d,14,3,25,350,50,17500,0.002569535091716567,0.01,3411208143
PennyLane,0.44.1,lightning.qubit,brickwall_1d,14,3,26,364,50,18200,0.001972766408010077,0.01,3411208143
PennyLane,0.44.1,lightning.qubit,brickwall_1d,14,3,27,378,50,18900,0.001861261690426437,0.01,3411208143
PennyLane,0.44.1,lightning.qubit,brickwall_1d,14,3,28,392,50,19600,0.0016599186558817814,0.01,3411208143
PennyLane,0.44.1,lightning.qubit,brickwall_1d,14,3,29,406,50,20300,0.0017498033227902352,0.01,3411208143
PennyLane,0.44.1,lightning.qubit,brickwall_1d,14,3,30,420,50,21000,0.0012107662134928135,0.01,3411208143
PennyLane,0.44.1,lightning.qubit,brickwall_1d,14,4,1,14,50,700,0.03515227292217571,0.01,962343010
PennyLane,0.44.1,lightning.qubit,brickwall_1d,14,4,2,28,50,1400,0.02441499253436853,0.01,962343010
PennyLane,0.44.1,lightning.qubit,brickwall_1d,14,4,3,42,50,2100,0.012973742671112285,0.01,962343010
PennyLane,0.44.1,lightning.qubit,brickwall_1d,14,4,4,56,50,2800,0.016906991665402507,0.01,962343010
PennyLane,0.44.1,lightning.qubit,brickwall_1d,14,4,5,70,50,3500,0.011374591401346687,0.01,962343010
PennyLane,0.44.1,lightning.qubit,brickwall_1d,14,4,6,84,50,4200,0.012127577712240392,0.01,962343010
PennyLane,0.44.1,lightning.qubit,brickwall_1d,14,4,7,98,50,4900,0.00972717483299531,0.01,962343010
PennyLane,0.44.1,lightning.qubit,brickwall_1d,14,4,8,112,50,5600,0.00953548071442623,0.01,962343010
PennyLane,0.44.1,lightning.qubit,brickwall_1d,14,4,9,126,50,6300,0.008153390288960543,0.01,962343010
PennyLane,0.44.1,lightning.qubit,brickwall_1d,14,4,10,140,50,7000,0.008684875240617899,0.01,962343010
PennyLane,0.44.1,lightning.qubit,brickwall_1d,14,4,11,154,50,7700,0.005570045687292445,0.01,962343010
PennyLane,0.44.1,lightning.qubit,brickwall_1d,14,4,12,168,50,8400,0.006928502504978883,0.01,962343010
PennyLane,0.44.1,lightning.qubit,brickwall_1d,14,4,13,182,50,9100,0.005191974604249805,0.01,962343010
PennyLane,0.44.1,lightning.qubit,brickwall_1d,14,4,14,196,50,9800,0.005131218382582587,0.01,962343010
PennyLane,0.44.1,lightning.qubit,brickwall_1d,14,4,15,210,50,10500,0.00362150390715444,0.01,962343010
PennyLane,0.44.1,lightning.qubit,brickwall_1d,14,4,16,224,50,11200,0.004369062761568231,0.01,962343010
PennyLane,0.44.1,lightning.qubit,brickwall_1d,14,4,17,238,50,11900,0.0031179757156965873,0.01,962343010
PennyLane,0.44.1,lightning.qubit,brickwall_1d,14,4,18,252,50,12600,0.003754951490714364,0.01,962343010
PennyLane,0.44.1,lightning.qubit,brickwall_1d,14,4,19,266,50,13300,0.002603379740112028,0.01,962343010
PennyLane,0.44.1,lightning.qubit,brickwall_1d,14,4,20,280,50,14000,0.002876695472158013,0.01,962343010
PennyLane,0.44.1,lightning.qubit,brickwall_1d,14,4,21,294,50,14700,0.001896859470876075,0.01,962343010
PennyLane,0.44.1,lightning.qubit,brickwall_1d,14,4,22,308,50,15400,0.0025164954275795535,0.01,962343010
PennyLane,0.44.1,lightning.qubit,brickwall_1d,14,4,23,322,50,16100,0.001928994855810085,0.01,962343010
PennyLane,0.44.1,lightning.qubit,brickwall_1d,14,4,24,336,50,16800,0.0018760335549928777,0.01,962343010
PennyLane,0.44.1,lightning.qubit,brickwall_1d,14,4,25,350,50,17500,0.0013719033941571653,0.01,962343010
PennyLane,0.44.1,lightning.qubit,brickwall_1d,14,4,26,364,50,18200,0.0015699176520503559,0.01,962343010
PennyLane,0.44.1,lightning.qubit,brickwall_1d,14,4,27,378,50,18900,0.0010651541815778463,0.01,962343010
PennyLane,0.44.1,lightning.qubit,brickwall_1d,14,4,28,392,50,19600,0.001204160525726919,0.01,962343010
PennyLane,0.44.1,lightning.qubit,brickwall_1d,14,4,29,406,50,20300,0.0008235452324860434,0.01,962343010
PennyLane,0.44.1,lightning.qubit,brickwall_1d,14,4,30,420,50,21000,0.001058409559703689,0.01,962343010
PennyLane,0.44.1,lightning.qubit,brickwall_1d,14,5,1,14,50,700,0.02431271413420185,0.01,1583276361
PennyLane,0.44.1,lightning.qubit,brickwall_1d,14,5,2,28,50,1400,0.013066051677211735,0.01,1583276361
PennyLane,0.44.1,lightning.qubit,brickwall_1d,14,5,3,42,50,2100,0.012104045496559194,0.01,1583276361
PennyLane,0.44.1,lightning.qubit,brickwall_1d,14,5,4,56,50,2800,0.008497221246849169,0.01,1583276361
PennyLane,0.44.1,lightning.qubit,brickwall_1d,14,5,5,70,50,3500,0.010069893891011962,0.01,1583276361
PennyLane,0.44.1,lightning.qubit,brickwall_1d,14,5,6,84,50,4200,0.007542784230503323,0.01,1583276361
PennyLane,0.44.1,lightning.qubit,brickwall_1d,14,5,7,98,50,4900,0.007883374487656025,0.01,1583276361
PennyLane,0.44.1,lightning.qubit,brickwall_1d,14,5,8,112,50,5600,0.005604689910004517,0.01,1583276361
PennyLane,0.44.1,lightning.qubit,brickwall_1d,14,5,9,126,50,6300,0.00641280219407096,0.01,1583276361
PennyLane,0.44.1,lightning.qubit,brickwall_1d,14,5,10,140,50,7000,0.004410295166865726,0.01,1583276361
PennyLane,0.44.1,lightning.qubit,brickwall_1d,14,5,11,154,50,7700,0.004900977554552165,0.01,1583276361
PennyLane,0.44.1,lightning.qubit,brickwall_1d,14,5,12,168,50,8400,0.004103724237797542,0.01,1583276361
PennyLane,0.44.1,lightning.qubit,brickwall_1d,14,5,13,182,50,9100,0.003715790054693649,0.01,1583276361
PennyLane,0.44.1,lightning.qubit,brickwall_1d,14,5,14,196,50,9800,0.0029406922672149775,0.01,1583276361
PennyLane,0.44.1,lightning.qubit,brickwall_1d,14,5,15,210,50,10500,0.0034535208573015174,0.01,1583276361
PennyLane,0.44.1,lightning.qubit,brickwall_1d,14,5,16,224,50,11200,0.0023920105541231696,0.01,1583276361
PennyLane,0.44.1,lightning.qubit,brickwall_1d,14,5,17,238,50,11900,0.002531499489590438,0.01,1583276361
PennyLane,0.44.1,lightning.qubit,brickwall_1d,14,5,18,252,50,12600,0.0018037732097889879,0.01,1583276361
PennyLane,0.44.1,lightning.qubit,brickwall_1d,14,5,19,266,50,13300,0.0019920662940430866,0.01,1583276361
PennyLane,0.44.1,lightning.qubit,brickwall_1d,14,5,20,280,50,14000,0.0015658848170433722,0.01,1583276361
PennyLane,0.44.1,lightning.qubit,brickwall_1d,14,5,21,294,50,14700,0.0015980310555421403,0.01,1583276361
PennyLane,0.44.1,lightning.qubit,brickwall_1d,14,5,22,308,50,15400,0.0012952184786119891,0.01,1583276361
PennyLane,0.44.1,lightning.qubit,brickwall_1d,14,5,23,322,50,16100,0.001390585356963793,0.01,1583276361
PennyLane,0.44.1,lightning.qubit,brickwall_1d,14,5,24,336,50,16800,0.0009349317925639721,0.01,1583276361
PennyLane,0.44.1,lightning.qubit,brickwall_1d,14,5,25,350,50,17500,0.0010089761090969422,0.01,1583276361
PennyLane,0.44.1,lightning.qubit,brickwall_1d,14,5,26,364,50,18200,0.0008085442981837209,0.01,1583276361
PennyLane,0.44.1,lightning.qubit,brickwall_1d,14,5,27,378,50,18900,0.0009466026502831144,0.01,1583276361
PennyLane,0.44.1,lightning.qubit,brickwall_1d,14,5,28,392,50,19600,0.0007119111174257077,0.01,1583276361
PennyLane,0.44.1,lightning.qubit,brickwall_1d,14,5,29,406,50,20300,0.0007550485947613961,0.01,1583276361
PennyLane,0.44.1,lightning.qubit,brickwall_1d,14,5,30,420,50,21000,0.0005825881650619647,0.01,1583276361
PennyLane,0.44.1,lightning.qubit,brickwall_1d,14,6,1,14,50,700,0.028169067447958426,0.01,3246073059
PennyLane,0.44.1,lightning.qubit,brickwall_1d,14,6,2,28,50,1400,0.011902441173798899,0.01,3246073059
PennyLane,0.44.1,lightning.qubit,brickwall_1d,14,6,3,42,50,2100,0.009410407150114621,0.01,3246073059
PennyLane,0.44.1,lightning.qubit,brickwall_1d,14,6,4,56,50,2800,0.006732170581848759,0.01,3246073059
PennyLane,0.44.1,lightning.qubit,brickwall_1d,14,6,5,70,50,3500,0.0055232806055588255,0.01,3246073059
PennyLane,0.44.1,lightning.qubit,brickwall_1d,14,6,6,84,50,4200,0.005220462218056074,0.01,3246073059
PennyLane,0.44.1,lightning.qubit,brickwall_1d,14,6,7,98,50,4900,0.005146473786633119,0.01,3246073059
PennyLane,0.44.1,lightning.qubit,brickwall_1d,14,6,8,112,50,5600,0.004429121435971139,0.01,3246073059
PennyLane,0.44.1,lightning.qubit,brickwall_1d,14,6,9,126,50,6300,0.003371893600916111,0.01,3246073059
PennyLane,0.44.1,lightning.qubit,brickwall_1d,14,6,10,140,50,7000,0.0033817492536668144,0.01,3246073059
PennyLane,0.44.1,lightning.qubit,brickwall_1d,14,6,11,154,50,7700,0.002682780816712082,0.01,3246073059
PennyLane,0.44.1,lightning.qubit,brickwall_1d,14,6,12,168,50,8400,0.0030708941363143828,0.01,3246073059
PennyLane,0.44.1,lightning.qubit,brickwall_1d,14,6,13,182,50,9100,0.0019036376808570482,0.01,3246073059
PennyLane,0.44.1,lightning.qubit,brickwall_1d,14,6,14,196,50,9800,0.002264187514555381,0.01,3246073059
PennyLane,0.44.1,lightning.qubit,brickwall_1d,14,6,15,210,50,10500,0.0016849887954709585,0.01,3246073059
PennyLane,0.44.1,lightning.qubit,brickwall_1d,14,6,16,224,50,11200,0.0018697388524987742,0.01,3246073059
PennyLane,0.44.1,lightning.qubit,brickwall_1d,14,6,17,238,50,11900,0.001195292787296708,0.01,3246073059
PennyLane,0.44.1,lightning.qubit,brickwall_1d,14,6,18,252,50,12600,0.001515457511811199,0.01,3246073059
PennyLane,0.44.1,lightning.qubit,brickwall_1d,14,6,19,266,50,13300,0.001014636175088387,0.01,3246073059
PennyLane,0.44.1,lightning.qubit,brickwall_1d,14,6,20,280,50,14000,0.0011042789517799894,0.01,3246073059
PennyLane,0.44.1,lightning.qubit,brickwall_1d,14,6,21,294,50,14700,0.0009482796444002783,0.01,3246073059
PennyLane,0.44.1,lightning.qubit,brickwall_1d,14,6,22,308,50,15400,0.0009411691200609815,0.01,3246073059
PennyLane,0.44.1,lightning.qubit,brickwall_1d,14,6,23,322,50,16100,0.000709825788151077,0.01,3246073059
PennyLane,0.44.1,lightning.qubit,brickwall_1d,14,6,24,336,50,16800,0.0007233161819060391,0.01,3246073059
PennyLane,0.44.1,lightning.qubit,brickwall_1d,14,6,25,350,50,17500,0.0005061594669126136,0.01,3246073059
PennyLane,0.44.1,lightning.qubit,brickwall_1d,14,6,26,364,50,18200,0.0006339416941974416,0.01,3246073059
PennyLane,0.44.1,lightning.qubit,brickwall_1d,14,6,27,378,50,18900,0.0004858884212782592,0.01,3246073059
PennyLane,0.44.1,lightning.qubit,brickwall_1d,14,6,28,392,50,19600,0.00053139263810598,0.01,3246073059
PennyLane,0.44.1,lightning.qubit,brickwall_1d,14,6,29,406,50,20300,0.0003260732141198808,0.01,3246073059
PennyLane,0.44.1,lightning.qubit,brickwall_1d,14,6,30,420,50,21000,0.0003995843084375391,0.01,3246073059
PennyLane,0.44.1,lightning.qubit,brickwall_1d,14,8,1,14,50,700,0.01741259757060091,0.01,3722423352
PennyLane,0.44.1,lightning.qubit,brickwall_1d,14,8,2,28,50,1400,0.005598606008456815,0.01,3722423352
PennyLane,0.44.1,lightning.qubit,brickwall_1d,14,8,3,42,50,2100,0.004267527738639003,0.01,3722423352
PennyLane,0.44.1,lightning.qubit,brickwall_1d,14,8,4,56,50,2800,0.002701991478087449,0.01,3722423352
PennyLane,0.44.1,lightning.qubit,brickwall_1d,14,8,5,70,50,3500,0.0019482250181855863,0.01,3722423352
PennyLane,0.44.1,lightning.qubit,brickwall_1d,14,8,6,84,50,4200,0.0019076124755075866,0.01,3722423352
PennyLane,0.44.1,lightning.qubit,brickwall_1d,14,8,7,98,50,4900,0.0019438690279929725,0.01,3722423352
PennyLane,0.44.1,lightning.qubit,brickwall_1d,14,8,8,112,50,5600,0.0018001301627371743,0.01,3722423352
PennyLane,0.44.1,lightning.qubit,brickwall_1d,14,8,9,126,50,6300,0.0013318811139666912,0.01,3722423352
PennyLane,0.44.1,lightning.qubit,brickwall_1d,14,8,10,140,50,7000,0.0010635228793896272,0.01,3722423352
PennyLane,0.44.1,lightning.qubit,brickwall_1d,14,8,11,154,50,7700,0.000928199689151852,0.01,3722423352
PennyLane,0.44.1,lightning.qubit,brickwall_1d,14,8,12,168,50,8400,0.0008873666110107717,0.01,3722423352
PennyLane,0.44.1,lightning.qubit,brickwall_1d,14,8,13,182,50,9100,0.0008378027558376953,0.01,3722423352
PennyLane,0.44.1,lightning.qubit,brickwall_1d,14,8,14,196,50,9800,0.0009974429491493135,0.01,3722423352
PennyLane,0.44.1,lightning.qubit,brickwall_1d,14,8,15,210,50,10500,0.0005814633178234283,0.01,3722423352
PennyLane,0.44.1,lightning.qubit,brickwall_1d,14,8,16,224,50,11200,0.0006468653811780446,0.01,3722423352
PennyLane,0.44.1,lightning.qubit,brickwall_1d,14,8,17,238,50,11900,0.0004322210026925124,0.01,3722423352
PennyLane,0.44.1,lightning.qubit,brickwall_1d,14,8,18,252,50,12600,0.0005457507592120199,0.01,3722423352
PennyLane,0.44.1,lightning.qubit,brickwall_1d,14,8,19,266,50,13300,0.0003497521996573417,0.01,3722423352
PennyLane,0.44.1,lightning.qubit,brickwall_1d,14,8,20,280,50,14000,0.0004954304103582317,0.01,3722423352
PennyLane,0.44.1,lightning.qubit,brickwall_1d,14,8,21,294,50,14700,0.00034936850027823504,0.01,3722423352
PennyLane,0.44.1,lightning.qubit,brickwall_1d,14,8,22,308,50,15400,0.000353484820921035,0.01,3722423352
PennyLane,0.44.1,lightning.qubit,brickwall_1d,14,8,23,322,50,16100,0.0002796842215530584,0.01,3722423352
PennyLane,0.44.1,lightning.qubit,brickwall_1d,14,8,24,336,50,16800,0.0002969230756831863,0.01,3722423352
PennyLane,0.44.1,lightning.qubit,brickwall_1d,14,8,25,350,50,17500,0.00022216877001037446,0.01,3722423352
PennyLane,0.44.1,lightning.qubit,brickwall_1d,14,8,26,364,50,18200,0.0002681695746210726,0.01,3722423352
PennyLane,0.44.1,lightning.qubit,brickwall_1d,14,8,27,378,50,18900,0.00019365447061450128,0.01,3722423352
PennyLane,0.44.1,lightning.qubit,brickwall_1d,14,8,28,392,50,19600,0.00021113143414906336,0.01,3722423352
PennyLane,0.44.1,lightning.qubit,brickwall_1d,14,8,29,406,50,20300,0.00018712285209184092,0.01,3722423352
PennyLane,0.44.1,lightning.qubit,brickwall_1d,14,8,30,420,50,21000,0.00017649992552224,0.01,3722423352
PennyLane,0.44.1,lightning.qubit,brickwall_1d,14,10,1,14,50,700,0.010862830111741105,0.01,403420762
PennyLane,0.44.1,lightning.qubit,brickwall_1d,14,10,2,28,50,1400,0.0028878660586043607,0.01,403420762
PennyLane,0.44.1,lightning.qubit,brickwall_1d,14,10,3,42,50,2100,0.0017077729447196191,0.01,403420762
PennyLane,0.44.1,lightning.qubit,brickwall_1d,14,10,4,56,50,2800,0.0015111552534161769,0.01,403420762
PennyLane,0.44.1,lightning.qubit,brickwall_1d,14,10,5,70,50,3500,0.0008819245591475637,0.01,403420762
PennyLane,0.44.1,lightning.qubit,brickwall_1d,14,10,6,84,50,4200,0.0008059909353180481,0.01,403420762
PennyLane,0.44.1,lightning.qubit,brickwall_1d,14,10,7,98,50,4900,0.0006083330060357399,0.01,403420762
PennyLane,0.44.1,lightning.qubit,brickwall_1d,14,10,8,112,50,5600,0.0008138811781627076,0.01,403420762
PennyLane,0.44.1,lightning.qubit,brickwall_1d,14,10,9,126,50,6300,0.00037004928890195776,0.01,403420762
PennyLane,0.44.1,lightning.qubit,brickwall_1d,14,10,10,140,50,7000,0.00045740435439323856,0.01,403420762
PennyLane,0.44.1,lightning.qubit,brickwall_1d,14,10,11,154,50,7700,0.00039083237136271833,0.01,403420762
PennyLane,0.44.1,lightning.qubit,brickwall_1d,14,10,12,168,50,8400,0.00036729820662090496,0.01,403420762
PennyLane,0.44.1,lightning.qubit,brickwall_1d,14,10,13,182,50,9100,0.0003166434040944899,0.01,403420762
PennyLane,0.44.1,lightning.qubit,brickwall_1d,14,10,14,196,50,9800,0.00026541409738881967,0.01,403420762
PennyLane,0.44.1,lightning.qubit,brickwall_1d,14,10,15,210,50,10500,0.00022079170380006895,0.01,403420762
PennyLane,0.44.1,lightning.qubit,brickwall_1d,14,10,16,224,50,11200,0.00025000677894449413,0.01,403420762
PennyLane,0.44.1,lightning.qubit,brickwall_1d,14,10,17,238,50,11900,0.00020991714264135614,0.01,403420762
PennyLane,0.44.1,lightning.qubit,brickwall_1d,14,10,18,252,50,12600,0.0002017223639141025,0.01,403420762
PennyLane,0.44.1,lightning.qubit,brickwall_1d,14,10,19,266,50,13300,0.00018217482946039664,0.01,403420762
PennyLane,0.44.1,lightning.qubit,brickwall_1d,14,10,20,280,50,14000,0.00017928507690939267,0.01,403420762
PennyLane,0.44.1,lightning.qubit,brickwall_1d,14,10,21,294,50,14700,0.00013061025770536917,0.01,403420762
PennyLane,0.44.1,lightning.qubit,brickwall_1d,14,10,22,308,50,15400,0.00015198895118128652,0.01,403420762
PennyLane,0.44.1,lightning.qubit,brickwall_1d,14,10,23,322,50,16100,0.00012515497087183317,0.01,403420762
PennyLane,0.44.1,lightning.qubit,brickwall_1d,14,10,24,336,50,16800,0.00012573021319362457,0.01,403420762
PennyLane,0.44.1,lightning.qubit,brickwall_1d,14,10,25,350,50,17500,0.00010192290140787651,0.01,403420762
PennyLane,0.44.1,lightning.qubit,brickwall_1d,14,10,26,364,50,18200,0.00011267759858849391,0.01,403420762
PennyLane,0.44.1,lightning.qubit,brickwall_1d,14,10,27,378,50,18900,9.470940368780433e-05,0.01,403420762
PennyLane,0.44.1,lightning.qubit,brickwall_1d,14,10,28,392,50,19600,0.0001062622701069198,0.01,403420762
PennyLane,0.44.1,lightning.qubit,brickwall_1d,14,10,29,406,50,20300,8.272878199148335e-05,0.01,403420762
PennyLane,0.44.1,lightning.qubit,brickwall_1d,14,10,30,420,50,21000,0.00010308037894167553,0.01,403420762
PennyLane,0.44.1,lightning.qubit,brickwall_1d,14,12,1,14,50,700,0.005030358705538933,0.01,3355167230
PennyLane,0.44.1,lightning.qubit,brickwall_1d,14,12,2,28,50,1400,0.0009074116792276467,0.01,3355167230
PennyLane,0.44.1,lightning.qubit,brickwall_1d,14,12,3,42,50,2100,0.0006376159825489278,0.01,3355167230
PennyLane,0.44.1,lightning.qubit,brickwall_1d,14,12,4,56,50,2800,0.0004919869069135613,0.01,3355167230
PennyLane,0.44.1,lightning.qubit,brickwall_1d,14,12,5,70,50,3500,0.00034877411014658233,0.01,3355167230
PennyLane,0.44.1,lightning.qubit,brickwall_1d,14,12,6,84,50,4200,0.00034511286796372684,0.01,3355167230
PennyLane,0.44.1,lightning.qubit,brickwall_1d,14,12,7,98,50,4900,0.0002765559337402114,0.01,3355167230
PennyLane,0.44.1,lightning.qubit,brickwall_1d,14,12,8,112,50,5600,0.0002698330712240519,0.01,3355167230
PennyLane,0.44.1,lightning.qubit,brickwall_1d,14,12,9,126,50,6300,0.00019264252964653543,0.01,3355167230
PennyLane,0.44.1,lightning.qubit,brickwall_1d,14,12,10,140,50,7000,0.00020700227612625177,0.01,3355167230
PennyLane,0.44.1,lightning.qubit,brickwall_1d,14,12,11,154,50,7700,0.00016204222402885815,0.01,3355167230
PennyLane,0.44.1,lightning.qubit,brickwall_1d,14,12,12,168,50,8400,0.00021084633458195542,0.01,3355167230
PennyLane,0.44.1,lightning.qubit,brickwall_1d,14,12,13,182,50,9100,0.0001492356676286038,0.01,3355167230
PennyLane,0.44.1,lightning.qubit,brickwall_1d,14,12,14,196,50,9800,0.00013419479651697076,0.01,3355167230
PennyLane,0.44.1,lightning.qubit,brickwall_1d,14,12,15,210,50,10500,0.00014545725171014002,0.01,3355167230
PennyLane,0.44.1,lightning.qubit,brickwall_1d,14,12,16,224,50,11200,0.00012913780461345869,0.01,3355167230
PennyLane,0.44.1,lightning.qubit,brickwall_1d,14,12,17,238,50,11900,0.00013042799638168548,0.01,3355167230
PennyLane,0.44.1,lightning.qubit,brickwall_1d,14,12,18,252,50,12600,0.00010406039281618164,0.01,3355167230
PennyLane,0.44.1,lightning.qubit,brickwall_1d,14,12,19,266,50,13300,0.00010824622488410623,0.01,3355167230
PennyLane,0.44.1,lightning.qubit,brickwall_1d,14,12,20,280,50,14000,9.218840036776519e-05,0.01,3355167230
PennyLane,0.44.1,lightning.qubit,brickwall_1d,14,12,21,294,50,14700,9.288779801463759e-05,0.01,3355167230
PennyLane,0.44.1,lightning.qubit,brickwall_1d,14,12,22,308,50,15400,9.69255727875746e-05,0.01,3355167230
PennyLane,0.44.1,lightning.qubit,brickwall_1d,14,12,23,322,50,16100,9.162491605148292e-05,0.01,3355167230
PennyLane,0.44.1,lightning.qubit,brickwall_1d,14,12,24,336,50,16800,8.697373949549894e-05,0.01,3355167230
PennyLane,0.44.1,lightning.qubit,brickwall_1d,14,12,25,350,50,17500,9.081674018126081e-05,0.01,3355167230
PennyLane,0.44.1,lightning.qubit,brickwall_1d,14,12,26,364,50,18200,8.296557535849995e-05,0.01,3355167230
PennyLane,0.44.1,lightning.qubit,brickwall_1d,14,12,27,378,50,18900,7.813887879429741e-05,0.01,3355167230
PennyLane,0.44.1,lightning.qubit,brickwall_1d,14,12,28,392,50,19600,7.640820918516725e-05,0.01,3355167230
PennyLane,0.44.1,lightning.qubit,brickwall_1d,14,12,29,406,50,20300,7.745010842236581e-05,0.01,3355167230
PennyLane,0.44.1,lightning.qubit,brickwall_1d,14,12,30,420,50,21000,7.700067913273657e-05,0.01,3355167230
PennyLane,0.44.1,lightning.qubit,brickwall_1d,14,14,1,14,50,700,0.0038363341582675747,0.01,2383308725
PennyLane,0.44.1,lightning.qubit,brickwall_1d,14,14,2,28,50,1400,0.0007635977664197984,0.01,2383308725
PennyLane,0.44.1,lightning.qubit,brickwall_1d,14,14,3,42,50,2100,0.0004144132396604363,0.01,2383308725
PennyLane,0.44.1,lightning.qubit,brickwall_1d,14,14,4,56,50,2800,0.00034380459291592574,0.01,2383308725
PennyLane,0.44.1,lightning.qubit,brickwall_1d,14,14,5,70,50,3500,0.0004203952724474979,0.01,2383308725
PennyLane,0.44.1,lightning.qubit,brickwall_1d,14,14,6,84,50,4200,0.00018282327568978457,0.01,2383308725
PennyLane,0.44.1,lightning.qubit,brickwall_1d,14,14,7,98,50,4900,0.00017983646184605988,0.01,2383308725
PennyLane,0.44.1,lightning.qubit,brickwall_1d,14,14,8,112,50,5600,0.0001728801731711054,0.01,2383308725
PennyLane,0.44.1,lightning.qubit,brickwall_1d,14,14,9,126,50,6300,0.0001849884848606977,0.01,2383308725
PennyLane,0.44.1,lightning.qubit,brickwall_1d,14,14,10,140,50,7000,0.0001462526685365871,0.01,2383308725
PennyLane,0.44.1,lightning.qubit,brickwall_1d,14,14,11,154,50,7700,0.00014870764809100104,0.01,2383308725
PennyLane,0.44.1,lightning.qubit,brickwall_1d,14,14,12,168,50,8400,0.00013403732858245198,0.01,2383308725
PennyLane,0.44.1,lightning.qubit,brickwall_1d,14,14,13,182,50,9100,0.00012177703593889617,0.01,2383308725
PennyLane,0.44.1,lightning.qubit,brickwall_1d,14,14,14,196,50,9800,0.00011561738995645657,0.01,2383308725
PennyLane,0.44.1,lightning.qubit,brickwall_1d,14,14,15,210,50,10500,0.00011468745355878797,0.01,2383308725
PennyLane,0.44.1,lightning.qubit,brickwall_1d,14,14,16,224,50,11200,0.00010229543321009475,0.01,2383308725
PennyLane,0.44.1,lightning.qubit,brickwall_1d,14,14,17,238,50,11900,0.00011869616319500765,0.01,2383308725
PennyLane,0.44.1,lightning.qubit,brickwall_1d,14,14,18,252,50,12600,0.000107917702434836,0.01,2383308725
PennyLane,0.44.1,lightning.qubit,brickwall_1d,14,14,19,266,50,13300,0.00010080219378263974,0.01,2383308725
PennyLane,0.44.1,lightning.qubit,brickwall_1d,14,14,20,280,50,14000,9.709111237637421e-05,0.01,2383308725
PennyLane,0.44.1,lightning.qubit,brickwall_1d,14,14,21,294,50,14700,9.458521623024834e-05,0.01,2383308725
PennyLane,0.44.1,lightning.qubit,brickwall_1d,14,14,22,308,50,15400,9.690939402313799e-05,0.01,2383308725
PennyLane,0.44.1,lightning.qubit,brickwall_1d,14,14,23,322,50,16100,7.855248302089958e-05,0.01,2383308725
PennyLane,0.44.1,lightning.qubit,brickwall_1d,14,14,24,336,50,16800,8.123055821200492e-05,0.01,2383308725
PennyLane,0.44.1,lightning.qubit,brickwall_1d,14,14,25,350,50,17500,7.703968396567643e-05,0.01,2383308725
PennyLane,0.44.1,lightning.qubit,brickwall_1d,14,14,26,364,50,18200,7.64477496070799e-05,0.01,2383308725
PennyLane,0.44.1,lightning.qubit,brickwall_1d,14,14,27,378,50,18900,7.694335299385805e-05,0.01,2383308725
PennyLane,0.44.1,lightning.qubit,brickwall_1d,14,14,28,392,50,19600,7.193115893704176e-05,0.01,2383308725
PennyLane,0.44.1,lightning.qubit,brickwall_1d,14,14,29,406,50,20300,7.155417472054759e-05,0.01,2383308725
PennyLane,0.44.1,lightning.qubit,brickwall_1d,14,14,30,420,50,21000,7.591463033558335e-05,0.01,2383308725
PennyLane,0.44.1,lightning.qubit,grid_2d,8,2,1,8,50,400,0.06194839109163986,0.01,3469183175
PennyLane,0.44.1,lightning.qubit,grid_2d,8,2,2,16,50,800,0.06177114981934831,0.01,3469183175
PennyLane,0.44.1,lightning.qubit,grid_2d,8,2,3,24,50,1200,0.03901621784986238,0.01,3469183175
PennyLane,0.44.1,lightning.qubit,grid_2d,8,2,4,32,50,1600,0.0285056848639181,0.01,3469183175
PennyLane,0.44.1,lightning.qubit,grid_2d,8,2,5,40,50,2000,0.03117214591112477,0.01,3469183175
PennyLane,0.44.1,lightning.qubit,grid_2d,8,2,6,48,50,2400,0.01850619987179864,0.01,3469183175
PennyLane,0.44.1,lightning.qubit,grid_2d,8,2,7,56,50,2800,0.01436541989764934,0.01,3469183175
PennyLane,0.44.1,lightning.qubit,grid_2d,8,2,8,64,50,3200,0.015437139466082751,0.01,3469183175
PennyLane,0.44.1,lightning.qubit,grid_2d,8,2,9,72,50,3600,0.010732486116142258,0.01,3469183175
PennyLane,0.44.1,lightning.qubit,grid_2d,8,2,10,80,50,4000,0.009708629960222953,0.01,3469183175
PennyLane,0.44.1,lightning.qubit,grid_2d,8,2,11,88,50,4400,0.011431746674495327,0.01,3469183175
PennyLane,0.44.1,lightning.qubit,grid_2d,8,2,12,96,50,4800,0.0064784067454528626,0.01,3469183175
PennyLane,0.44.1,lightning.qubit,grid_2d,8,2,13,104,50,5200,0.006390937065558839,0.01,3469183175
PennyLane,0.44.1,lightning.qubit,grid_2d,8,2,14,112,50,5600,0.006331010964238841,0.01,3469183175
PennyLane,0.44.1,lightning.qubit,grid_2d,8,2,15,120,50,6000,0.0051491521612931175,0.01,3469183175
PennyLane,0.44.1,lightning.qubit,grid_2d,8,2,16,128,50,6400,0.005019089749752443,0.01,3469183175
PennyLane,0.44.1,lightning.qubit,grid_2d,8,2,17,136,50,6800,0.004781990878289132,0.01,3469183175
PennyLane,0.44.1,lightning.qubit,grid_2d,8,2,18,144,50,7200,0.0045659491536116205,0.01,3469183175
PennyLane,0.44.1,lightning.qubit,grid_2d,8,2,19,152,50,7600,0.004027601691736113,0.01,3469183175
PennyLane,0.44.1,lightning.qubit,grid_2d,8,2,20,160,50,8000,0.004267548380953325,0.01,3469183175
PennyLane,0.44.1,lightning.qubit,grid_2d,8,2,21,168,50,8400,0.003864529405150516,0.01,3469183175
PennyLane,0.44.1,lightning.qubit,grid_2d,8,2,22,176,50,8800,0.003905853002078144,0.01,3469183175
PennyLane,0.44.1,lightning.qubit,grid_2d,8,2,23,184,50,9200,0.003931817179986664,0.01,3469183175
PennyLane,0.44.1,lightning.qubit,grid_2d,8,2,24,192,50,9600,0.003913718825162439,0.01,3469183175
PennyLane,0.44.1,lightning.qubit,grid_2d,8,2,25,200,50,10000,0.00372859366795509,0.01,3469183175
PennyLane,0.44.1,lightning.qubit,grid_2d,8,2,26,208,50,10400,0.003657247699356169,0.01,3469183175
PennyLane,0.44.1,lightning.qubit,grid_2d,8,2,27,216,50,10800,0.0037494540404379648,0.01,3469183175
PennyLane,0.44.1,lightning.qubit,grid_2d,8,2,28,224,50,11200,0.003567291112233443,0.01,3469183175
PennyLane,0.44.1,lightning.qubit,grid_2d,8,2,29,232,50,11600,0.0036506467506568874,0.01,3469183175
PennyLane,0.44.1,lightning.qubit,grid_2d,8,2,30,240,50,12000,0.0036961424276059666,0.01,3469183175
PennyLane,0.44.1,lightning.qubit,grid_2d,8,3,1,8,50,400,0.06559235853497744,0.01,2353377897
PennyLane,0.44.1,lightning.qubit,grid_2d,8,3,2,16,50,800,0.04109495980100472,0.01,2353377897
PennyLane,0.44.1,lightning.qubit,grid_2d,8,3,3,24,50,1200,0.02797320788647153,0.01,2353377897
PennyLane,0.44.1,lightning.qubit,grid_2d,8,3,4,32,50,1600,0.026188360714050337,0.01,2353377897
PennyLane,0.44.1,lightning.qubit,grid_2d,8,3,5,40,50,2000,0.015895813369902805,0.01,2353377897
PennyLane,0.44.1,lightning.qubit,grid_2d,8,3,6,48,50,2400,0.011364244000355003,0.01,2353377897
PennyLane,0.44.1,lightning.qubit,grid_2d,8,3,7,56,50,2800,0.012296065933484986,0.01,2353377897
PennyLane,0.44.1,lightning.qubit,grid_2d,8,3,8,64,50,3200,0.007917968794716205,0.01,2353377897
PennyLane,0.44.1,lightning.qubit,grid_2d,8,3,9,72,50,3600,0.00787024538284625,0.01,2353377897
PennyLane,0.44.1,lightning.qubit,grid_2d,8,3,10,80,50,4000,0.007330174465919534,0.01,2353377897
PennyLane,0.44.1,lightning.qubit,grid_2d,8,3,11,88,50,4400,0.005888598661826163,0.01,2353377897
PennyLane,0.44.1,lightning.qubit,grid_2d,8,3,12,96,50,4800,0.006127865429250083,0.01,2353377897
PennyLane,0.44.1,lightning.qubit,grid_2d,8,3,13,104,50,5200,0.005268270033627635,0.01,2353377897
PennyLane,0.44.1,lightning.qubit,grid_2d,8,3,14,112,50,5600,0.0045570291673008535,0.01,2353377897
PennyLane,0.44.1,lightning.qubit,grid_2d,8,3,15,120,50,6000,0.00491859098411289,0.01,2353377897
PennyLane,0.44.1,lightning.qubit,grid_2d,8,3,16,128,50,6400,0.004493667653775694,0.01,2353377897
PennyLane,0.44.1,lightning.qubit,grid_2d,8,3,17,136,50,6800,0.004151323459406134,0.01,2353377897
PennyLane,0.44.1,lightning.qubit,grid_2d,8,3,18,144,50,7200,0.004435265132458688,0.01,2353377897
PennyLane,0.44.1,lightning.qubit,grid_2d,8,3,19,152,50,7600,0.0043097407428896945,0.01,2353377897
PennyLane,0.44.1,lightning.qubit,grid_2d,8,3,20,160,50,8000,0.00392798843072286,0.01,2353377897
PennyLane,0.44.1,lightning.qubit,grid_2d,8,3,21,168,50,8400,0.004117868943215959,0.01,2353377897
PennyLane,0.44.1,lightning.qubit,grid_2d,8,3,22,176,50,8800,0.003928395080715334,0.01,2353377897
PennyLane,0.44.1,lightning.qubit,grid_2d,8,3,23,184,50,9200,0.003775447358360793,0.01,2353377897
PennyLane,0.44.1,lightning.qubit,grid_2d,8,3,24,192,50,9600,0.003908522280334313,0.01,2353377897
PennyLane,0.44.1,lightning.qubit,grid_2d,8,3,25,200,50,10000,0.003772671591719893,0.01,2353377897
PennyLane,0.44.1,lightning.qubit,grid_2d,8,3,26,208,50,10400,0.0037993583665334074,0.01,2353377897
PennyLane,0.44.1,lightning.qubit,grid_2d,8,3,27,216,50,10800,0.0037243621466900795,0.01,2353377897
PennyLane,0.44.1,lightning.qubit,grid_2d,8,3,28,224,50,11200,0.0036915844419112597,0.01,2353377897
PennyLane,0.44.1,lightning.qubit,grid_2d,8,3,29,232,50,11600,0.0039056777412474265,0.01,2353377897
PennyLane,0.44.1,lightning.qubit,grid_2d,8,3,30,240,50,12000,0.003817110059125568,0.01,2353377897
PennyLane,0.44.1,lightning.qubit,grid_2d,8,4,1,8,50,400,0.05626988353475218,0.01,2942887701
PennyLane,0.44.1,lightning.qubit,grid_2d,8,4,2,16,50,800,0.04070528496247797,0.01,2942887701
PennyLane,0.44.1,lightning.qubit,grid_2d,8,4,3,24,50,1200,0.017733302511488868,0.01,2942887701
PennyLane,0.44.1,lightning.qubit,grid_2d,8,4,4,32,50,1600,0.018392552420430287,0.01,2942887701
PennyLane,0.44.1,lightning.qubit,grid_2d,8,4,5,40,50,2000,0.014766976734266529,0.01,2942887701
PennyLane,0.44.1,lightning.qubit,grid_2d,8,4,6,48,50,2400,0.007450987887147263,0.01,2942887701
PennyLane,0.44.1,lightning.qubit,grid_2d,8,4,7,56,50,2800,0.009233676336012145,0.01,2942887701
PennyLane,0.44.1,lightning.qubit,grid_2d,8,4,8,64,50,3200,0.0068426443568477355,0.01,2942887701
PennyLane,0.44.1,lightning.qubit,grid_2d,8,4,9,72,50,3600,0.005571619858761073,0.01,2942887701
PennyLane,0.44.1,lightning.qubit,grid_2d,8,4,10,80,50,4000,0.00646795005141233,0.01,2942887701
PennyLane,0.44.1,lightning.qubit,grid_2d,8,4,11,88,50,4400,0.004811909788137797,0.01,2942887701
PennyLane,0.44.1,lightning.qubit,grid_2d,8,4,12,96,50,4800,0.004506252006830891,0.01,2942887701
PennyLane,0.44.1,lightning.qubit,grid_2d,8,4,13,104,50,5200,0.005123025046962208,0.01,2942887701
PennyLane,0.44.1,lightning.qubit,grid_2d,8,4,14,112,50,5600,0.004332469024095471,0.01,2942887701
PennyLane,0.44.1,lightning.qubit,grid_2d,8,4,15,120,50,6000,0.004642493663570594,0.01,2942887701
PennyLane,0.44.1,lightning.qubit,grid_2d,8,4,16,128,50,6400,0.0043514254389171655,0.01,2942887701
PennyLane,0.44.1,lightning.qubit,grid_2d,8,4,17,136,50,6800,0.004155974536523922,0.01,2942887701
PennyLane,0.44.1,lightning.qubit,grid_2d,8,4,18,144,50,7200,0.004176580952024048,0.01,2942887701
PennyLane,0.44.1,lightning.qubit,grid_2d,8,4,19,152,50,7600,0.004119620123193914,0.01,2942887701
PennyLane,0.44.1,lightning.qubit,grid_2d,8,4,20,160,50,8000,0.004005343221203633,0.01,2942887701
PennyLane,0.44.1,lightning.qubit,grid_2d,8,4,21,168,50,8400,0.003980891847518967,0.01,2942887701
PennyLane,0.44.1,lightning.qubit,grid_2d,8,4,22,176,50,8800,0.003982228362076588,0.01,2942887701
PennyLane,0.44.1,lightning.qubit,grid_2d,8,4,23,184,50,9200,0.004061990388631434,0.01,2942887701
PennyLane,0.44.1,lightning.qubit,grid_2d,8,4,24,192,50,9600,0.003780629961386374,0.01,2942887701
PennyLane,0.44.1,lightning.qubit,grid_2d,8,4,25,200,50,10000,0.003967181804103267,0.01,2942887701
PennyLane,0.44.1,lightning.qubit,grid_2d,8,4,26,208,50,10400,0.0037271892567341917,0.01,2942887701
PennyLane,0.44.1,lightning.qubit,grid_2d,8,4,27,216,50,10800,0.003941393689299779,0.01,2942887701
PennyLane,0.44.1,lightning.qubit,grid_2d,8,4,28,224,50,11200,0.003792989454709693,0.01,2942887701
PennyLane,0.44.1,lightning.qubit,grid_2d,8,4,29,232,50,11600,0.003989391378522496,0.01,2942887701
PennyLane,0.44.1,lightning.qubit,grid_2d,8,4,30,240,50,12000,0.003973280369086423,0.01,2942887701
PennyLane,0.44.1,lightning.qubit,grid_2d,8,5,1,8,50,400,0.048791710397591184,0.01,2031354514
PennyLane,0.44.1,lightning.qubit,grid_2d,8,5,2,16,50,800,0.04106581112496494,0.01,2031354514
PennyLane,0.44.1,lightning.qubit,grid_2d,8,5,3,24,50,1200,0.015626964954683065,0.01,2031354514
PennyLane,0.44.1,lightning.qubit,grid_2d,8,5,4,32,50,1600,0.010748382543149484,0.01,2031354514
PennyLane,0.44.1,lightning.qubit,grid_2d,8,5,5,40,50,2000,0.013715837761037903,0.01,2031354514
PennyLane,0.44.1,lightning.qubit,grid_2d,8,5,6,48,50,2400,0.007928822943196632,0.01,2031354514
PennyLane,0.44.1,lightning.qubit,grid_2d,8,5,7,56,50,2800,0.00604633731308684,0.01,2031354514
PennyLane,0.44.1,lightning.qubit,grid_2d,8,5,8,64,50,3200,0.005977400830417412,0.01,2031354514
PennyLane,0.44.1,lightning.qubit,grid_2d,8,5,9,72,50,3600,0.004375216895556005,0.01,2031354514
PennyLane,0.44.1,lightning.qubit,grid_2d,8,5,10,80,50,4000,0.005702909004813324,0.01,2031354514
PennyLane,0.44.1,lightning.qubit,grid_2d,8,5,11,88,50,4400,0.0044605115784540385,0.01,2031354514
PennyLane,0.44.1,lightning.qubit,grid_2d,8,5,12,96,50,4800,0.004482037733696025,0.01,2031354514
PennyLane,0.44.1,lightning.qubit,grid_2d,8,5,13,104,50,5200,0.004686440699582247,0.01,2031354514
PennyLane,0.44.1,lightning.qubit,grid_2d,8,5,14,112,50,5600,0.004367287050957138,0.01,2031354514
PennyLane,0.44.1,lightning.qubit,grid_2d,8,5,15,120,50,6000,0.004355535459098259,0.01,2031354514
PennyLane,0.44.1,lightning.qubit,grid_2d,8,5,16,128,50,6400,0.004037201702470724,0.01,2031354514
PennyLane,0.44.1,lightning.qubit,grid_2d,8,5,17,136,50,6800,0.004066854549019221,0.01,2031354514
PennyLane,0.44.1,lightning.qubit,grid_2d,8,5,18,144,50,7200,0.004097547306338375,0.01,2031354514
PennyLane,0.44.1,lightning.qubit,grid_2d,8,5,19,152,50,7600,0.004270869322410629,0.01,2031354514
PennyLane,0.44.1,lightning.qubit,grid_2d,8,5,20,160,50,8000,0.0038885668219933523,0.01,2031354514
PennyLane,0.44.1,lightning.qubit,grid_2d,8,5,21,168,50,8400,0.003995124305339241,0.01,2031354514
PennyLane,0.44.1,lightning.qubit,grid_2d,8,5,22,176,50,8800,0.00406667695534999,0.01,2031354514
PennyLane,0.44.1,lightning.qubit,grid_2d,8,5,23,184,50,9200,0.003919134646416005,0.01,2031354514
PennyLane,0.44.1,lightning.qubit,grid_2d,8,5,24,192,50,9600,0.003983910125845113,0.01,2031354514
PennyLane,0.44.1,lightning.qubit,grid_2d,8,5,25,200,50,10000,0.003885038459764148,0.01,2031354514
PennyLane,0.44.1,lightning.qubit,grid_2d,8,5,26,208,50,10400,0.004017494858486926,0.01,2031354514
PennyLane,0.44.1,lightning.qubit,grid_2d,8,5,27,216,50,10800,0.003943195277276815,0.01,2031354514
PennyLane,0.44.1,lightning.qubit,grid_2d,8,5,28,224,50,11200,0.003941154748552057,0.01,2031354514
PennyLane,0.44.1,lightning.qubit,grid_2d,8,5,29,232,50,11600,0.0038908817165841446,0.01,2031354514
PennyLane,0.44.1,lightning.qubit,grid_2d,8,5,30,240,50,12000,0.003867137778438726,0.01,2031354514
PennyLane,0.44.1,lightning.qubit,grid_2d,8,6,1,8,50,400,0.04682849881144089,0.01,2845179883
PennyLane,0.44.1,lightning.qubit,grid_2d,8,6,2,16,50,800,0.03782404827285363,0.01,2845179883
PennyLane,0.44.1,lightning.qubit,grid_2d,8,6,3,24,50,1200,0.010279590515727712,0.01,2845179883
PennyLane,0.44.1,lightning.qubit,grid_2d,8,6,4,32,50,1600,0.01588196019945711,0.01,2845179883
PennyLane,0.44.1,lightning.qubit,grid_2d,8,6,5,40,50,2000,0.010009425858580287,0.01,2845179883
PennyLane,0.44.1,lightning.qubit,grid_2d,8,6,6,48,50,2400,0.005904125447694275,0.01,2845179883
PennyLane,0.44.1,lightning.qubit,grid_2d,8,6,7,56,50,2800,0.008305902645118669,0.01,2845179883
PennyLane,0.44.1,lightning.qubit,grid_2d,8,6,8,64,50,3200,0.0064673979597862806,0.01,2845179883
PennyLane,0.44.1,lightning.qubit,grid_2d,8,6,9,72,50,3600,0.005461288715673387,0.01,2845179883
PennyLane,0.44.1,lightning.qubit,grid_2d,8,6,10,80,50,4000,0.005627959071524794,0.01,2845179883
PennyLane,0.44.1,lightning.qubit,grid_2d,8,6,11,88,50,4400,0.0049470407448871075,0.01,2845179883
PennyLane,0.44.1,lightning.qubit,grid_2d,8,6,12,96,50,4800,0.004760823621165173,0.01,2845179883
PennyLane,0.44.1,lightning.qubit,grid_2d,8,6,13,104,50,5200,0.0048669100666235456,0.01,2845179883
PennyLane,0.44.1,lightning.qubit,grid_2d,8,6,14,112,50,5600,0.004428409763561263,0.01,2845179883
PennyLane,0.44.1,lightning.qubit,grid_2d,8,6,15,120,50,6000,0.004287626509087302,0.01,2845179883
PennyLane,0.44.1,lightning.qubit,grid_2d,8,6,16,128,50,6400,0.00423261825288128,0.01,2845179883
PennyLane,0.44.1,lightning.qubit,grid_2d,8,6,17,136,50,6800,0.0038185880042100767,0.01,2845179883
PennyLane,0.44.1,lightning.qubit,grid_2d,8,6,18,144,50,7200,0.004085092599545398,0.01,2845179883
PennyLane,0.44.1,lightning.qubit,grid_2d,8,6,19,152,50,7600,0.003938197425231,0.01,2845179883
PennyLane,0.44.1,lightning.qubit,grid_2d,8,6,20,160,50,8000,0.004020481235052685,0.01,2845179883
PennyLane,0.44.1,lightning.qubit,grid_2d,8,6,21,168,50,8400,0.004012005927238538,0.01,2845179883
PennyLane,0.44.1,lightning.qubit,grid_2d,8,6,22,176,50,8800,0.003960120343236703,0.01,2845179883
PennyLane,0.44.1,lightning.qubit,grid_2d,8,6,23,184,50,9200,0.00387366395258746,0.01,2845179883
PennyLane,0.44.1,lightning.qubit,grid_2d,8,6,24,192,50,9600,0.003941794881824957,0.01,2845179883
PennyLane,0.44.1,lightning.qubit,grid_2d,8,6,25,200,50,10000,0.003748800866540901,0.01,2845179883
PennyLane,0.44.1,lightning.qubit,grid_2d,8,6,26,208,50,10400,0.003731749361224189,0.01,2845179883
PennyLane,0.44.1,lightning.qubit,grid_2d,8,6,27,216,50,10800,0.004098298900698029,0.01,2845179883
PennyLane,0.44.1,lightning.qubit,grid_2d,8,6,28,224,50,11200,0.003995079297017393,0.01,2845179883
PennyLane,0.44.1,lightning.qubit,grid_2d,8,6,29,232,50,11600,0.0037616748229053754,0.01,2845179883
PennyLane,0.44.1,lightning.qubit,grid_2d,8,6,30,240,50,12000,0.003970693181691832,0.01,2845179883
PennyLane,0.44.1,lightning.qubit,grid_2d,8,8,1,8,50,400,0.03361020938659223,0.01,1091941906
PennyLane,0.44.1,lightning.qubit,grid_2d,8,8,2,16,50,800,0.022558153478357018,0.01,1091941906
PennyLane,0.44.1,lightning.qubit,grid_2d,8,8,3,24,50,1200,0.013013021840548011,0.01,1091941906
PennyLane,0.44.1,lightning.qubit,grid_2d,8,8,4,32,50,1600,0.017896329596340833,0.01,1091941906
PennyLane,0.44.1,lightning.qubit,grid_2d,8,8,5,40,50,2000,0.008638132351425597,0.01,1091941906
PennyLane,0.44.1,lightning.qubit,grid_2d,8,8,6,48,50,2400,0.0068514323949706345,0.01,1091941906
PennyLane,0.44.1,lightning.qubit,grid_2d,8,8,7,56,50,2800,0.008046851437735914,0.01,1091941906
PennyLane,0.44.1,lightning.qubit,grid_2d,8,8,8,64,50,3200,0.005585908296157134,0.01,1091941906
PennyLane,0.44.1,lightning.qubit,grid_2d,8,8,9,72,50,3600,0.00508323295705733,0.01,1091941906
PennyLane,0.44.1,lightning.qubit,grid_2d,8,8,10,80,50,4000,0.0061242086199093625,0.01,1091941906
PennyLane,0.44.1,lightning.qubit,grid_2d,8,8,11,88,50,4400,0.005281234558836196,0.01,1091941906
PennyLane,0.44.1,lightning.qubit,grid_2d,8,8,12,96,50,4800,0.0045806422761266695,0.01,1091941906
PennyLane,0.44.1,lightning.qubit,grid_2d,8,8,13,104,50,5200,0.005240276926642044,0.01,1091941906
PennyLane,0.44.1,lightning.qubit,grid_2d,8,8,14,112,50,5600,0.004345668630317826,0.01,1091941906
PennyLane,0.44.1,lightning.qubit,grid_2d,8,8,15,120,50,6000,0.004225306484108418,0.01,1091941906
PennyLane,0.44.1,lightning.qubit,grid_2d,8,8,16,128,50,6400,0.004263284754584124,0.01,1091941906
PennyLane,0.44.1,lightning.qubit,grid_2d,8,8,17,136,50,6800,0.0041879556360423535,0.01,1091941906
PennyLane,0.44.1,lightning.qubit,grid_2d,8,8,18,144,50,7200,0.0042268245545327215,0.01,1091941906
PennyLane,0.44.1,lightning.qubit,grid_2d,8,8,19,152,50,7600,0.004007760726837038,0.01,1091941906
PennyLane,0.44.1,lightning.qubit,grid_2d,8,8,20,160,50,8000,0.004065435569244781,0.01,1091941906
PennyLane,0.44.1,lightning.qubit,grid_2d,8,8,21,168,50,8400,0.0040515217830721095,0.01,1091941906
PennyLane,0.44.1,lightning.qubit,grid_2d,8,8,22,176,50,8800,0.003845106032397321,0.01,1091941906
PennyLane,0.44.1,lightning.qubit,grid_2d,8,8,23,184,50,9200,0.004061992393629247,0.01,1091941906
PennyLane,0.44.1,lightning.qubit,grid_2d,8,8,24,192,50,9600,0.004018997887296381,0.01,1091941906
PennyLane,0.44.1,lightning.qubit,grid_2d,8,8,25,200,50,10000,0.0038437788304306365,0.01,1091941906
PennyLane,0.44.1,lightning.qubit,grid_2d,8,8,26,208,50,10400,0.0038356618376462525,0.01,1091941906
PennyLane,0.44.1,lightning.qubit,grid_2d,8,8,27,216,50,10800,0.003952091272277731,0.01,1091941906
PennyLane,0.44.1,lightning.qubit,grid_2d,8,8,28,224,50,11200,0.0037467168906639347,0.01,1091941906
PennyLane,0.44.1,lightning.qubit,grid_2d,8,8,29,232,50,11600,0.0040036612659098995,0.01,1091941906
PennyLane,0.44.1,lightning.qubit,grid_2d,8,8,30,240,50,12000,0.003965533436512298,0.01,1091941906
PennyLane,0.44.1,lightning.qubit,grid_2d,10,2,1,10,50,500,0.03759595796942524,0.01,3885973456
PennyLane,0.44.1,lightning.qubit,grid_2d,10,2,2,20,50,1000,0.05251107433830871,0.01,3885973456
PennyLane,0.44.1,lightning.qubit,grid_2d,10,2,3,30,50,1500,0.030083626308318567,0.01,3885973456
PennyLane,0.44.1,lightning.qubit,grid_2d,10,2,4,40,50,2000,0.025071142118611854,0.01,3885973456
PennyLane,0.44.1,lightning.qubit,grid_2d,10,2,5,50,50,2500,0.0261949187144701,0.01,3885973456
PennyLane,0.44.1,lightning.qubit,grid_2d,10,2,6,60,50,3000,0.013200782774412322,0.01,3885973456
PennyLane,0.44.1,lightning.qubit,grid_2d,10,2,7,70,50,3500,0.01186680067448687,0.01,3885973456
PennyLane,0.44.1,lightning.qubit,grid_2d,10,2,8,80,50,4000,0.010241143473457047,0.01,3885973456
PennyLane,0.44.1,lightning.qubit,grid_2d,10,2,9,90,50,4500,0.007262510341752188,0.01,3885973456
PennyLane,0.44.1,lightning.qubit,grid_2d,10,2,10,100,50,5000,0.006221363516999152,0.01,3885973456
PennyLane,0.44.1,lightning.qubit,grid_2d,10,2,11,110,50,5500,0.006988507864145483,0.01,3885973456
PennyLane,0.44.1,lightning.qubit,grid_2d,10,2,12,120,50,6000,0.0039866868017858345,0.01,3885973456
PennyLane,0.44.1,lightning.qubit,grid_2d,10,2,13,130,50,6500,0.0030608342421049447,0.01,3885973456
PennyLane,0.44.1,lightning.qubit,grid_2d,10,2,14,140,50,7000,0.004143944255403162,0.01,3885973456
PennyLane,0.44.1,lightning.qubit,grid_2d,10,2,15,150,50,7500,0.002463242432051775,0.01,3885973456
PennyLane,0.44.1,lightning.qubit,grid_2d,10,2,16,160,50,8000,0.002199648984809876,0.01,3885973456
PennyLane,0.44.1,lightning.qubit,grid_2d,10,2,17,170,50,8500,0.002469923094231238,0.01,3885973456
PennyLane,0.44.1,lightning.qubit,grid_2d,10,2,18,180,50,9000,0.0017475014183632315,0.01,3885973456
PennyLane,0.44.1,lightning.qubit,grid_2d,10,2,19,190,50,9500,0.0013604530955320527,0.01,3885973456
PennyLane,0.44.1,lightning.qubit,grid_2d,10,2,20,200,50,10000,0.0017321761419465088,0.01,3885973456
PennyLane,0.44.1,lightning.qubit,grid_2d,10,2,21,210,50,10500,0.0014572209582513823,0.01,3885973456
PennyLane,0.44.1,lightning.qubit,grid_2d,10,2,22,220,50,11000,0.0012328718546793225,0.01,3885973456
PennyLane,0.44.1,lightning.qubit,grid_2d,10,2,23,230,50,11500,0.001316040852438083,0.01,3885973456
PennyLane,0.44.1,lightning.qubit,grid_2d,10,2,24,240,50,12000,0.0010860566512453044,0.01,3885973456
PennyLane,0.44.1,lightning.qubit,grid_2d,10,2,25,250,50,12500,0.0010304776218791017,0.01,3885973456
PennyLane,0.44.1,lightning.qubit,grid_2d,10,2,26,260,50,13000,0.0011108049517990454,0.01,3885973456
PennyLane,0.44.1,lightning.qubit,grid_2d,10,2,27,270,50,13500,0.0010650297660843465,0.01,3885973456
PennyLane,0.44.1,lightning.qubit,grid_2d,10,2,28,280,50,14000,0.0009426548268338141,0.01,3885973456
PennyLane,0.44.1,lightning.qubit,grid_2d,10,2,29,290,50,14500,0.0009505684132981355,0.01,3885973456
PennyLane,0.44.1,lightning.qubit,grid_2d,10,2,30,300,50,15000,0.0009288657746994117,0.01,3885973456
PennyLane,0.44.1,lightning.qubit,grid_2d,10,3,1,10,50,500,0.05259222306363469,0.01,4280225165
PennyLane,0.44.1,lightning.qubit,grid_2d,10,3,2,20,50,1000,0.03642861652699744,0.01,4280225165
PennyLane,0.44.1,lightning.qubit,grid_2d,10,3,3,30,50,1500,0.024536672539845643,0.01,4280225165
PennyLane,0.44.1,lightning.qubit,grid_2d,10,3,4,40,50,2000,0.0229958536571399,0.01,4280225165
PennyLane,0.44.1,lightning.qubit,grid_2d,10,3,5,50,50,2500,0.010801668067055525,0.01,4280225165
PennyLane,0.44.1,lightning.qubit,grid_2d,10,3,6,60,50,3000,0.009871390418487029,0.01,4280225165
PennyLane,0.44.1,lightning.qubit,grid_2d,10,3,7,70,50,3500,0.008741183703603913,0.01,4280225165
PennyLane,0.44.1,lightning.qubit,grid_2d,10,3,8,80,50,4000,0.004747573381094653,0.01,4280225165
PennyLane,0.44.1,lightning.qubit,grid_2d,10,3,9,90,50,4500,0.005184323170589557,0.01,4280225165
PennyLane,0.44.1,lightning.qubit,grid_2d,10,3,10,100,50,5000,0.004329861828392914,0.01,4280225165
PennyLane,0.44.1,lightning.qubit,grid_2d,10,3,11,110,50,5500,0.002372532894912964,0.01,4280225165
PennyLane,0.44.1,lightning.qubit,grid_2d,10,3,12,120,50,6000,0.003362579168287189,0.01,4280225165
PennyLane,0.44.1,lightning.qubit,grid_2d,10,3,13,130,50,6500,0.0027102535082809804,0.01,4280225165
PennyLane,0.44.1,lightning.qubit,grid_2d,10,3,14,140,50,7000,0.0017867537551168192,0.01,4280225165
PennyLane,0.44.1,lightning.qubit,grid_2d,10,3,15,150,50,7500,0.002382656342513107,0.01,4280225165
PennyLane,0.44.1,lightning.qubit,grid_2d,10,3,16,160,50,8000,0.001577175926524053,0.01,4280225165
PennyLane,0.44.1,lightning.qubit,grid_2d,10,3,17,170,50,8500,0.0014115277953364775,0.01,4280225165
PennyLane,0.44.1,lightning.qubit,grid_2d,10,3,18,180,50,9000,0.0014107111784106912,0.01,4280225165
PennyLane,0.44.1,lightning.qubit,grid_2d,10,3,19,190,50,9500,0.0012812002541945171,0.01,4280225165
PennyLane,0.44.1,lightning.qubit,grid_2d,10,3,20,200,50,10000,0.0011092211990870419,0.01,4280225165
PennyLane,0.44.1,lightning.qubit,grid_2d,10,3,21,210,50,10500,0.001315360141940397,0.01,4280225165
PennyLane,0.44.1,lightning.qubit,grid_2d,10,3,22,220,50,11000,0.0010374142722330687,0.01,4280225165
PennyLane,0.44.1,lightning.qubit,grid_2d,10,3,23,230,50,11500,0.0010174445554160345,0.01,4280225165
PennyLane,0.44.1,lightning.qubit,grid_2d,10,3,24,240,50,12000,0.001025082129928519,0.01,4280225165
PennyLane,0.44.1,lightning.qubit,grid_2d,10,3,25,250,50,12500,0.0009729013386075002,0.01,4280225165
PennyLane,0.44.1,lightning.qubit,grid_2d,10,3,26,260,50,13000,0.0009504608695735875,0.01,4280225165
PennyLane,0.44.1,lightning.qubit,grid_2d,10,3,27,270,50,13500,0.0009704145851356079,0.01,4280225165
PennyLane,0.44.1,lightning.qubit,grid_2d,10,3,28,280,50,14000,0.0009369369065657239,0.01,4280225165
PennyLane,0.44.1,lightning.qubit,grid_2d,10,3,29,290,50,14500,0.000922556622792214,0.01,4280225165
PennyLane,0.44.1,lightning.qubit,grid_2d,10,3,30,300,50,15000,0.0009431811707175432,0.01,4280225165
PennyLane,0.44.1,lightning.qubit,grid_2d,10,4,1,10,50,500,0.0475453355214283,0.01,3683836653
PennyLane,0.44.1,lightning.qubit,grid_2d,10,4,2,20,50,1000,0.0316081847398141,0.01,3683836653
PennyLane,0.44.1,lightning.qubit,grid_2d,10,4,3,30,50,1500,0.01383927076548273,0.01,3683836653
PennyLane,0.44.1,lightning.qubit,grid_2d,10,4,4,40,50,2000,0.008738979686127258,0.01,3683836653
PennyLane,0.44.1,lightning.qubit,grid_2d,10,4,5,50,50,2500,0.008593494285639002,0.01,3683836653
PennyLane,0.44.1,lightning.qubit,grid_2d,10,4,6,60,50,3000,0.005796132463556724,0.01,3683836653
PennyLane,0.44.1,lightning.qubit,grid_2d,10,4,7,70,50,3500,0.0036606060003993527,0.01,3683836653
PennyLane,0.44.1,lightning.qubit,grid_2d,10,4,8,80,50,4000,0.003300692347780745,0.01,3683836653
PennyLane,0.44.1,lightning.qubit,grid_2d,10,4,9,90,50,4500,0.0020321692350626416,0.01,3683836653
PennyLane,0.44.1,lightning.qubit,grid_2d,10,4,10,100,50,5000,0.0020288649113815935,0.01,3683836653
PennyLane,0.44.1,lightning.qubit,grid_2d,10,4,11,110,50,5500,0.0021568072331903465,0.01,3683836653
PennyLane,0.44.1,lightning.qubit,grid_2d,10,4,12,120,50,6000,0.0015854927568150743,0.01,3683836653
PennyLane,0.44.1,lightning.qubit,grid_2d,10,4,13,130,50,6500,0.0016043610448574057,0.01,3683836653
PennyLane,0.44.1,lightning.qubit,grid_2d,10,4,14,140,50,7000,0.0014471161603038572,0.01,3683836653
PennyLane,0.44.1,lightning.qubit,grid_2d,10,4,15,150,50,7500,0.0012230571824998018,0.01,3683836653
PennyLane,0.44.1,lightning.qubit,grid_2d,10,4,16,160,50,8000,0.0013112261967304804,0.01,3683836653
PennyLane,0.44.1,lightning.qubit,grid_2d,10,4,17,170,50,8500,0.0012390698731180566,0.01,3683836653
PennyLane,0.44.1,lightning.qubit,grid_2d,10,4,18,180,50,9000,0.0010993015581732856,0.01,3683836653
PennyLane,0.44.1,lightning.qubit,grid_2d,10,4,19,190,50,9500,0.0010283388025751205,0.01,3683836653
PennyLane,0.44.1,lightning.qubit,grid_2d,10,4,20,200,50,10000,0.0010429368204108403,0.01,3683836653
PennyLane,0.44.1,lightning.qubit,grid_2d,10,4,21,210,50,10500,0.0010332415966598145,0.01,3683836653
PennyLane,0.44.1,lightning.qubit,grid_2d,10,4,22,220,50,11000,0.00101639538110095,0.01,3683836653
PennyLane,0.44.1,lightning.qubit,grid_2d,10,4,23,230,50,11500,0.001027631652821659,0.01,3683836653
PennyLane,0.44.1,lightning.qubit,grid_2d,10,4,24,240,50,12000,0.0009483472450073404,0.01,3683836653
PennyLane,0.44.1,lightning.qubit,grid_2d,10,4,25,250,50,12500,0.0009549076349125846,0.01,3683836653
PennyLane,0.44.1,lightning.qubit,grid_2d,10,4,26,260,50,13000,0.0009496076660792526,0.01,3683836653
PennyLane,0.44.1,lightning.qubit,grid_2d,10,4,27,270,50,13500,0.0009889237078663194,0.01,3683836653
PennyLane,0.44.1,lightning.qubit,grid_2d,10,4,28,280,50,14000,0.0009551869135583783,0.01,3683836653
PennyLane,0.44.1,lightning.qubit,grid_2d,10,4,29,290,50,14500,0.0009896094826012988,0.01,3683836653
PennyLane,0.44.1,lightning.qubit,grid_2d,10,4,30,300,50,15000,0.0009704969375260274,0.01,3683836653
PennyLane,0.44.1,lightning.qubit,grid_2d,10,5,1,10,50,500,0.0379366742914692,0.01,1355124396
PennyLane,0.44.1,lightning.qubit,grid_2d,10,5,2,20,50,1000,0.019959065285644825,0.01,1355124396
PennyLane,0.44.1,lightning.qubit,grid_2d,10,5,3,30,50,1500,0.01104003037581411,0.01,1355124396
PennyLane,0.44.1,lightning.qubit,grid_2d,10,5,4,40,50,2000,0.009020754517263658,0.01,1355124396
PennyLane,0.44.1,lightning.qubit,grid_2d,10,5,5,50,50,2500,0.006976438071631696,0.01,1355124396
PennyLane,0.44.1,lightning.qubit,grid_2d,10,5,6,60,50,3000,0.004456661399682408,0.01,1355124396
PennyLane,0.44.1,lightning.qubit,grid_2d,10,5,7,70,50,3500,0.003370706130593682,0.01,1355124396
PennyLane,0.44.1,lightning.qubit,grid_2d,10,5,8,80,50,4000,0.0025548904938696854,0.01,1355124396
PennyLane,0.44.1,lightning.qubit,grid_2d,10,5,9,90,50,4500,0.00206338739032983,0.01,1355124396
PennyLane,0.44.1,lightning.qubit,grid_2d,10,5,10,100,50,5000,0.0022239853677825066,0.01,1355124396
PennyLane,0.44.1,lightning.qubit,grid_2d,10,5,11,110,50,5500,0.001447111137876104,0.01,1355124396
PennyLane,0.44.1,lightning.qubit,grid_2d,10,5,12,120,50,6000,0.0015223762088928587,0.01,1355124396
PennyLane,0.44.1,lightning.qubit,grid_2d,10,5,13,130,50,6500,0.0014115689951624951,0.01,1355124396
PennyLane,0.44.1,lightning.qubit,grid_2d,10,5,14,140,50,7000,0.0012036499101001808,0.01,1355124396
PennyLane,0.44.1,lightning.qubit,grid_2d,10,5,15,150,50,7500,0.0012123793250067062,0.01,1355124396
PennyLane,0.44.1,lightning.qubit,grid_2d,10,5,16,160,50,8000,0.001128736196338834,0.01,1355124396
PennyLane,0.44.1,lightning.qubit,grid_2d,10,5,17,170,50,8500,0.0010696777445023688,0.01,1355124396
PennyLane,0.44.1,lightning.qubit,grid_2d,10,5,18,180,50,9000,0.0010499868119568292,0.01,1355124396
PennyLane,0.44.1,lightning.qubit,grid_2d,10,5,19,190,50,9500,0.0010596887423680453,0.01,1355124396
PennyLane,0.44.1,lightning.qubit,grid_2d,10,5,20,200,50,10000,0.000990376500193741,0.01,1355124396
PennyLane,0.44.1,lightning.qubit,grid_2d,10,5,21,210,50,10500,0.001040891975230431,0.01,1355124396
PennyLane,0.44.1,lightning.qubit,grid_2d,10,5,22,220,50,11000,0.0009517928091724146,0.01,1355124396
PennyLane,0.44.1,lightning.qubit,grid_2d,10,5,23,230,50,11500,0.0009972825764735897,0.01,1355124396
PennyLane,0.44.1,lightning.qubit,grid_2d,10,5,24,240,50,12000,0.0010033563374640278,0.01,1355124396
PennyLane,0.44.1,lightning.qubit,grid_2d,10,5,25,250,50,12500,0.0009607617867498221,0.01,1355124396
PennyLane,0.44.1,lightning.qubit,grid_2d,10,5,26,260,50,13000,0.0009550804940431736,0.01,1355124396
PennyLane,0.44.1,lightning.qubit,grid_2d,10,5,27,270,50,13500,0.000968008529510113,0.01,1355124396
PennyLane,0.44.1,lightning.qubit,grid_2d,10,5,28,280,50,14000,0.0009739963119563362,0.01,1355124396
PennyLane,0.44.1,lightning.qubit,grid_2d,10,5,29,290,50,14500,0.0009682830559898844,0.01,1355124396
PennyLane,0.44.1,lightning.qubit,grid_2d,10,5,30,300,50,15000,0.0009907440445434091,0.01,1355124396
PennyLane,0.44.1,lightning.qubit,grid_2d,10,6,1,10,50,500,0.02592847469259339,0.01,1632471756
PennyLane,0.44.1,lightning.qubit,grid_2d,10,6,2,20,50,1000,0.017107806830332337,0.01,1632471756
PennyLane,0.44.1,lightning.qubit,grid_2d,10,6,3,30,50,1500,0.007163052752312531,0.01,1632471756
PennyLane,0.44.1,lightning.qubit,grid_2d,10,6,4,40,50,2000,0.006388065717876925,0.01,1632471756
PennyLane,0.44.1,lightning.qubit,grid_2d,10,6,5,50,50,2500,0.004477761042916364,0.01,1632471756
PennyLane,0.44.1,lightning.qubit,grid_2d,10,6,6,60,50,3000,0.003811562165252546,0.01,1632471756
PennyLane,0.44.1,lightning.qubit,grid_2d,10,6,7,70,50,3500,0.003011640275729334,0.01,1632471756
PennyLane,0.44.1,lightning.qubit,grid_2d,10,6,8,80,50,4000,0.002162239049120222,0.01,1632471756
PennyLane,0.44.1,lightning.qubit,grid_2d,10,6,9,90,50,4500,0.0017783269504808995,0.01,1632471756
PennyLane,0.44.1,lightning.qubit,grid_2d,10,6,10,100,50,5000,0.0018556025670499444,0.01,1632471756
PennyLane,0.44.1,lightning.qubit,grid_2d,10,6,11,110,50,5500,0.001449525961641599,0.01,1632471756
PennyLane,0.44.1,lightning.qubit,grid_2d,10,6,12,120,50,6000,0.0012238476878420406,0.01,1632471756
PennyLane,0.44.1,lightning.qubit,grid_2d,10,6,13,130,50,6500,0.0012473778014499273,0.01,1632471756
PennyLane,0.44.1,lightning.qubit,grid_2d,10,6,14,140,50,7000,0.0011652272553049836,0.01,1632471756
PennyLane,0.44.1,lightning.qubit,grid_2d,10,6,15,150,50,7500,0.001180221221048968,0.01,1632471756
PennyLane,0.44.1,lightning.qubit,grid_2d,10,6,16,160,50,8000,0.0011810983471121183,0.01,1632471756
PennyLane,0.44.1,lightning.qubit,grid_2d,10,6,17,170,50,8500,0.0010837018529160846,0.01,1632471756
PennyLane,0.44.1,lightning.qubit,grid_2d,10,6,18,180,50,9000,0.0010523482786635615,0.01,1632471756
PennyLane,0.44.1,lightning.qubit,grid_2d,10,6,19,190,50,9500,0.001050659989985985,0.01,1632471756
PennyLane,0.44.1,lightning.qubit,grid_2d,10,6,20,200,50,10000,0.001020641184205145,0.01,1632471756
PennyLane,0.44.1,lightning.qubit,grid_2d,10,6,21,210,50,10500,0.0010204343087015957,0.01,1632471756
PennyLane,0.44.1,lightning.qubit,grid_2d,10,6,22,220,50,11000,0.0010246342774870953,0.01,1632471756
PennyLane,0.44.1,lightning.qubit,grid_2d,10,6,23,230,50,11500,0.0010247767556171548,0.01,1632471756
PennyLane,0.44.1,lightning.qubit,grid_2d,10,6,24,240,50,12000,0.0009769636790245778,0.01,1632471756
PennyLane,0.44.1,lightning.qubit,grid_2d,10,6,25,250,50,12500,0.0010013553041740412,0.01,1632471756
PennyLane,0.44.1,lightning.qubit,grid_2d,10,6,26,260,50,13000,0.0009927533775985703,0.01,1632471756
PennyLane,0.44.1,lightning.qubit,grid_2d,10,6,27,270,50,13500,0.0009474113122343289,0.01,1632471756
PennyLane,0.44.1,lightning.qubit,grid_2d,10,6,28,280,50,14000,0.0010188038854841523,0.01,1632471756
PennyLane,0.44.1,lightning.qubit,grid_2d,10,6,29,290,50,14500,0.0009920203968212461,0.01,1632471756
PennyLane,0.44.1,lightning.qubit,grid_2d,10,6,30,300,50,15000,0.0009818342084926567,0.01,1632471756
PennyLane,0.44.1,lightning.qubit,grid_2d,10,8,1,10,50,500,0.015426751654422545,0.01,3868484483
PennyLane,0.44.1,lightning.qubit,grid_2d,10,8,2,20,50,1000,0.00859673130965334,0.01,3868484483
PennyLane,0.44.1,lightning.qubit,grid_2d,10,8,3,30,50,1500,0.008591752520698636,0.01,3868484483
PennyLane,0.44.1,lightning.qubit,grid_2d,10,8,4,40,50,2000,0.0061459041390547605,0.01,3868484483
PennyLane,0.44.1,lightning.qubit,grid_2d,10,8,5,50,50,2500,0.0030289011292338854,0.01,3868484483
PennyLane,0.44.1,lightning.qubit,grid_2d,10,8,6,60,50,3000,0.003075074875918484,0.01,3868484483
PennyLane,0.44.1,lightning.qubit,grid_2d,10,8,7,70,50,3500,0.0025304330366133646,0.01,3868484483
PennyLane,0.44.1,lightning.qubit,grid_2d,10,8,8,80,50,4000,0.0018589164238120123,0.01,3868484483
PennyLane,0.44.1,lightning.qubit,grid_2d,10,8,9,90,50,4500,0.0017438311663460855,0.01,3868484483
PennyLane,0.44.1,lightning.qubit,grid_2d,10,8,10,100,50,5000,0.001908576048585578,0.01,3868484483
PennyLane,0.44.1,lightning.qubit,grid_2d,10,8,11,110,50,5500,0.0013214150716896508,0.01,3868484483
PennyLane,0.44.1,lightning.qubit,grid_2d,10,8,12,120,50,6000,0.0013066080493296234,0.01,3868484483
PennyLane,0.44.1,lightning.qubit,grid_2d,10,8,13,130,50,6500,0.0014683132481919286,0.01,3868484483
PennyLane,0.44.1,lightning.qubit,grid_2d,10,8,14,140,50,7000,0.0011448249429190786,0.01,3868484483
PennyLane,0.44.1,lightning.qubit,grid_2d,10,8,15,150,50,7500,0.0011632742656998104,0.01,3868484483
PennyLane,0.44.1,lightning.qubit,grid_2d,10,8,16,160,50,8000,0.001165385336574624,0.01,3868484483
PennyLane,0.44.1,lightning.qubit,grid_2d,10,8,17,170,50,8500,0.001079514854313006,0.01,3868484483
PennyLane,0.44.1,lightning.qubit,grid_2d,10,8,18,180,50,9000,0.0010672806114119088,0.01,3868484483
PennyLane,0.44.1,lightning.qubit,grid_2d,10,8,19,190,50,9500,0.0011024993113871238,0.01,3868484483
PennyLane,0.44.1,lightning.qubit,grid_2d,10,8,20,200,50,10000,0.0010364812048001906,0.01,3868484483
PennyLane,0.44.1,lightning.qubit,grid_2d,10,8,21,210,50,10500,0.0010048451067134498,0.01,3868484483
PennyLane,0.44.1,lightning.qubit,grid_2d,10,8,22,220,50,11000,0.0010442380483680186,0.01,3868484483
PennyLane,0.44.1,lightning.qubit,grid_2d,10,8,23,230,50,11500,0.0010212943371863408,0.01,3868484483
PennyLane,0.44.1,lightning.qubit,grid_2d,10,8,24,240,50,12000,0.000990057276809142,0.01,3868484483
PennyLane,0.44.1,lightning.qubit,grid_2d,10,8,25,250,50,12500,0.0010017411840286328,0.01,3868484483
PennyLane,0.44.1,lightning.qubit,grid_2d,10,8,26,260,50,13000,0.0010049872109568817,0.01,3868484483
PennyLane,0.44.1,lightning.qubit,grid_2d,10,8,27,270,50,13500,0.0009909454773591436,0.01,3868484483
PennyLane,0.44.1,lightning.qubit,grid_2d,10,8,28,280,50,14000,0.0009829655450541348,0.01,3868484483
PennyLane,0.44.1,lightning.qubit,grid_2d,10,8,29,290,50,14500,0.0010373877998655437,0.01,3868484483
PennyLane,0.44.1,lightning.qubit,grid_2d,10,8,30,300,50,15000,0.0009677221546310849,0.01,3868484483
PennyLane,0.44.1,lightning.qubit,grid_2d,10,10,1,10,50,500,0.016303268966250364,0.01,3581463419
PennyLane,0.44.1,lightning.qubit,grid_2d,10,10,2,20,50,1000,0.008428039041350945,0.01,3581463419
PennyLane,0.44.1,lightning.qubit,grid_2d,10,10,3,30,50,1500,0.004138574769499398,0.01,3581463419
PennyLane,0.44.1,lightning.qubit,grid_2d,10,10,4,40,50,2000,0.007879905118754218,0.01,3581463419
PennyLane,0.44.1,lightning.qubit,grid_2d,10,10,5,50,50,2500,0.0026421486179277116,0.01,3581463419
PennyLane,0.44.1,lightning.qubit,grid_2d,10,10,6,60,50,3000,0.0023336574444822217,0.01,3581463419
PennyLane,0.44.1,lightning.qubit,grid_2d,10,10,7,70,50,3500,0.0029492073670414906,0.01,3581463419
PennyLane,0.44.1,lightning.qubit,grid_2d,10,10,8,80,50,4000,0.0020773230109976054,0.01,3581463419
PennyLane,0.44.1,lightning.qubit,grid_2d,10,10,9,90,50,4500,0.001631221435881958,0.01,3581463419
PennyLane,0.44.1,lightning.qubit,grid_2d,10,10,10,100,50,5000,0.0015556506681545183,0.01,3581463419
PennyLane,0.44.1,lightning.qubit,grid_2d,10,10,11,110,50,5500,0.0013684662710515144,0.01,3581463419
PennyLane,0.44.1,lightning.qubit,grid_2d,10,10,12,120,50,6000,0.0013368395791432167,0.01,3581463419
PennyLane,0.44.1,lightning.qubit,grid_2d,10,10,13,130,50,6500,0.0012559742989190262,0.01,3581463419
PennyLane,0.44.1,lightning.qubit,grid_2d,10,10,14,140,50,7000,0.0011480690192268094,0.01,3581463419
PennyLane,0.44.1,lightning.qubit,grid_2d,10,10,15,150,50,7500,0.0011462688668540698,0.01,3581463419
PennyLane,0.44.1,lightning.qubit,grid_2d,10,10,16,160,50,8000,0.0011065644028398218,0.01,3581463419
PennyLane,0.44.1,lightning.qubit,grid_2d,10,10,17,170,50,8500,0.001020780512032194,0.01,3581463419
PennyLane,0.44.1,lightning.qubit,grid_2d,10,10,18,180,50,9000,0.001034865357606851,0.01,3581463419
PennyLane,0.44.1,lightning.qubit,grid_2d,10,10,19,190,50,9500,0.001044033453255436,0.01,3581463419
PennyLane,0.44.1,lightning.qubit,grid_2d,10,10,20,200,50,10000,0.0010111063650484263,0.01,3581463419
PennyLane,0.44.1,lightning.qubit,grid_2d,10,10,21,210,50,10500,0.0010226573685062916,0.01,3581463419
PennyLane,0.44.1,lightning.qubit,grid_2d,10,10,22,220,50,11000,0.0010326023163721603,0.01,3581463419
PennyLane,0.44.1,lightning.qubit,grid_2d,10,10,23,230,50,11500,0.0010075226452666525,0.01,3581463419
PennyLane,0.44.1,lightning.qubit,grid_2d,10,10,24,240,50,12000,0.0010020763157554467,0.01,3581463419
PennyLane,0.44.1,lightning.qubit,grid_2d,10,10,25,250,50,12500,0.0009769167994394818,0.01,3581463419
PennyLane,0.44.1,lightning.qubit,grid_2d,10,10,26,260,50,13000,0.000997657985202152,0.01,3581463419
PennyLane,0.44.1,lightning.qubit,grid_2d,10,10,27,270,50,13500,0.0010136802095281204,0.01,3581463419
PennyLane,0.44.1,lightning.qubit,grid_2d,10,10,28,280,50,14000,0.000981520059650285,0.01,3581463419
PennyLane,0.44.1,lightning.qubit,grid_2d,10,10,29,290,50,14500,0.0009782039172869965,0.01,3581463419
PennyLane,0.44.1,lightning.qubit,grid_2d,10,10,30,300,50,15000,0.0010108892218668945,0.01,3581463419
PennyLane,0.44.1,lightning.qubit,grid_2d,12,2,1,12,50,600,0.04122528214701992,0.01,922899720
PennyLane,0.44.1,lightning.qubit,grid_2d,12,2,2,24,50,1200,0.04579467287245411,0.01,922899720
PennyLane,0.44.1,lightning.qubit,grid_2d,12,2,3,36,50,1800,0.026527876614442718,0.01,922899720
PennyLane,0.44.1,lightning.qubit,grid_2d,12,2,4,48,50,2400,0.016677283047077097,0.01,922899720
PennyLane,0.44.1,lightning.qubit,grid_2d,12,2,5,60,50,3000,0.018432512065753626,0.01,922899720
PennyLane,0.44.1,lightning.qubit,grid_2d,12,2,6,72,50,3600,0.018328456632758616,0.01,922899720
PennyLane,0.44.1,lightning.qubit,grid_2d,12,2,7,84,50,4200,0.009576055937757393,0.01,922899720
PennyLane,0.44.1,lightning.qubit,grid_2d,12,2,8,96,50,4800,0.00716541563727504,0.01,922899720
PennyLane,0.44.1,lightning.qubit,grid_2d,12,2,9,108,50,5400,0.009342881505350427,0.01,922899720
PennyLane,0.44.1,lightning.qubit,grid_2d,12,2,10,120,50,6000,0.007906199019779158,0.01,922899720
PennyLane,0.44.1,lightning.qubit,grid_2d,12,2,11,132,50,6600,0.00441263024290919,0.01,922899720
PennyLane,0.44.1,lightning.qubit,grid_2d,12,2,12,144,50,7200,0.002554917129009792,0.01,922899720
PennyLane,0.44.1,lightning.qubit,grid_2d,12,2,13,156,50,7800,0.002690748440166252,0.01,922899720
PennyLane,0.44.1,lightning.qubit,grid_2d,12,2,14,168,50,8400,0.004208958873660615,0.01,922899720
PennyLane,0.44.1,lightning.qubit,grid_2d,12,2,15,180,50,9000,0.0017075774968143814,0.01,922899720
PennyLane,0.44.1,lightning.qubit,grid_2d,12,2,16,192,50,9600,0.00119475345931286,0.01,922899720
PennyLane,0.44.1,lightning.qubit,grid_2d,12,2,17,204,50,10200,0.0012120672753160237,0.01,922899720
PennyLane,0.44.1,lightning.qubit,grid_2d,12,2,18,216,50,10800,0.0015073314499437587,0.01,922899720
PennyLane,0.44.1,lightning.qubit,grid_2d,12,2,19,228,50,11400,0.0007683171108801338,0.01,922899720
PennyLane,0.44.1,lightning.qubit,grid_2d,12,2,20,240,50,12000,0.0005823816894355739,0.01,922899720
PennyLane,0.44.1,lightning.qubit,grid_2d,12,2,21,252,50,12600,0.0006178170362629716,0.01,922899720
PennyLane,0.44.1,lightning.qubit,grid_2d,12,2,22,264,50,13200,0.0007926697888489203,0.01,922899720
PennyLane,0.44.1,lightning.qubit,grid_2d,12,2,23,276,50,13800,0.00036894190675952425,0.01,922899720
PennyLane,0.44.1,lightning.qubit,grid_2d,12,2,24,288,50,14400,0.0003862127793115702,0.01,922899720
PennyLane,0.44.1,lightning.qubit,grid_2d,12,2,25,300,50,15000,0.00033696168555703507,0.01,922899720
PennyLane,0.44.1,lightning.qubit,grid_2d,12,2,26,312,50,15600,0.00048712021662568415,0.01,922899720
PennyLane,0.44.1,lightning.qubit,grid_2d,12,2,27,324,50,16200,0.00031415741581229185,0.01,922899720
PennyLane,0.44.1,lightning.qubit,grid_2d,12,2,28,336,50,16800,0.0002920332374605758,0.01,922899720
PennyLane,0.44.1,lightning.qubit,grid_2d,12,2,29,348,50,17400,0.0002616319171965558,0.01,922899720
PennyLane,0.44.1,lightning.qubit,grid_2d,12,2,30,360,50,18000,0.0002751008201605418,0.01,922899720
PennyLane,0.44.1,lightning.qubit,grid_2d,12,3,1,12,50,600,0.048269038239482205,0.01,2633191956
PennyLane,0.44.1,lightning.qubit,grid_2d,12,3,2,24,50,1200,0.025218504553478287,0.01,2633191956
PennyLane,0.44.1,lightning.qubit,grid_2d,12,3,3,36,50,1800,0.021354348204360784,0.01,2633191956
PennyLane,0.44.1,lightning.qubit,grid_2d,12,3,4,48,50,2400,0.011579155739815054,0.01,2633191956
PennyLane,0.44.1,lightning.qubit,grid_2d,12,3,5,60,50,3000,0.014612665272274767,0.01,2633191956
PennyLane,0.44.1,lightning.qubit,grid_2d,12,3,6,72,50,3600,0.010717833989411065,0.01,2633191956
PennyLane,0.44.1,lightning.qubit,grid_2d,12,3,7,84,50,4200,0.007660555998392934,0.01,2633191956
PennyLane,0.44.1,lightning.qubit,grid_2d,12,3,8,96,50,4800,0.003602573191669545,0.01,2633191956
PennyLane,0.44.1,lightning.qubit,grid_2d,12,3,9,108,50,5400,0.005306300807842223,0.01,2633191956
PennyLane,0.44.1,lightning.qubit,grid_2d,12,3,10,120,50,6000,0.00313748545835994,0.01,2633191956
PennyLane,0.44.1,lightning.qubit,grid_2d,12,3,11,132,50,6600,0.003373341090673142,0.01,2633191956
PennyLane,0.44.1,lightning.qubit,grid_2d,12,3,12,144,50,7200,0.0013120921265743406,0.01,2633191956
PennyLane,0.44.1,lightning.qubit,grid_2d,12,3,13,156,50,7800,0.0021605823544683187,0.01,2633191956
PennyLane,0.44.1,lightning.qubit,grid_2d,12,3,14,168,50,8400,0.0012169544105884186,0.01,2633191956
PennyLane,0.44.1,lightning.qubit,grid_2d,12,3,15,180,50,9000,0.001330378633446089,0.01,2633191956
PennyLane,0.44.1,lightning.qubit,grid_2d,12,3,16,192,50,9600,0.000643005335504217,0.01,2633191956
PennyLane,0.44.1,lightning.qubit,grid_2d,12,3,17,204,50,10200,0.001032617196661158,0.01,2633191956
PennyLane,0.44.1,lightning.qubit,grid_2d,12,3,18,216,50,10800,0.000580860565306194,0.01,2633191956
PennyLane,0.44.1,lightning.qubit,grid_2d,12,3,19,228,50,11400,0.0006362243750904917,0.01,2633191956
PennyLane,0.44.1,lightning.qubit,grid_2d,12,3,20,240,50,12000,0.0004315135045845683,0.01,2633191956
PennyLane,0.44.1,lightning.qubit,grid_2d,12,3,21,252,50,12600,0.00042146844769317695,0.01,2633191956
PennyLane,0.44.1,lightning.qubit,grid_2d,12,3,22,264,50,13200,0.0003538607420069892,0.01,2633191956
PennyLane,0.44.1,lightning.qubit,grid_2d,12,3,23,276,50,13800,0.00032929165305427163,0.01,2633191956
PennyLane,0.44.1,lightning.qubit,grid_2d,12,3,24,288,50,14400,0.0003024204042540626,0.01,2633191956
PennyLane,0.44.1,lightning.qubit,grid_2d,12,3,25,300,50,15000,0.0003086741302908648,0.01,2633191956
PennyLane,0.44.1,lightning.qubit,grid_2d,12,3,26,312,50,15600,0.0002584474277841061,0.01,2633191956
PennyLane,0.44.1,lightning.qubit,grid_2d,12,3,27,324,50,16200,0.0002742664831826389,0.01,2633191956
PennyLane,0.44.1,lightning.qubit,grid_2d,12,3,28,336,50,16800,0.00024792856221916685,0.01,2633191956
PennyLane,0.44.1,lightning.qubit,grid_2d,12,3,29,348,50,17400,0.0002479640531259327,0.01,2633191956
PennyLane,0.44.1,lightning.qubit,grid_2d,12,3,30,360,50,18000,0.00023272978983579742,0.01,2633191956
PennyLane,0.44.1,lightning.qubit,grid_2d,12,4,1,12,50,600,0.04210009888981832,0.01,2128495446
PennyLane,0.44.1,lightning.qubit,grid_2d,12,4,2,24,50,1200,0.027917235944024663,0.01,2128495446
PennyLane,0.44.1,lightning.qubit,grid_2d,12,4,3,36,50,1800,0.011037721607502143,0.01,2128495446
PennyLane,0.44.1,lightning.qubit,grid_2d,12,4,4,48,50,2400,0.00693765830152949,0.01,2128495446
PennyLane,0.44.1,lightning.qubit,grid_2d,12,4,5,60,50,3000,0.012439227718426904,0.01,2128495446
PennyLane,0.44.1,lightning.qubit,grid_2d,12,4,6,72,50,3600,0.008313947484125974,0.01,2128495446
PennyLane,0.44.1,lightning.qubit,grid_2d,12,4,7,84,50,4200,0.0038762718535232904,0.01,2128495446
PennyLane,0.44.1,lightning.qubit,grid_2d,12,4,8,96,50,4800,0.002439564204270524,0.01,2128495446
PennyLane,0.44.1,lightning.qubit,grid_2d,12,4,9,108,50,5400,0.004536852854921591,0.01,2128495446
PennyLane,0.44.1,lightning.qubit,grid_2d,12,4,10,120,50,6000,0.0027898394720136644,0.01,2128495446
PennyLane,0.44.1,lightning.qubit,grid_2d,12,4,11,132,50,6600,0.001700829027999323,0.01,2128495446
PennyLane,0.44.1,lightning.qubit,grid_2d,12,4,12,144,50,7200,0.0009354773055405142,0.01,2128495446
PennyLane,0.44.1,lightning.qubit,grid_2d,12,4,13,156,50,7800,0.001624738337427167,0.01,2128495446
PennyLane,0.44.1,lightning.qubit,grid_2d,12,4,14,168,50,8400,0.0011422121503509481,0.01,2128495446
PennyLane,0.44.1,lightning.qubit,grid_2d,12,4,15,180,50,9000,0.0006052983719041529,0.01,2128495446
PennyLane,0.44.1,lightning.qubit,grid_2d,12,4,16,192,50,9600,0.0004302404310446804,0.01,2128495446
PennyLane,0.44.1,lightning.qubit,grid_2d,12,4,17,204,50,10200,0.0006050026395607604,0.01,2128495446
PennyLane,0.44.1,lightning.qubit,grid_2d,12,4,18,216,50,10800,0.0005451682717712205,0.01,2128495446
PennyLane,0.44.1,lightning.qubit,grid_2d,12,4,19,228,50,11400,0.00035132599422309875,0.01,2128495446
PennyLane,0.44.1,lightning.qubit,grid_2d,12,4,20,240,50,12000,0.0002911146646905378,0.01,2128495446
PennyLane,0.44.1,lightning.qubit,grid_2d,12,4,21,252,50,12600,0.0004127589594095079,0.01,2128495446
PennyLane,0.44.1,lightning.qubit,grid_2d,12,4,22,264,50,13200,0.00030045414273475746,0.01,2128495446
PennyLane,0.44.1,lightning.qubit,grid_2d,12,4,23,276,50,13800,0.0002605542015748632,0.01,2128495446
PennyLane,0.44.1,lightning.qubit,grid_2d,12,4,24,288,50,14400,0.0002598697770537012,0.01,2128495446
PennyLane,0.44.1,lightning.qubit,grid_2d,12,4,25,300,50,15000,0.0002695279192418268,0.01,2128495446
PennyLane,0.44.1,lightning.qubit,grid_2d,12,4,26,312,50,15600,0.00024638582000854995,0.01,2128495446
PennyLane,0.44.1,lightning.qubit,grid_2d,12,4,27,324,50,16200,0.0002475072510894169,0.01,2128495446
PennyLane,0.44.1,lightning.qubit,grid_2d,12,4,28,336,50,16800,0.0002436660577534977,0.01,2128495446
PennyLane,0.44.1,lightning.qubit,grid_2d,12,4,29,348,50,17400,0.00023505652797150637,0.01,2128495446
PennyLane,0.44.1,lightning.qubit,grid_2d,12,4,30,360,50,18000,0.00021959729541156783,0.01,2128495446
PennyLane,0.44.1,lightning.qubit,grid_2d,12,5,1,12,50,600,0.029137033922321542,0.01,744841424
PennyLane,0.44.1,lightning.qubit,grid_2d,12,5,2,24,50,1200,0.026209585714811443,0.01,744841424
PennyLane,0.44.1,lightning.qubit,grid_2d,12,5,3,36,50,1800,0.008179706757783128,0.01,744841424
PennyLane,0.44.1,lightning.qubit,grid_2d,12,5,4,48,50,2400,0.0044230883403611485,0.01,744841424
PennyLane,0.44.1,lightning.qubit,grid_2d,12,5,5,60,50,3000,0.007029583487074513,0.01,744841424
PennyLane,0.44.1,lightning.qubit,grid_2d,12,5,6,72,50,3600,0.0049228250659511,0.01,744841424
PennyLane,0.44.1,lightning.qubit,grid_2d,12,5,7,84,50,4200,0.0024977891821012805,0.01,744841424
PennyLane,0.44.1,lightning.qubit,grid_2d,12,5,8,96,50,4800,0.0012073915945092543,0.01,744841424
PennyLane,0.44.1,lightning.qubit,grid_2d,12,5,9,108,50,5400,0.002272449284155189,0.01,744841424
PennyLane,0.44.1,lightning.qubit,grid_2d,12,5,10,120,50,6000,0.001593692174119958,0.01,744841424
PennyLane,0.44.1,lightning.qubit,grid_2d,12,5,11,132,50,6600,0.001084757106212475,0.01,744841424
PennyLane,0.44.1,lightning.qubit,grid_2d,12,5,12,144,50,7200,0.0005390551949523487,0.01,744841424
PennyLane,0.44.1,lightning.qubit,grid_2d,12,5,13,156,50,7800,0.0007284868845760119,0.01,744841424
PennyLane,0.44.1,lightning.qubit,grid_2d,12,5,14,168,50,8400,0.0005651716498500188,0.01,744841424
PennyLane,0.44.1,lightning.qubit,grid_2d,12,5,15,180,50,9000,0.0004820725412084179,0.01,744841424
PennyLane,0.44.1,lightning.qubit,grid_2d,12,5,16,192,50,9600,0.00034521291469452066,0.01,744841424
PennyLane,0.44.1,lightning.qubit,grid_2d,12,5,17,204,50,10200,0.0003705964611579301,0.01,744841424
PennyLane,0.44.1,lightning.qubit,grid_2d,12,5,18,216,50,10800,0.000373670802725495,0.01,744841424
PennyLane,0.44.1,lightning.qubit,grid_2d,12,5,19,228,50,11400,0.0003175609155955135,0.01,744841424
PennyLane,0.44.1,lightning.qubit,grid_2d,12,5,20,240,50,12000,0.00027910002850282684,0.01,744841424
PennyLane,0.44.1,lightning.qubit,grid_2d,12,5,21,252,50,12600,0.00029349640708887365,0.01,744841424
PennyLane,0.44.1,lightning.qubit,grid_2d,12,5,22,264,50,13200,0.00027491315112329964,0.01,744841424
PennyLane,0.44.1,lightning.qubit,grid_2d,12,5,23,276,50,13800,0.0002600541802224597,0.01,744841424
PennyLane,0.44.1,lightning.qubit,grid_2d,12,5,24,288,50,14400,0.00024638597309659636,0.01,744841424
PennyLane,0.44.1,lightning.qubit,grid_2d,12,5,25,300,50,15000,0.00025101527746829286,0.01,744841424
PennyLane,0.44.1,lightning.qubit,grid_2d,12,5,26,312,50,15600,0.00024614098384332983,0.01,744841424
PennyLane,0.44.1,lightning.qubit,grid_2d,12,5,27,324,50,16200,0.00024611662050036886,0.01,744841424
PennyLane,0.44.1,lightning.qubit,grid_2d,12,5,28,336,50,16800,0.0002481767110054815,0.01,744841424
PennyLane,0.44.1,lightning.qubit,grid_2d,12,5,29,348,50,17400,0.0002355338023655177,0.01,744841424
PennyLane,0.44.1,lightning.qubit,grid_2d,12,5,30,360,50,18000,0.00022728384215765695,0.01,744841424
PennyLane,0.44.1,lightning.qubit,grid_2d,12,6,1,12,50,600,0.03236496444607726,0.01,1667665675
PennyLane,0.44.1,lightning.qubit,grid_2d,12,6,2,24,50,1200,0.030115567292393022,0.01,1667665675
PennyLane,0.44.1,lightning.qubit,grid_2d,12,6,3,36,50,1800,0.007174596759078628,0.01,1667665675
PennyLane,0.44.1,lightning.qubit,grid_2d,12,6,4,48,50,2400,0.004482610181216642,0.01,1667665675
PennyLane,0.44.1,lightning.qubit,grid_2d,12,6,5,60,50,3000,0.0093910575920185,0.01,1667665675
PennyLane,0.44.1,lightning.qubit,grid_2d,12,6,6,72,50,3600,0.003546493371618039,0.01,1667665675
PennyLane,0.44.1,lightning.qubit,grid_2d,12,6,7,84,50,4200,0.0016182419182470716,0.01,1667665675
PennyLane,0.44.1,lightning.qubit,grid_2d,12,6,8,96,50,4800,0.0012088048479699859,0.01,1667665675
PennyLane,0.44.1,lightning.qubit,grid_2d,12,6,9,108,50,5400,0.0018426524656736311,0.01,1667665675
PennyLane,0.44.1,lightning.qubit,grid_2d,12,6,10,120,50,6000,0.0013848913345164905,0.01,1667665675
PennyLane,0.44.1,lightning.qubit,grid_2d,12,6,11,132,50,6600,0.0007250278813137504,0.01,1667665675
PennyLane,0.44.1,lightning.qubit,grid_2d,12,6,12,144,50,7200,0.0006279112645868588,0.01,1667665675
PennyLane,0.44.1,lightning.qubit,grid_2d,12,6,13,156,50,7800,0.0008547328767293052,0.01,1667665675
PennyLane,0.44.1,lightning.qubit,grid_2d,12,6,14,168,50,8400,0.0005024630878123304,0.01,1667665675
PennyLane,0.44.1,lightning.qubit,grid_2d,12,6,15,180,50,9000,0.0003760496381764818,0.01,1667665675
PennyLane,0.44.1,lightning.qubit,grid_2d,12,6,16,192,50,9600,0.00034995409763426854,0.01,1667665675
PennyLane,0.44.1,lightning.qubit,grid_2d,12,6,17,204,50,10200,0.0004512106237418861,0.01,1667665675
PennyLane,0.44.1,lightning.qubit,grid_2d,12,6,18,216,50,10800,0.00034405823366005615,0.01,1667665675
PennyLane,0.44.1,lightning.qubit,grid_2d,12,6,19,228,50,11400,0.00029707221688870134,0.01,1667665675
PennyLane,0.44.1,lightning.qubit,grid_2d,12,6,20,240,50,12000,0.00027163930332418083,0.01,1667665675
PennyLane,0.44.1,lightning.qubit,grid_2d,12,6,21,252,50,12600,0.00028155273917176033,0.01,1667665675
PennyLane,0.44.1,lightning.qubit,grid_2d,12,6,22,264,50,13200,0.00026741489136480786,0.01,1667665675
PennyLane,0.44.1,lightning.qubit,grid_2d,12,6,23,276,50,13800,0.0002573996544170727,0.01,1667665675
PennyLane,0.44.1,lightning.qubit,grid_2d,12,6,24,288,50,14400,0.00025385449087549495,0.01,1667665675
PennyLane,0.44.1,lightning.qubit,grid_2d,12,6,25,300,50,15000,0.00025728378592983073,0.01,1667665675
PennyLane,0.44.1,lightning.qubit,grid_2d,12,6,26,312,50,15600,0.00024314770814768582,0.01,1667665675
PennyLane,0.44.1,lightning.qubit,grid_2d,12,6,27,324,50,16200,0.00024068432292786415,0.01,1667665675
PennyLane,0.44.1,lightning.qubit,grid_2d,12,6,28,336,50,16800,0.00024760703637422595,0.01,1667665675
PennyLane,0.44.1,lightning.qubit,grid_2d,12,6,29,348,50,17400,0.00023418599494249374,0.01,1667665675
PennyLane,0.44.1,lightning.qubit,grid_2d,12,6,30,360,50,18000,0.00023231842054866625,0.01,1667665675
PennyLane,0.44.1,lightning.qubit,grid_2d,12,8,1,12,50,600,0.021063154607503697,0.01,796181984
PennyLane,0.44.1,lightning.qubit,grid_2d,12,8,2,24,50,1200,0.015164827833915338,0.01,796181984
PennyLane,0.44.1,lightning.qubit,grid_2d,12,8,3,36,50,1800,0.007192438523359591,0.01,796181984
PennyLane,0.44.1,lightning.qubit,grid_2d,12,8,4,48,50,2400,0.00207427470195219,0.01,796181984
PennyLane,0.44.1,lightning.qubit,grid_2d,12,8,5,60,50,3000,0.005197293026724551,0.01,796181984
PennyLane,0.44.1,lightning.qubit,grid_2d,12,8,6,72,50,3600,0.002733596875884154,0.01,796181984
PennyLane,0.44.1,lightning.qubit,grid_2d,12,8,7,84,50,4200,0.0017004991749524922,0.01,796181984
PennyLane,0.44.1,lightning.qubit,grid_2d,12,8,8,96,50,4800,0.0007129254566927789,0.01,796181984
PennyLane,0.44.1,lightning.qubit,grid_2d,12,8,9,108,50,5400,0.0017271424377189653,0.01,796181984
PennyLane,0.44.1,lightning.qubit,grid_2d,12,8,10,120,50,6000,0.0006919862620418266,0.01,796181984
PennyLane,0.44.1,lightning.qubit,grid_2d,12,8,11,132,50,6600,0.0005897015891661955,0.01,796181984
PennyLane,0.44.1,lightning.qubit,grid_2d,12,8,12,144,50,7200,0.0004817960352694746,0.01,796181984
PennyLane,0.44.1,lightning.qubit,grid_2d,12,8,13,156,50,7800,0.0006441331407778608,0.01,796181984
PennyLane,0.44.1,lightning.qubit,grid_2d,12,8,14,168,50,8400,0.0004209028051692652,0.01,796181984
PennyLane,0.44.1,lightning.qubit,grid_2d,12,8,15,180,50,9000,0.00040879765444245213,0.01,796181984
PennyLane,0.44.1,lightning.qubit,grid_2d,12,8,16,192,50,9600,0.0003419030706442136,0.01,796181984
PennyLane,0.44.1,lightning.qubit,grid_2d,12,8,17,204,50,10200,0.00039718886186110693,0.01,796181984
PennyLane,0.44.1,lightning.qubit,grid_2d,12,8,18,216,50,10800,0.0003088578452864544,0.01,796181984
PennyLane,0.44.1,lightning.qubit,grid_2d,12,8,19,228,50,11400,0.00027170506139254395,0.01,796181984
PennyLane,0.44.1,lightning.qubit,grid_2d,12,8,20,240,50,12000,0.0002709911124605065,0.01,796181984
PennyLane,0.44.1,lightning.qubit,grid_2d,12,8,21,252,50,12600,0.0003007595910135821,0.01,796181984
PennyLane,0.44.1,lightning.qubit,grid_2d,12,8,22,264,50,13200,0.00026263403515027346,0.01,796181984
PennyLane,0.44.1,lightning.qubit,grid_2d,12,8,23,276,50,13800,0.0002480030255005308,0.01,796181984
PennyLane,0.44.1,lightning.qubit,grid_2d,12,8,24,288,50,14400,0.00025178124811972265,0.01,796181984
PennyLane,0.44.1,lightning.qubit,grid_2d,12,8,25,300,50,15000,0.0002549413392928835,0.01,796181984
PennyLane,0.44.1,lightning.qubit,grid_2d,12,8,26,312,50,15600,0.00024872380193058705,0.01,796181984
PennyLane,0.44.1,lightning.qubit,grid_2d,12,8,27,324,50,16200,0.00024203871542340203,0.01,796181984
PennyLane,0.44.1,lightning.qubit,grid_2d,12,8,28,336,50,16800,0.000256492958369169,0.01,796181984
PennyLane,0.44.1,lightning.qubit,grid_2d,12,8,29,348,50,17400,0.00024039027031267325,0.01,796181984
PennyLane,0.44.1,lightning.qubit,grid_2d,12,8,30,360,50,18000,0.0002394191245173155,0.01,796181984
PennyLane,0.44.1,lightning.qubit,grid_2d,12,10,1,12,50,600,0.016889607109618524,0.01,90317362
PennyLane,0.44.1,lightning.qubit,grid_2d,12,10,2,24,50,1200,0.004968148843950623,0.01,90317362
PennyLane,0.44.1,lightning.qubit,grid_2d,12,10,3,36,50,1800,0.003117781388174566,0.01,90317362
PennyLane,0.44.1,lightning.qubit,grid_2d,12,10,4,48,50,2400,0.0012423251784479368,0.01,90317362
PennyLane,0.44.1,lightning.qubit,grid_2d,12,10,5,60,50,3000,0.003623351566336716,0.01,90317362
PennyLane,0.44.1,lightning.qubit,grid_2d,12,10,6,72,50,3600,0.0021018484052145766,0.01,90317362
PennyLane,0.44.1,lightning.qubit,grid_2d,12,10,7,84,50,4200,0.0008102955513536963,0.01,90317362
PennyLane,0.44.1,lightning.qubit,grid_2d,12,10,8,96,50,4800,0.00038112046004458547,0.01,90317362
PennyLane,0.44.1,lightning.qubit,grid_2d,12,10,9,108,50,5400,0.0015528380016089566,0.01,90317362
PennyLane,0.44.1,lightning.qubit,grid_2d,12,10,10,120,50,6000,0.0006403757711493058,0.01,90317362
PennyLane,0.44.1,lightning.qubit,grid_2d,12,10,11,132,50,6600,0.0004624715055799394,0.01,90317362
PennyLane,0.44.1,lightning.qubit,grid_2d,12,10,12,144,50,7200,0.00034194972381444157,0.01,90317362
PennyLane,0.44.1,lightning.qubit,grid_2d,12,10,13,156,50,7800,0.00047760906495415586,0.01,90317362
PennyLane,0.44.1,lightning.qubit,grid_2d,12,10,14,168,50,8400,0.00037785713395339286,0.01,90317362
PennyLane,0.44.1,lightning.qubit,grid_2d,12,10,15,180,50,9000,0.0003151527593061589,0.01,90317362
PennyLane,0.44.1,lightning.qubit,grid_2d,12,10,16,192,50,9600,0.00027371401705752834,0.01,90317362
PennyLane,0.44.1,lightning.qubit,grid_2d,12,10,17,204,50,10200,0.0003440832678222076,0.01,90317362
PennyLane,0.44.1,lightning.qubit,grid_2d,12,10,18,216,50,10800,0.00029487038970294296,0.01,90317362
PennyLane,0.44.1,lightning.qubit,grid_2d,12,10,19,228,50,11400,0.0002796088940643777,0.01,90317362
PennyLane,0.44.1,lightning.qubit,grid_2d,12,10,20,240,50,12000,0.0002621487009200215,0.01,90317362
PennyLane,0.44.1,lightning.qubit,grid_2d,12,10,21,252,50,12600,0.00026761103889032283,0.01,90317362
PennyLane,0.44.1,lightning.qubit,grid_2d,12,10,22,264,50,13200,0.00026042919343615957,0.01,90317362
PennyLane,0.44.1,lightning.qubit,grid_2d,12,10,23,276,50,13800,0.00024986753646671797,0.01,90317362
PennyLane,0.44.1,lightning.qubit,grid_2d,12,10,24,288,50,14400,0.00025956818131145094,0.01,90317362
PennyLane,0.44.1,lightning.qubit,grid_2d,12,10,25,300,50,15000,0.000260894751854605,0.01,90317362
PennyLane,0.44.1,lightning.qubit,grid_2d,12,10,26,312,50,15600,0.00025841819640374006,0.01,90317362
PennyLane,0.44.1,lightning.qubit,grid_2d,12,10,27,324,50,16200,0.0002498081813967792,0.01,90317362
PennyLane,0.44.1,lightning.qubit,grid_2d,12,10,28,336,50,16800,0.00024780694938141413,0.01,90317362
PennyLane,0.44.1,lightning.qubit,grid_2d,12,10,29,348,50,17400,0.00023712080747194584,0.01,90317362
PennyLane,0.44.1,lightning.qubit,grid_2d,12,10,30,360,50,18000,0.00024326847920767947,0.01,90317362
PennyLane,0.44.1,lightning.qubit,grid_2d,12,12,1,12,50,600,0.010062773080127266,0.01,1042093587
PennyLane,0.44.1,lightning.qubit,grid_2d,12,12,2,24,50,1200,0.0032350954484122794,0.01,1042093587
PennyLane,0.44.1,lightning.qubit,grid_2d,12,12,3,36,50,1800,0.0010572406844237378,0.01,1042093587
PennyLane,0.44.1,lightning.qubit,grid_2d,12,12,4,48,50,2400,0.0006187167104133424,0.01,1042093587
PennyLane,0.44.1,lightning.qubit,grid_2d,12,12,5,60,50,3000,0.002878943604614287,0.01,1042093587
PennyLane,0.44.1,lightning.qubit,grid_2d,12,12,6,72,50,3600,0.0012084786730935171,0.01,1042093587
PennyLane,0.44.1,lightning.qubit,grid_2d,12,12,7,84,50,4200,0.00040900249744325634,0.01,1042093587
PennyLane,0.44.1,lightning.qubit,grid_2d,12,12,8,96,50,4800,0.00034249981340220173,0.01,1042093587
PennyLane,0.44.1,lightning.qubit,grid_2d,12,12,9,108,50,5400,0.0007511250157826438,0.01,1042093587
PennyLane,0.44.1,lightning.qubit,grid_2d,12,12,10,120,50,6000,0.0005208370585880137,0.01,1042093587
PennyLane,0.44.1,lightning.qubit,grid_2d,12,12,11,132,50,6600,0.0003787822180016861,0.01,1042093587
PennyLane,0.44.1,lightning.qubit,grid_2d,12,12,12,144,50,7200,0.00029862913096112445,0.01,1042093587
PennyLane,0.44.1,lightning.qubit,grid_2d,12,12,13,156,50,7800,0.0005193928820080162,0.01,1042093587
PennyLane,0.44.1,lightning.qubit,grid_2d,12,12,14,168,50,8400,0.0003587644685268337,0.01,1042093587
PennyLane,0.44.1,lightning.qubit,grid_2d,12,12,15,180,50,9000,0.0002836750486637082,0.01,1042093587
PennyLane,0.44.1,lightning.qubit,grid_2d,12,12,16,192,50,9600,0.0002609522971599911,0.01,1042093587
PennyLane,0.44.1,lightning.qubit,grid_2d,12,12,17,204,50,10200,0.00030987542254603195,0.01,1042093587
PennyLane,0.44.1,lightning.qubit,grid_2d,12,12,18,216,50,10800,0.00029131870564299303,0.01,1042093587
PennyLane,0.44.1,lightning.qubit,grid_2d,12,12,19,228,50,11400,0.0002714254889610109,0.01,1042093587
PennyLane,0.44.1,lightning.qubit,grid_2d,12,12,20,240,50,12000,0.0002687991696836999,0.01,1042093587
PennyLane,0.44.1,lightning.qubit,grid_2d,12,12,21,252,50,12600,0.0002655346242035131,0.01,1042093587
PennyLane,0.44.1,lightning.qubit,grid_2d,12,12,22,264,50,13200,0.0002658703475999372,0.01,1042093587
PennyLane,0.44.1,lightning.qubit,grid_2d,12,12,23,276,50,13800,0.00026711727671212623,0.01,1042093587
PennyLane,0.44.1,lightning.qubit,grid_2d,12,12,24,288,50,14400,0.0002654139171216082,0.01,1042093587
PennyLane,0.44.1,lightning.qubit,grid_2d,12,12,25,300,50,15000,0.00024549147373128464,0.01,1042093587
PennyLane,0.44.1,lightning.qubit,grid_2d,12,12,26,312,50,15600,0.00025297260321204224,0.01,1042093587
PennyLane,0.44.1,lightning.qubit,grid_2d,12,12,27,324,50,16200,0.00025614662576999014,0.01,1042093587
PennyLane,0.44.1,lightning.qubit,grid_2d,12,12,28,336,50,16800,0.00025648024466445304,0.01,1042093587
PennyLane,0.44.1,lightning.qubit,grid_2d,12,12,29,348,50,17400,0.00025369564264943336,0.01,1042093587
PennyLane,0.44.1,lightning.qubit,grid_2d,12,12,30,360,50,18000,0.0002523309162229073,0.01,1042093587
PennyLane,0.44.1,lightning.qubit,grid_2d,14,2,1,14,50,700,0.0357166279525101,0.01,3127629196
PennyLane,0.44.1,lightning.qubit,grid_2d,14,2,2,28,50,1400,0.031125011098066206,0.01,3127629196
PennyLane,0.44.1,lightning.qubit,grid_2d,14,2,3,42,50,2100,0.02207182618818638,0.01,3127629196
PennyLane,0.44.1,lightning.qubit,grid_2d,14,2,4,56,50,2800,0.015237578113841825,0.01,3127629196
PennyLane,0.44.1,lightning.qubit,grid_2d,14,2,5,70,50,3500,0.017721393627382207,0.01,3127629196
PennyLane,0.44.1,lightning.qubit,grid_2d,14,2,6,84,50,4200,0.010390228092577045,0.01,3127629196
PennyLane,0.44.1,lightning.qubit,grid_2d,14,2,7,98,50,4900,0.008563015309210853,0.01,3127629196
PennyLane,0.44.1,lightning.qubit,grid_2d,14,2,8,112,50,5600,0.008389140188766896,0.01,3127629196
PennyLane,0.44.1,lightning.qubit,grid_2d,14,2,9,126,50,6300,0.004737437695298432,0.01,3127629196
PennyLane,0.44.1,lightning.qubit,grid_2d,14,2,10,140,50,7000,0.004675153820918225,0.01,3127629196
PennyLane,0.44.1,lightning.qubit,grid_2d,14,2,11,154,50,7700,0.004737431944320365,0.01,3127629196
PennyLane,0.44.1,lightning.qubit,grid_2d,14,2,12,168,50,8400,0.0032142128447498267,0.01,3127629196
PennyLane,0.44.1,lightning.qubit,grid_2d,14,2,13,182,50,9100,0.002366089675793853,0.01,3127629196
PennyLane,0.44.1,lightning.qubit,grid_2d,14,2,14,196,50,9800,0.0028721512924300024,0.01,3127629196
PennyLane,0.44.1,lightning.qubit,grid_2d,14,2,15,210,50,10500,0.0014851059290547745,0.01,3127629196
PennyLane,0.44.1,lightning.qubit,grid_2d,14,2,16,224,50,11200,0.0012701752328945193,0.01,3127629196
PennyLane,0.44.1,lightning.qubit,grid_2d,14,2,17,238,50,11900,0.0013830305682071377,0.01,3127629196
PennyLane,0.44.1,lightning.qubit,grid_2d,14,2,18,252,50,12600,0.0008788131136160448,0.01,3127629196
PennyLane,0.44.1,lightning.qubit,grid_2d,14,2,19,266,50,13300,0.0005969038604161394,0.01,3127629196
PennyLane,0.44.1,lightning.qubit,grid_2d,14,2,20,280,50,14000,0.0007615622920940487,0.01,3127629196
PennyLane,0.44.1,lightning.qubit,grid_2d,14,2,21,294,50,14700,0.000528207137611241,0.01,3127629196
PennyLane,0.44.1,lightning.qubit,grid_2d,14,2,22,308,50,15400,0.0003542198867431372,0.01,3127629196
PennyLane,0.44.1,lightning.qubit,grid_2d,14,2,23,322,50,16100,0.0004510759990403558,0.01,3127629196
PennyLane,0.44.1,lightning.qubit,grid_2d,14,2,24,336,50,16800,0.00024335382239650254,0.01,3127629196
PennyLane,0.44.1,lightning.qubit,grid_2d,14,2,25,350,50,17500,0.00022332608348879493,0.01,3127629196
PennyLane,0.44.1,lightning.qubit,grid_2d,14,2,26,364,50,18200,0.0002902440378658784,0.01,3127629196
PennyLane,0.44.1,lightning.qubit,grid_2d,14,2,27,378,50,18900,0.0002201449994768868,0.01,3127629196
PennyLane,0.44.1,lightning.qubit,grid_2d,14,2,28,392,50,19600,0.00014641474544114312,0.01,3127629196
PennyLane,0.44.1,lightning.qubit,grid_2d,14,2,29,406,50,20300,0.0001593502488986818,0.01,3127629196
PennyLane,0.44.1,lightning.qubit,grid_2d,14,2,30,420,50,21000,0.0001205487870493999,0.01,3127629196
PennyLane,0.44.1,lightning.qubit,grid_2d,14,3,1,14,50,700,0.0342582096633975,0.01,3016454587
PennyLane,0.44.1,lightning.qubit,grid_2d,14,3,2,28,50,1400,0.022890477976481378,0.01,3016454587
PennyLane,0.44.1,lightning.qubit,grid_2d,14,3,3,42,50,2100,0.018162975420076437,0.01,3016454587
PennyLane,0.44.1,lightning.qubit,grid_2d,14,3,4,56,50,2800,0.01311629497760374,0.01,3016454587
PennyLane,0.44.1,lightning.qubit,grid_2d,14,3,5,70,50,3500,0.007494522936010167,0.01,3016454587
PennyLane,0.44.1,lightning.qubit,grid_2d,14,3,6,84,50,4200,0.007844873626144128,0.01,3016454587
PennyLane,0.44.1,lightning.qubit,grid_2d,14,3,7,98,50,4900,0.006786354770289379,0.01,3016454587
PennyLane,0.44.1,lightning.qubit,grid_2d,14,3,8,112,50,5600,0.0027956928424736007,0.01,3016454587
PennyLane,0.44.1,lightning.qubit,grid_2d,14,3,9,126,50,6300,0.0037591836162673238,0.01,3016454587
PennyLane,0.44.1,lightning.qubit,grid_2d,14,3,10,140,50,7000,0.0026384660593124607,0.01,3016454587
PennyLane,0.44.1,lightning.qubit,grid_2d,14,3,11,154,50,7700,0.0014797328120583198,0.01,3016454587
PennyLane,0.44.1,lightning.qubit,grid_2d,14,3,12,168,50,8400,0.0017170077180735086,0.01,3016454587
PennyLane,0.44.1,lightning.qubit,grid_2d,14,3,13,182,50,9100,0.0013255257534356588,0.01,3016454587
PennyLane,0.44.1,lightning.qubit,grid_2d,14,3,14,196,50,9800,0.0008204668876554793,0.01,3016454587
PennyLane,0.44.1,lightning.qubit,grid_2d,14,3,15,210,50,10500,0.001013803911315786,0.01,3016454587
PennyLane,0.44.1,lightning.qubit,grid_2d,14,3,16,224,50,11200,0.0007293417633975918,0.01,3016454587
PennyLane,0.44.1,lightning.qubit,grid_2d,14,3,17,238,50,11900,0.00043281204711577957,0.01,3016454587
PennyLane,0.44.1,lightning.qubit,grid_2d,14,3,18,252,50,12600,0.0006053779949542302,0.01,3016454587
PennyLane,0.44.1,lightning.qubit,grid_2d,14,3,19,266,50,13300,0.00038301109657744775,0.01,3016454587
PennyLane,0.44.1,lightning.qubit,grid_2d,14,3,20,280,50,14000,0.00024153478799585196,0.01,3016454587
PennyLane,0.44.1,lightning.qubit,grid_2d,14,3,21,294,50,14700,0.0003423351378564921,0.01,3016454587
PennyLane,0.44.1,lightning.qubit,grid_2d,14,3,22,308,50,15400,0.00021522635533558098,0.01,3016454587
PennyLane,0.44.1,lightning.qubit,grid_2d,14,3,23,322,50,16100,0.00014704184536053073,0.01,3016454587
PennyLane,0.44.1,lightning.qubit,grid_2d,14,3,24,336,50,16800,0.00020173368364827062,0.01,3016454587
PennyLane,0.44.1,lightning.qubit,grid_2d,14,3,25,350,50,17500,0.0001381821709370505,0.01,3016454587
PennyLane,0.44.1,lightning.qubit,grid_2d,14,3,26,364,50,18200,0.00010200328614854055,0.01,3016454587
PennyLane,0.44.1,lightning.qubit,grid_2d,14,3,27,378,50,18900,0.00014019393270470234,0.01,3016454587
PennyLane,0.44.1,lightning.qubit,grid_2d,14,3,28,392,50,19600,9.691422568768322e-05,0.01,3016454587
PennyLane,0.44.1,lightning.qubit,grid_2d,14,3,29,406,50,20300,7.7708991452147e-05,0.01,3016454587
PennyLane,0.44.1,lightning.qubit,grid_2d,14,3,30,420,50,21000,9.26808761779862e-05,0.01,3016454587
PennyLane,0.44.1,lightning.qubit,grid_2d,14,4,1,14,50,700,0.03840195624970953,0.01,70605794
PennyLane,0.44.1,lightning.qubit,grid_2d,14,4,2,28,50,1400,0.022350431649721978,0.01,70605794
PennyLane,0.44.1,lightning.qubit,grid_2d,14,4,3,42,50,2100,0.010243040396426187,0.01,70605794
PennyLane,0.44.1,lightning.qubit,grid_2d,14,4,4,56,50,2800,0.0077480828413404625,0.01,70605794
PennyLane,0.44.1,lightning.qubit,grid_2d,14,4,5,70,50,3500,0.006322232384022993,0.01,70605794
PennyLane,0.44.1,lightning.qubit,grid_2d,14,4,6,84,50,4200,0.0030969554958152003,0.01,70605794
PennyLane,0.44.1,lightning.qubit,grid_2d,14,4,7,98,50,4900,0.0020302317609336012,0.01,70605794
PennyLane,0.44.1,lightning.qubit,grid_2d,14,4,8,112,50,5600,0.0027321118446534745,0.01,70605794
PennyLane,0.44.1,lightning.qubit,grid_2d,14,4,9,126,50,6300,0.0011033633162003478,0.01,70605794
PennyLane,0.44.1,lightning.qubit,grid_2d,14,4,10,140,50,7000,0.0007928559762156747,0.01,70605794
PennyLane,0.44.1,lightning.qubit,grid_2d,14,4,11,154,50,7700,0.0009993863829392759,0.01,70605794
PennyLane,0.44.1,lightning.qubit,grid_2d,14,4,12,168,50,8400,0.0004891093855797719,0.01,70605794
PennyLane,0.44.1,lightning.qubit,grid_2d,14,4,13,182,50,9100,0.00040799760977396364,0.01,70605794
PennyLane,0.44.1,lightning.qubit,grid_2d,14,4,14,196,50,9800,0.0005377995956424944,0.01,70605794
PennyLane,0.44.1,lightning.qubit,grid_2d,14,4,15,210,50,10500,0.00023103680393029324,0.01,70605794
PennyLane,0.44.1,lightning.qubit,grid_2d,14,4,16,224,50,11200,0.0002136972038890927,0.01,70605794
PennyLane,0.44.1,lightning.qubit,grid_2d,14,4,17,238,50,11900,0.0003959557636160754,0.01,70605794
PennyLane,0.44.1,lightning.qubit,grid_2d,14,4,18,252,50,12600,0.0001486223262630977,0.01,70605794
PennyLane,0.44.1,lightning.qubit,grid_2d,14,4,19,266,50,13300,0.00013032538432418178,0.01,70605794
PennyLane,0.44.1,lightning.qubit,grid_2d,14,4,20,280,50,14000,0.00016697379617683968,0.01,70605794
PennyLane,0.44.1,lightning.qubit,grid_2d,14,4,21,294,50,14700,0.00011536803968404659,0.01,70605794
PennyLane,0.44.1,lightning.qubit,grid_2d,14,4,22,308,50,15400,9.577724572681519e-05,0.01,70605794
PennyLane,0.44.1,lightning.qubit,grid_2d,14,4,23,322,50,16100,0.00011016948278996759,0.01,70605794
PennyLane,0.44.1,lightning.qubit,grid_2d,14,4,24,336,50,16800,9.916475222440675e-05,0.01,70605794
PennyLane,0.44.1,lightning.qubit,grid_2d,14,4,25,350,50,17500,7.369544530563264e-05,0.01,70605794
PennyLane,0.44.1,lightning.qubit,grid_2d,14,4,26,364,50,18200,0.00010857641530256145,0.01,70605794
PennyLane,0.44.1,lightning.qubit,grid_2d,14,4,27,378,50,18900,7.115614815036065e-05,0.01,70605794
PennyLane,0.44.1,lightning.qubit,grid_2d,14,4,28,392,50,19600,6.58291634672205e-05,0.01,70605794
PennyLane,0.44.1,lightning.qubit,grid_2d,14,4,29,406,50,20300,7.238811907720262e-05,0.01,70605794
PennyLane,0.44.1,lightning.qubit,grid_2d,14,4,30,420,50,21000,6.427403984870634e-05,0.01,70605794
PennyLane,0.44.1,lightning.qubit,grid_2d,14,5,1,14,50,700,0.022419802772417674,0.01,1474118987
PennyLane,0.44.1,lightning.qubit,grid_2d,14,5,2,28,50,1400,0.011533928709147122,0.01,1474118987
PennyLane,0.44.1,lightning.qubit,grid_2d,14,5,3,42,50,2100,0.007331590984118711,0.01,1474118987
PennyLane,0.44.1,lightning.qubit,grid_2d,14,5,4,56,50,2800,0.004124144072808361,0.01,1474118987
PennyLane,0.44.1,lightning.qubit,grid_2d,14,5,5,70,50,3500,0.0015184988337403093,0.01,1474118987
PennyLane,0.44.1,lightning.qubit,grid_2d,14,5,6,84,50,4200,0.0015124582275505697,0.01,1474118987
PennyLane,0.44.1,lightning.qubit,grid_2d,14,5,7,98,50,4900,0.0010716625527582599,0.01,1474118987
PennyLane,0.44.1,lightning.qubit,grid_2d,14,5,8,112,50,5600,0.000499967847884409,0.01,1474118987
PennyLane,0.44.1,lightning.qubit,grid_2d,14,5,9,126,50,6300,0.0008417090871265789,0.01,1474118987
PennyLane,0.44.1,lightning.qubit,grid_2d,14,5,10,140,50,7000,0.0004698557712235171,0.01,1474118987
PennyLane,0.44.1,lightning.qubit,grid_2d,14,5,11,154,50,7700,0.0002807513579211848,0.01,1474118987
PennyLane,0.44.1,lightning.qubit,grid_2d,14,5,12,168,50,8400,0.00033446271789734487,0.01,1474118987
PennyLane,0.44.1,lightning.qubit,grid_2d,14,5,13,182,50,9100,0.00021794067438705972,0.01,1474118987
PennyLane,0.44.1,lightning.qubit,grid_2d,14,5,14,196,50,9800,0.00013804963667788815,0.01,1474118987
PennyLane,0.44.1,lightning.qubit,grid_2d,14,5,15,210,50,10500,0.00019838868034225448,0.01,1474118987
PennyLane,0.44.1,lightning.qubit,grid_2d,14,5,16,224,50,11200,0.0001207980345429192,0.01,1474118987
PennyLane,0.44.1,lightning.qubit,grid_2d,14,5,17,238,50,11900,9.422380754498896e-05,0.01,1474118987
PennyLane,0.44.1,lightning.qubit,grid_2d,14,5,18,252,50,12600,0.00014782890621031783,0.01,1474118987
PennyLane,0.44.1,lightning.qubit,grid_2d,14,5,19,266,50,13300,9.408455704774616e-05,0.01,1474118987
PennyLane,0.44.1,lightning.qubit,grid_2d,14,5,20,280,50,14000,8.186563030758319e-05,0.01,1474118987
PennyLane,0.44.1,lightning.qubit,grid_2d,14,5,21,294,50,14700,9.63534908323313e-05,0.01,1474118987
PennyLane,0.44.1,lightning.qubit,grid_2d,14,5,22,308,50,15400,7.688214172512906e-05,0.01,1474118987
PennyLane,0.44.1,lightning.qubit,grid_2d,14,5,23,322,50,16100,6.864241041442201e-05,0.01,1474118987
PennyLane,0.44.1,lightning.qubit,grid_2d,14,5,24,336,50,16800,7.177488659312968e-05,0.01,1474118987
PennyLane,0.44.1,lightning.qubit,grid_2d,14,5,25,350,50,17500,6.867077871528983e-05,0.01,1474118987
PennyLane,0.44.1,lightning.qubit,grid_2d,14,5,26,364,50,18200,6.580614205176832e-05,0.01,1474118987
PennyLane,0.44.1,lightning.qubit,grid_2d,14,5,27,378,50,18900,6.465084945556664e-05,0.01,1474118987
PennyLane,0.44.1,lightning.qubit,grid_2d,14,5,28,392,50,19600,6.244377104172882e-05,0.01,1474118987
PennyLane,0.44.1,lightning.qubit,grid_2d,14,5,29,406,50,20300,6.257576716718654e-05,0.01,1474118987
PennyLane,0.44.1,lightning.qubit,grid_2d,14,5,30,420,50,21000,6.395954284691533e-05,0.01,1474118987
PennyLane,0.44.1,lightning.qubit,grid_2d,14,6,1,14,50,700,0.027980285313627572,0.01,2603176625
PennyLane,0.44.1,lightning.qubit,grid_2d,14,6,2,28,50,1400,0.014891492792502656,0.01,2603176625
PennyLane,0.44.1,lightning.qubit,grid_2d,14,6,3,42,50,2100,0.004533166563689666,0.01,2603176625
PennyLane,0.44.1,lightning.qubit,grid_2d,14,6,4,56,50,2800,0.002389745035493995,0.01,2603176625
PennyLane,0.44.1,lightning.qubit,grid_2d,14,6,5,70,50,3500,0.0015185405955086208,0.01,2603176625
PennyLane,0.44.1,lightning.qubit,grid_2d,14,6,6,84,50,4200,0.0008108929052984294,0.01,2603176625
PennyLane,0.44.1,lightning.qubit,grid_2d,14,6,7,98,50,4900,0.0005575837469568177,0.01,2603176625
PennyLane,0.44.1,lightning.qubit,grid_2d,14,6,8,112,50,5600,0.00032740596912668457,0.01,2603176625
PennyLane,0.44.1,lightning.qubit,grid_2d,14,6,9,126,50,6300,0.0002317659018135251,0.01,2603176625
PennyLane,0.44.1,lightning.qubit,grid_2d,14,6,10,140,50,7000,0.00020762261239461673,0.01,2603176625
PennyLane,0.44.1,lightning.qubit,grid_2d,14,6,11,154,50,7700,0.0002221738409323751,0.01,2603176625
PennyLane,0.44.1,lightning.qubit,grid_2d,14,6,12,168,50,8400,0.0001250717266745623,0.01,2603176625
PennyLane,0.44.1,lightning.qubit,grid_2d,14,6,13,182,50,9100,0.00012763770091007268,0.01,2603176625
PennyLane,0.44.1,lightning.qubit,grid_2d,14,6,14,196,50,9800,0.00011497480942616589,0.01,2603176625
PennyLane,0.44.1,lightning.qubit,grid_2d,14,6,15,210,50,10500,9.957046300184319e-05,0.01,2603176625
PennyLane,0.44.1,lightning.qubit,grid_2d,14,6,16,224,50,11200,8.52211568446816e-05,0.01,2603176625
PennyLane,0.44.1,lightning.qubit,grid_2d,14,6,17,238,50,11900,8.379727925917791e-05,0.01,2603176625
PennyLane,0.44.1,lightning.qubit,grid_2d,14,6,18,252,50,12600,7.685789619365791e-05,0.01,2603176625
PennyLane,0.44.1,lightning.qubit,grid_2d,14,6,19,266,50,13300,7.523766193608416e-05,0.01,2603176625
PennyLane,0.44.1,lightning.qubit,grid_2d,14,6,20,280,50,14000,7.093772243501947e-05,0.01,2603176625
PennyLane,0.44.1,lightning.qubit,grid_2d,14,6,21,294,50,14700,6.605406140452448e-05,0.01,2603176625
PennyLane,0.44.1,lightning.qubit,grid_2d,14,6,22,308,50,15400,6.628126840101985e-05,0.01,2603176625
PennyLane,0.44.1,lightning.qubit,grid_2d,14,6,23,322,50,16100,6.786717499074252e-05,0.01,2603176625
PennyLane,0.44.1,lightning.qubit,grid_2d,14,6,24,336,50,16800,6.418549135353026e-05,0.01,2603176625
PennyLane,0.44.1,lightning.qubit,grid_2d,14,6,25,350,50,17500,6.456161801284729e-05,0.01,2603176625
PennyLane,0.44.1,lightning.qubit,grid_2d,14,6,26,364,50,18200,6.39863114243803e-05,0.01,2603176625
PennyLane,0.44.1,lightning.qubit,grid_2d,14,6,27,378,50,18900,6.111790769955662e-05,0.01,2603176625
PennyLane,0.44.1,lightning.qubit,grid_2d,14,6,28,392,50,19600,6.2397861168774e-05,0.01,2603176625
PennyLane,0.44.1,lightning.qubit,grid_2d,14,6,29,406,50,20300,5.9984730240429656e-05,0.01,2603176625
PennyLane,0.44.1,lightning.qubit,grid_2d,14,6,30,420,50,21000,6.0389115758700586e-05,0.01,2603176625
PennyLane,0.44.1,lightning.qubit,grid_2d,14,8,1,14,50,700,0.010098431811501014,0.01,147455372
PennyLane,0.44.1,lightning.qubit,grid_2d,14,8,2,28,50,1400,0.007393472043457249,0.01,147455372
PennyLane,0.44.1,lightning.qubit,grid_2d,14,8,3,42,50,2100,0.0022233941329139286,0.01,147455372
PennyLane,0.44.1,lightning.qubit,grid_2d,14,8,4,56,50,2800,0.0013009785244350418,0.01,147455372
PennyLane,0.44.1,lightning.qubit,grid_2d,14,8,5,70,50,3500,0.0006932187187745148,0.01,147455372
PennyLane,0.44.1,lightning.qubit,grid_2d,14,8,6,84,50,4200,0.000556005029370452,0.01,147455372
PennyLane,0.44.1,lightning.qubit,grid_2d,14,8,7,98,50,4900,0.00030993968667853875,0.01,147455372
PennyLane,0.44.1,lightning.qubit,grid_2d,14,8,8,112,50,5600,0.0002942043101724579,0.01,147455372
PennyLane,0.44.1,lightning.qubit,grid_2d,14,8,9,126,50,6300,0.00023496374871142582,0.01,147455372
PennyLane,0.44.1,lightning.qubit,grid_2d,14,8,10,140,50,7000,0.00015058355722156463,0.01,147455372
PennyLane,0.44.1,lightning.qubit,grid_2d,14,8,11,154,50,7700,0.00014380666952181525,0.01,147455372
PennyLane,0.44.1,lightning.qubit,grid_2d,14,8,12,168,50,8400,0.00010699047879517551,0.01,147455372
PennyLane,0.44.1,lightning.qubit,grid_2d,14,8,13,182,50,9100,9.205101631467981e-05,0.01,147455372
PennyLane,0.44.1,lightning.qubit,grid_2d,14,8,14,196,50,9800,8.365845307589367e-05,0.01,147455372
PennyLane,0.44.1,lightning.qubit,grid_2d,14,8,15,210,50,10500,8.890550547850494e-05,0.01,147455372
PennyLane,0.44.1,lightning.qubit,grid_2d,14,8,16,224,50,11200,7.997667730874486e-05,0.01,147455372
PennyLane,0.44.1,lightning.qubit,grid_2d,14,8,17,238,50,11900,8.353580154182452e-05,0.01,147455372
PennyLane,0.44.1,lightning.qubit,grid_2d,14,8,18,252,50,12600,6.930205302979043e-05,0.01,147455372
PennyLane,0.44.1,lightning.qubit,grid_2d,14,8,19,266,50,13300,7.167397699382745e-05,0.01,147455372
PennyLane,0.44.1,lightning.qubit,grid_2d,14,8,20,280,50,14000,7.143167295813845e-05,0.01,147455372
PennyLane,0.44.1,lightning.qubit,grid_2d,14,8,21,294,50,14700,6.540500997569559e-05,0.01,147455372
PennyLane,0.44.1,lightning.qubit,grid_2d,14,8,22,308,50,15400,6.674080054764813e-05,0.01,147455372
PennyLane,0.44.1,lightning.qubit,grid_2d,14,8,23,322,50,16100,6.299728772512467e-05,0.01,147455372
PennyLane,0.44.1,lightning.qubit,grid_2d,14,8,24,336,50,16800,6.315155829940598e-05,0.01,147455372
PennyLane,0.44.1,lightning.qubit,grid_2d,14,8,25,350,50,17500,6.253792195223618e-05,0.01,147455372
PennyLane,0.44.1,lightning.qubit,grid_2d,14,8,26,364,50,18200,6.209700076869106e-05,0.01,147455372
PennyLane,0.44.1,lightning.qubit,grid_2d,14,8,27,378,50,18900,6.259398294801305e-05,0.01,147455372
PennyLane,0.44.1,lightning.qubit,grid_2d,14,8,28,392,50,19600,6.494491954078731e-05,0.01,147455372
PennyLane,0.44.1,lightning.qubit,grid_2d,14,8,29,406,50,20300,6.14784084916931e-05,0.01,147455372
PennyLane,0.44.1,lightning.qubit,grid_2d,14,8,30,420,50,21000,6.126093231489288e-05,0.01,147455372
PennyLane,0.44.1,lightning.qubit,grid_2d,14,10,1,14,50,700,0.007778576912338455,0.01,1883161380
PennyLane,0.44.1,lightning.qubit,grid_2d,14,10,2,28,50,1400,0.0025136239680561803,0.01,1883161380
PennyLane,0.44.1,lightning.qubit,grid_2d,14,10,3,42,50,2100,0.002026875874923481,0.01,1883161380
PennyLane,0.44.1,lightning.qubit,grid_2d,14,10,4,56,50,2800,0.0012571137899154683,0.01,1883161380
PennyLane,0.44.1,lightning.qubit,grid_2d,14,10,5,70,50,3500,0.0006848240049283754,0.01,1883161380
PennyLane,0.44.1,lightning.qubit,grid_2d,14,10,6,84,50,4200,0.0005557073839170108,0.01,1883161380
PennyLane,0.44.1,lightning.qubit,grid_2d,14,10,7,98,50,4900,0.00039499674251674183,0.01,1883161380
PennyLane,0.44.1,lightning.qubit,grid_2d,14,10,8,112,50,5600,0.0002169612215616897,0.01,1883161380
PennyLane,0.44.1,lightning.qubit,grid_2d,14,10,9,126,50,6300,0.00017489364792087987,0.01,1883161380
PennyLane,0.44.1,lightning.qubit,grid_2d,14,10,10,140,50,7000,0.0001843068985010491,0.01,1883161380
PennyLane,0.44.1,lightning.qubit,grid_2d,14,10,11,154,50,7700,0.00011711338083553273,0.01,1883161380
PennyLane,0.44.1,lightning.qubit,grid_2d,14,10,12,168,50,8400,0.00011403099900946524,0.01,1883161380
PennyLane,0.44.1,lightning.qubit,grid_2d,14,10,13,182,50,9100,0.00012401112543315802,0.01,1883161380
PennyLane,0.44.1,lightning.qubit,grid_2d,14,10,14,196,50,9800,9.174273962296696e-05,0.01,1883161380
PennyLane,0.44.1,lightning.qubit,grid_2d,14,10,15,210,50,10500,9.070697802228238e-05,0.01,1883161380
PennyLane,0.44.1,lightning.qubit,grid_2d,14,10,16,224,50,11200,8.432891622007657e-05,0.01,1883161380
PennyLane,0.44.1,lightning.qubit,grid_2d,14,10,17,238,50,11900,7.516108755891114e-05,0.01,1883161380
PennyLane,0.44.1,lightning.qubit,grid_2d,14,10,18,252,50,12600,7.647660410560428e-05,0.01,1883161380
PennyLane,0.44.1,lightning.qubit,grid_2d,14,10,19,266,50,13300,6.966825751635076e-05,0.01,1883161380
PennyLane,0.44.1,lightning.qubit,grid_2d,14,10,20,280,50,14000,6.734394736701483e-05,0.01,1883161380
PennyLane,0.44.1,lightning.qubit,grid_2d,14,10,21,294,50,14700,6.645020481960643e-05,0.01,1883161380
PennyLane,0.44.1,lightning.qubit,grid_2d,14,10,22,308,50,15400,6.759354465183381e-05,0.01,1883161380
PennyLane,0.44.1,lightning.qubit,grid_2d,14,10,23,322,50,16100,6.36886685144379e-05,0.01,1883161380
PennyLane,0.44.1,lightning.qubit,grid_2d,14,10,24,336,50,16800,6.451471787949913e-05,0.01,1883161380
PennyLane,0.44.1,lightning.qubit,grid_2d,14,10,25,350,50,17500,6.363059893263679e-05,0.01,1883161380
PennyLane,0.44.1,lightning.qubit,grid_2d,14,10,26,364,50,18200,6.352308398508288e-05,0.01,1883161380
PennyLane,0.44.1,lightning.qubit,grid_2d,14,10,27,378,50,18900,6.108999432984043e-05,0.01,1883161380
PennyLane,0.44.1,lightning.qubit,grid_2d,14,10,28,392,50,19600,5.941049927785814e-05,0.01,1883161380
PennyLane,0.44.1,lightning.qubit,grid_2d,14,10,29,406,50,20300,6.26929701351313e-05,0.01,1883161380
PennyLane,0.44.1,lightning.qubit,grid_2d,14,10,30,420,50,21000,6.105670662141814e-05,0.01,1883161380
PennyLane,0.44.1,lightning.qubit,grid_2d,14,12,1,14,50,700,0.004777440005741966,0.01,3425658672
PennyLane,0.44.1,lightning.qubit,grid_2d,14,12,2,28,50,1400,0.001424290274250839,0.01,3425658672
PennyLane,0.44.1,lightning.qubit,grid_2d,14,12,3,42,50,2100,0.002295086329113093,0.01,3425658672
PennyLane,0.44.1,lightning.qubit,grid_2d,14,12,4,56,50,2800,0.000966655449678943,0.01,3425658672
PennyLane,0.44.1,lightning.qubit,grid_2d,14,12,5,70,50,3500,0.0003068064694156308,0.01,3425658672
PennyLane,0.44.1,lightning.qubit,grid_2d,14,12,6,84,50,4200,0.00042414020631900153,0.01,3425658672
PennyLane,0.44.1,lightning.qubit,grid_2d,14,12,7,98,50,4900,0.0003113677247444986,0.01,3425658672
PennyLane,0.44.1,lightning.qubit,grid_2d,14,12,8,112,50,5600,0.00017397713950452232,0.01,3425658672
PennyLane,0.44.1,lightning.qubit,grid_2d,14,12,9,126,50,6300,0.00015983847785942736,0.01,3425658672
PennyLane,0.44.1,lightning.qubit,grid_2d,14,12,10,140,50,7000,0.0001419447534628731,0.01,3425658672
PennyLane,0.44.1,lightning.qubit,grid_2d,14,12,11,154,50,7700,0.00012289440877824985,0.01,3425658672
PennyLane,0.44.1,lightning.qubit,grid_2d,14,12,12,168,50,8400,9.735709565421122e-05,0.01,3425658672
PennyLane,0.44.1,lightning.qubit,grid_2d,14,12,13,182,50,9100,0.00010406829215447144,0.01,3425658672
PennyLane,0.44.1,lightning.qubit,grid_2d,14,12,14,196,50,9800,9.089139663605855e-05,0.01,3425658672
PennyLane,0.44.1,lightning.qubit,grid_2d,14,12,15,210,50,10500,7.600270059901846e-05,0.01,3425658672
PennyLane,0.44.1,lightning.qubit,grid_2d,14,12,16,224,50,11200,8.235680280867931e-05,0.01,3425658672
PennyLane,0.44.1,lightning.qubit,grid_2d,14,12,17,238,50,11900,7.198948386959755e-05,0.01,3425658672
PennyLane,0.44.1,lightning.qubit,grid_2d,14,12,18,252,50,12600,7.356852952850993e-05,0.01,3425658672
PennyLane,0.44.1,lightning.qubit,grid_2d,14,12,19,266,50,13300,6.882348599085004e-05,0.01,3425658672
PennyLane,0.44.1,lightning.qubit,grid_2d,14,12,20,280,50,14000,6.861953695468845e-05,0.01,3425658672
PennyLane,0.44.1,lightning.qubit,grid_2d,14,12,21,294,50,14700,6.647951327011556e-05,0.01,3425658672
PennyLane,0.44.1,lightning.qubit,grid_2d,14,12,22,308,50,15400,6.442695989278191e-05,0.01,3425658672
PennyLane,0.44.1,lightning.qubit,grid_2d,14,12,23,322,50,16100,6.53099951686286e-05,0.01,3425658672
PennyLane,0.44.1,lightning.qubit,grid_2d,14,12,24,336,50,16800,6.277473273672449e-05,0.01,3425658672
PennyLane,0.44.1,lightning.qubit,grid_2d,14,12,25,350,50,17500,6.258726606839513e-05,0.01,3425658672
PennyLane,0.44.1,lightning.qubit,grid_2d,14,12,26,364,50,18200,6.662570620122058e-05,0.01,3425658672
PennyLane,0.44.1,lightning.qubit,grid_2d,14,12,27,378,50,18900,6.170643564991674e-05,0.01,3425658672
PennyLane,0.44.1,lightning.qubit,grid_2d,14,12,28,392,50,19600,6.393992843212785e-05,0.01,3425658672
PennyLane,0.44.1,lightning.qubit,grid_2d,14,12,29,406,50,20300,6.345337264699967e-05,0.01,3425658672
PennyLane,0.44.1,lightning.qubit,grid_2d,14,12,30,420,50,21000,6.0121580201478146e-05,0.01,3425658672
PennyLane,0.44.1,lightning.qubit,grid_2d,14,14,1,14,50,700,0.005943674011518236,0.01,3684868842
PennyLane,0.44.1,lightning.qubit,grid_2d,14,14,2,28,50,1400,0.0003406568460385037,0.01,3684868842
PennyLane,0.44.1,lightning.qubit,grid_2d,14,14,3,42,50,2100,0.000839522291087037,0.01,3684868842
PennyLane,0.44.1,lightning.qubit,grid_2d,14,14,4,56,50,2800,0.0011148828771900493,0.01,3684868842
PennyLane,0.44.1,lightning.qubit,grid_2d,14,14,5,70,50,3500,0.00035386417288686787,0.01,3684868842
PennyLane,0.44.1,lightning.qubit,grid_2d,14,14,6,84,50,4200,0.0005358526347963268,0.01,3684868842
PennyLane,0.44.1,lightning.qubit,grid_2d,14,14,7,98,50,4900,0.00029685306127161113,0.01,3684868842
PennyLane,0.44.1,lightning.qubit,grid_2d,14,14,8,112,50,5600,0.00015194276746181235,0.01,3684868842
PennyLane,0.44.1,lightning.qubit,grid_2d,14,14,9,126,50,6300,0.00015259723992014208,0.01,3684868842
PennyLane,0.44.1,lightning.qubit,grid_2d,14,14,10,140,50,7000,0.00013571510157753817,0.01,3684868842
PennyLane,0.44.1,lightning.qubit,grid_2d,14,14,11,154,50,7700,9.490335911543981e-05,0.01,3684868842
PennyLane,0.44.1,lightning.qubit,grid_2d,14,14,12,168,50,8400,9.33509682932482e-05,0.01,3684868842
PennyLane,0.44.1,lightning.qubit,grid_2d,14,14,13,182,50,9100,9.873693554178349e-05,0.01,3684868842
PennyLane,0.44.1,lightning.qubit,grid_2d,14,14,14,196,50,9800,8.771272842692532e-05,0.01,3684868842
PennyLane,0.44.1,lightning.qubit,grid_2d,14,14,15,210,50,10500,7.393052168591999e-05,0.01,3684868842
PennyLane,0.44.1,lightning.qubit,grid_2d,14,14,16,224,50,11200,7.930728700750503e-05,0.01,3684868842
PennyLane,0.44.1,lightning.qubit,grid_2d,14,14,17,238,50,11900,7.305165047997592e-05,0.01,3684868842
PennyLane,0.44.1,lightning.qubit,grid_2d,14,14,18,252,50,12600,6.507318736277989e-05,0.01,3684868842
PennyLane,0.44.1,lightning.qubit,grid_2d,14,14,19,266,50,13300,7.30237384152344e-05,0.01,3684868842
PennyLane,0.44.1,lightning.qubit,grid_2d,14,14,20,280,50,14000,6.584821439223655e-05,0.01,3684868842
PennyLane,0.44.1,lightning.qubit,grid_2d,14,14,21,294,50,14700,6.233612068418984e-05,0.01,3684868842
PennyLane,0.44.1,lightning.qubit,grid_2d,14,14,22,308,50,15400,6.691708935609923e-05,0.01,3684868842
PennyLane,0.44.1,lightning.qubit,grid_2d,14,14,23,322,50,16100,6.256331510693477e-05,0.01,3684868842
PennyLane,0.44.1,lightning.qubit,grid_2d,14,14,24,336,50,16800,6.304869862471384e-05,0.01,3684868842
PennyLane,0.44.1,lightning.qubit,grid_2d,14,14,25,350,50,17500,6.248304859607139e-05,0.01,3684868842
PennyLane,0.44.1,lightning.qubit,grid_2d,14,14,26,364,50,18200,6.196784748471322e-05,0.01,3684868842
PennyLane,0.44.1,lightning.qubit,grid_2d,14,14,27,378,50,18900,6.2621061455528e-05,0.01,3684868842
PennyLane,0.44.1,lightning.qubit,grid_2d,14,14,28,392,50,19600,6.039512508545284e-05,0.01,3684868842
PennyLane,0.44.1,lightning.qubit,grid_2d,14,14,29,406,50,20300,6.180644078271581e-05,0.01,3684868842
PennyLane,0.44.1,lightning.qubit,grid_2d,14,14,30,420,50,21000,6.233691966306069e-05,0.01,3684868842
