framework,framework_version,architecture,observable,n,k,depth,n_params,n_param_sets,n_grad_components,var_pooled,var_stderr,mean_abs_grad,seed,wall_time_s,timestamp
pennylane-lightning.qubit,0.45.1,brickwall,pauli_z_first_k,8,2,1,8,50,400,5.83722559e-02,6.36157720e-03,7.66359547e-02,42082231,0.184,2026-08-22T13:10:29.970515+00:00
pennylane-lightning.qubit,0.45.1,brickwall,pauli_z_first_k,8,2,2,16,50,800,6.41518792e-02,4.26250167e-03,1.06416560e-01,42082262,0.240,2026-08-22T13:10:30.215404+00:00
pennylane-lightning.qubit,0.45.1,brickwall,pauli_z_first_k,8,2,3,24,50,1200,4.67096628e-02,4.27913925e-03,8.34568975e-02,42082293,0.334,2026-08-22T13:10:30.553075+00:00
pennylane-lightning.qubit,0.45.1,brickwall,pauli_z_first_k,8,2,4,32,50,1600,4.35081954e-02,2.92234394e-03,9.33164018e-02,42082324,0.380,2026-08-22T13:10:30.937803+00:00
pennylane-lightning.qubit,0.45.1,brickwall,pauli_z_first_k,8,2,5,40,50,2000,3.60214436e-02,2.28480958e-03,8.86821111e-02,42082355,0.443,2026-08-22T13:10:31.384679+00:00
pennylane-lightning.qubit,0.45.1,brickwall,pauli_z_first_k,8,2,6,48,50,2400,3.69665977e-02,2.60530147e-03,9.10963411e-02,42082386,0.529,2026-08-22T13:10:31.917884+00:00
pennylane-lightning.qubit,0.45.1,brickwall,pauli_z_first_k,8,2,7,56,50,2800,3.18805298e-02,1.88586448e-03,8.74795654e-02,42082417,0.587,2026-08-22T13:10:32.509266+00:00
pennylane-lightning.qubit,0.45.1,brickwall,pauli_z_first_k,8,2,8,64,50,3200,3.03222736e-02,1.75004146e-03,8.90786507e-02,42082448,1.816,2026-08-22T13:10:34.329164+00:00
pennylane-lightning.qubit,0.45.1,brickwall,pauli_z_first_k,8,2,9,72,50,3600,2.39689733e-02,1.44290813e-03,8.34176926e-02,42082479,2.781,2026-08-22T13:10:37.116320+00:00
pennylane-lightning.qubit,0.45.1,brickwall,pauli_z_first_k,8,2,10,80,50,4000,2.75283192e-02,1.50135514e-03,8.72479146e-02,42082510,0.974,2026-08-22T13:10:38.100550+00:00
pennylane-lightning.qubit,0.45.1,brickwall,pauli_z_first_k,8,2,11,88,50,4400,1.85766546e-02,1.01836467e-03,7.60213192e-02,42082541,1.027,2026-08-22T13:10:39.133290+00:00
pennylane-lightning.qubit,0.45.1,brickwall,pauli_z_first_k,8,2,12,96,50,4800,2.36933642e-02,1.08099757e-03,8.54654382e-02,42082572,0.851,2026-08-22T13:10:39.988624+00:00
pennylane-lightning.qubit,0.45.1,brickwall,pauli_z_first_k,8,2,13,104,50,5200,1.80311269e-02,9.25134402e-04,7.83779479e-02,42082603,0.931,2026-08-22T13:10:40.925327+00:00
pennylane-lightning.qubit,0.45.1,brickwall,pauli_z_first_k,8,2,14,112,50,5600,1.92319567e-02,1.28194896e-03,7.87029885e-02,42082634,1.016,2026-08-22T13:10:41.945562+00:00
pennylane-lightning.qubit,0.45.1,brickwall,pauli_z_first_k,8,2,15,120,50,6000,1.39057958e-02,7.98122698e-04,7.14247692e-02,42082665,1.022,2026-08-22T13:10:42.971922+00:00
pennylane-lightning.qubit,0.45.1,brickwall,pauli_z_first_k,8,2,16,128,50,6400,1.53852884e-02,7.13082910e-04,7.35594633e-02,42082696,1.369,2026-08-22T13:10:44.345488+00:00
pennylane-lightning.qubit,0.45.1,brickwall,pauli_z_first_k,8,2,17,136,50,6800,1.20741605e-02,7.02433806e-04,6.79438343e-02,42082727,1.166,2026-08-22T13:10:45.516807+00:00
pennylane-lightning.qubit,0.45.1,brickwall,pauli_z_first_k,8,2,18,144,50,7200,1.38677670e-02,7.98685591e-04,7.04397951e-02,42082758,1.950,2026-08-22T13:10:47.471020+00:00
pennylane-lightning.qubit,0.45.1,brickwall,pauli_z_first_k,8,2,19,152,50,7600,9.32385837e-03,4.14226177e-04,6.20157035e-02,42082789,2.006,2026-08-22T13:10:49.482442+00:00
pennylane-lightning.qubit,0.45.1,brickwall,pauli_z_first_k,8,2,20,160,50,8000,1.00528048e-02,5.67787750e-04,6.29214331e-02,42082820,1.546,2026-08-22T13:10:51.032656+00:00
pennylane-lightning.qubit,0.45.1,brickwall,pauli_z_first_k,8,2,21,168,50,8400,8.90983693e-03,4.50140059e-04,6.20914098e-02,42082851,1.434,2026-08-22T13:10:52.471360+00:00
pennylane-lightning.qubit,0.45.1,brickwall,pauli_z_first_k,8,2,22,176,50,8800,1.00936670e-02,6.49148617e-04,6.32348949e-02,42082882,1.673,2026-08-22T13:10:54.148713+00:00
pennylane-lightning.qubit,0.45.1,brickwall,pauli_z_first_k,8,2,23,184,50,9200,7.58946785e-03,3.62887406e-04,5.85291771e-02,42082913,1.750,2026-08-22T13:10:55.904718+00:00
pennylane-lightning.qubit,0.45.1,brickwall,pauli_z_first_k,8,2,24,192,50,9600,7.62496276e-03,3.72153829e-04,5.77883390e-02,42082944,1.784,2026-08-22T13:10:57.694468+00:00
pennylane-lightning.qubit,0.45.1,brickwall,pauli_z_first_k,8,2,25,200,50,10000,6.51638798e-03,2.65510395e-04,5.58738251e-02,42082975,2.082,2026-08-22T13:10:59.781054+00:00
pennylane-lightning.qubit,0.45.1,brickwall,pauli_z_first_k,8,2,26,208,50,10400,6.77194506e-03,3.08216763e-04,5.51685285e-02,42083006,2.939,2026-08-22T13:11:02.723989+00:00
pennylane-lightning.qubit,0.45.1,brickwall,pauli_z_first_k,8,2,27,216,50,10800,6.26208472e-03,3.07462820e-04,5.47885581e-02,42083037,1.936,2026-08-22T13:11:04.664387+00:00
pennylane-lightning.qubit,0.45.1,brickwall,pauli_z_first_k,8,2,28,224,50,11200,6.56176427e-03,3.26351060e-04,5.57064315e-02,42083068,2.025,2026-08-22T13:11:06.694531+00:00
pennylane-lightning.qubit,0.45.1,brickwall,pauli_z_first_k,8,2,29,232,50,11600,5.02444720e-03,1.47824123e-04,5.00703284e-02,42083099,2.040,2026-08-22T13:11:08.738290+00:00
pennylane-lightning.qubit,0.45.1,brickwall,pauli_z_first_k,8,2,30,240,50,12000,5.69351186e-03,1.82747905e-04,5.25550184e-02,42083130,2.125,2026-08-22T13:11:10.868489+00:00
pennylane-lightning.qubit,0.45.1,brickwall,pauli_z_first_k,8,3,1,8,50,400,6.78195717e-02,4.20162832e-03,1.03781552e-01,42083240,0.197,2026-08-22T13:11:11.072034+00:00
pennylane-lightning.qubit,0.45.1,brickwall,pauli_z_first_k,8,3,2,16,50,800,4.22933710e-02,3.48637298e-03,8.95221996e-02,42083271,0.270,2026-08-22T13:11:11.346033+00:00
pennylane-lightning.qubit,0.45.1,brickwall,pauli_z_first_k,8,3,3,24,50,1200,4.70647127e-02,2.78535165e-03,9.34841647e-02,42083302,0.323,2026-08-22T13:11:11.673775+00:00
pennylane-lightning.qubit,0.45.1,brickwall,pauli_z_first_k,8,3,4,32,50,1600,3.40903457e-02,1.90552158e-03,9.64122593e-02,42083333,0.386,2026-08-22T13:11:12.063917+00:00
pennylane-lightning.qubit,0.45.1,brickwall,pauli_z_first_k,8,3,5,40,50,2000,2.94162754e-02,1.94367005e-03,8.34533259e-02,42083364,0.482,2026-08-22T13:11:12.550607+00:00
pennylane-lightning.qubit,0.45.1,brickwall,pauli_z_first_k,8,3,6,48,50,2400,2.83218811e-02,1.90078983e-03,8.92243673e-02,42083395,0.814,2026-08-22T13:11:13.369971+00:00
pennylane-lightning.qubit,0.45.1,brickwall,pauli_z_first_k,8,3,7,56,50,2800,2.73527138e-02,1.54602366e-03,8.31251336e-02,42083426,0.893,2026-08-22T13:11:14.268921+00:00
pennylane-lightning.qubit,0.45.1,brickwall,pauli_z_first_k,8,3,8,64,50,3200,1.89358199e-02,1.19707732e-03,7.91701660e-02,42083457,1.066,2026-08-22T13:11:15.338493+00:00
pennylane-lightning.qubit,0.45.1,brickwall,pauli_z_first_k,8,3,9,72,50,3600,2.11755580e-02,1.19622088e-03,8.31776294e-02,42083488,0.826,2026-08-22T13:11:16.171679+00:00
pennylane-lightning.qubit,0.45.1,brickwall,pauli_z_first_k,8,3,10,80,50,4000,1.73503661e-02,1.18227961e-03,7.93456393e-02,42083519,0.711,2026-08-22T13:11:16.887438+00:00
pennylane-lightning.qubit,0.45.1,brickwall,pauli_z_first_k,8,3,11,88,50,4400,1.76643568e-02,9.71116775e-04,7.80870297e-02,42083550,1.012,2026-08-22T13:11:17.903312+00:00
pennylane-lightning.qubit,0.45.1,brickwall,pauli_z_first_k,8,3,12,96,50,4800,1.56724553e-02,9.17398502e-04,7.75788523e-02,42083581,0.861,2026-08-22T13:11:18.768370+00:00
pennylane-lightning.qubit,0.45.1,brickwall,pauli_z_first_k,8,3,13,104,50,5200,1.40563806e-02,7.45619149e-04,7.25766269e-02,42083612,0.928,2026-08-22T13:11:19.700256+00:00
pennylane-lightning.qubit,0.45.1,brickwall,pauli_z_first_k,8,3,14,112,50,5600,1.30953199e-02,7.46680507e-04,7.26371282e-02,42083643,0.962,2026-08-22T13:11:20.666862+00:00
pennylane-lightning.qubit,0.45.1,brickwall,pauli_z_first_k,8,3,15,120,50,6000,1.18674200e-02,6.28928079e-04,6.86561430e-02,42083674,1.033,2026-08-22T13:11:21.704567+00:00
pennylane-lightning.qubit,0.45.1,brickwall,pauli_z_first_k,8,3,16,128,50,6400,9.91332194e-03,5.06105434e-04,6.68709040e-02,42083705,1.289,2026-08-22T13:11:22.997834+00:00
pennylane-lightning.qubit,0.45.1,brickwall,pauli_z_first_k,8,3,17,136,50,6800,1.09236022e-02,4.62511525e-04,6.72269730e-02,42083736,1.174,2026-08-22T13:11:24.176228+00:00
pennylane-lightning.qubit,0.45.1,brickwall,pauli_z_first_k,8,3,18,144,50,7200,9.13720332e-03,5.20346589e-04,6.50221569e-02,42083767,1.434,2026-08-22T13:11:25.614111+00:00
pennylane-lightning.qubit,0.45.1,brickwall,pauli_z_first_k,8,3,19,152,50,7600,8.14528333e-03,4.48396670e-04,6.05255543e-02,42083798,2.109,2026-08-22T13:11:27.727080+00:00
pennylane-lightning.qubit,0.45.1,brickwall,pauli_z_first_k,8,3,20,160,50,8000,8.25154158e-03,3.31735864e-04,6.22530197e-02,42083829,2.007,2026-08-22T13:11:29.738987+00:00
pennylane-lightning.qubit,0.45.1,brickwall,pauli_z_first_k,8,3,21,168,50,8400,7.24091830e-03,3.55673156e-04,5.80276835e-02,42083860,1.372,2026-08-22T13:11:31.114728+00:00
pennylane-lightning.qubit,0.45.1,brickwall,pauli_z_first_k,8,3,22,176,50,8800,7.24001580e-03,3.14744495e-04,5.95124781e-02,42083891,1.634,2026-08-22T13:11:32.752864+00:00
pennylane-lightning.qubit,0.45.1,brickwall,pauli_z_first_k,8,3,23,184,50,9200,6.28461165e-03,2.21671724e-04,5.54872427e-02,42083922,1.721,2026-08-22T13:11:34.478547+00:00
pennylane-lightning.qubit,0.45.1,brickwall,pauli_z_first_k,8,3,24,192,50,9600,5.85693099e-03,2.63864422e-04,5.46908439e-02,42083953,1.751,2026-08-22T13:11:36.233402+00:00
pennylane-lightning.qubit,0.45.1,brickwall,pauli_z_first_k,8,3,25,200,50,10000,5.99487172e-03,2.83175547e-04,5.44317123e-02,42083984,1.827,2026-08-22T13:11:38.064461+00:00
pennylane-lightning.qubit,0.45.1,brickwall,pauli_z_first_k,8,3,26,208,50,10400,5.52995652e-03,2.72383188e-04,5.38016893e-02,42084015,2.472,2026-08-22T13:11:40.540983+00:00
pennylane-lightning.qubit,0.45.1,brickwall,pauli_z_first_k,8,3,27,216,50,10800,5.80242646e-03,1.96547194e-04,5.44004528e-02,42084046,2.574,2026-08-22T13:11:43.118367+00:00
pennylane-lightning.qubit,0.45.1,brickwall,pauli_z_first_k,8,3,28,224,50,11200,4.91772152e-03,1.79836545e-04,5.10839389e-02,42084077,2.037,2026-08-22T13:11:45.159329+00:00
pennylane-lightning.qubit,0.45.1,brickwall,pauli_z_first_k,8,3,29,232,50,11600,4.93140668e-03,1.88465612e-04,5.07360467e-02,42084108,2.068,2026-08-22T13:11:47.231219+00:00
pennylane-lightning.qubit,0.45.1,brickwall,pauli_z_first_k,8,3,30,240,50,12000,4.67824339e-03,1.87298752e-04,5.04941707e-02,42084139,2.148,2026-08-22T13:11:49.382389+00:00
pennylane-lightning.qubit,0.45.1,brickwall,pauli_z_first_k,8,4,1,8,50,400,6.11283882e-02,4.68586126e-03,9.99750413e-02,42084249,0.217,2026-08-22T13:11:49.604780+00:00
pennylane-lightning.qubit,0.45.1,brickwall,pauli_z_first_k,8,4,2,16,50,800,4.26939131e-02,2.79267465e-03,1.00173127e-01,42084280,0.263,2026-08-22T13:11:49.871705+00:00
pennylane-lightning.qubit,0.45.1,brickwall,pauli_z_first_k,8,4,3,24,50,1200,2.81926999e-02,2.07046596e-03,8.09484920e-02,42084311,0.323,2026-08-22T13:11:50.198720+00:00
pennylane-lightning.qubit,0.45.1,brickwall,pauli_z_first_k,8,4,4,32,50,1600,2.87169250e-02,2.11108991e-03,8.74865507e-02,42084342,0.556,2026-08-22T13:11:50.759041+00:00
pennylane-lightning.qubit,0.45.1,brickwall,pauli_z_first_k,8,4,5,40,50,2000,2.19733852e-02,1.68217501e-03,7.90484211e-02,42084373,0.471,2026-08-22T13:11:51.233493+00:00
pennylane-lightning.qubit,0.45.1,brickwall,pauli_z_first_k,8,4,6,48,50,2400,2.35419678e-02,1.77364268e-03,8.52196565e-02,42084404,0.643,2026-08-22T13:11:51.889000+00:00
pennylane-lightning.qubit,0.45.1,brickwall,pauli_z_first_k,8,4,7,56,50,2800,1.62891236e-02,1.49011744e-03,7.35193346e-02,42084435,0.976,2026-08-22T13:11:52.869407+00:00
pennylane-lightning.qubit,0.45.1,brickwall,pauli_z_first_k,8,4,8,64,50,3200,1.60883538e-02,1.03700077e-03,7.50085121e-02,42084466,0.967,2026-08-22T13:11:53.840803+00:00
pennylane-lightning.qubit,0.45.1,brickwall,pauli_z_first_k,8,4,9,72,50,3600,1.43818514e-02,1.21237998e-03,7.27931258e-02,42084497,1.133,2026-08-22T13:11:54.981148+00:00
pennylane-lightning.qubit,0.45.1,brickwall,pauli_z_first_k,8,4,10,80,50,4000,1.65394168e-02,8.75165523e-04,7.95111832e-02,42084528,0.884,2026-08-22T13:11:55.869748+00:00
pennylane-lightning.qubit,0.45.1,brickwall,pauli_z_first_k,8,4,11,88,50,4400,1.18807196e-02,6.89099781e-04,7.05932821e-02,42084559,0.789,2026-08-22T13:11:56.664360+00:00
pennylane-lightning.qubit,0.45.1,brickwall,pauli_z_first_k,8,4,12,96,50,4800,1.24311488e-02,6.73724907e-04,7.28128278e-02,42084590,1.083,2026-08-22T13:11:57.751122+00:00
pennylane-lightning.qubit,0.45.1,brickwall,pauli_z_first_k,8,4,13,104,50,5200,9.68846679e-03,6.18457279e-04,6.55975020e-02,42084621,0.935,2026-08-22T13:11:58.690316+00:00
pennylane-lightning.qubit,0.45.1,brickwall,pauli_z_first_k,8,4,14,112,50,5600,1.04578778e-02,6.95872612e-04,6.72142511e-02,42084652,0.971,2026-08-22T13:11:59.665079+00:00
pennylane-lightning.qubit,0.45.1,brickwall,pauli_z_first_k,8,4,15,120,50,6000,7.97175410e-03,4.60266570e-04,6.06038906e-02,42084683,1.020,2026-08-22T13:12:00.688548+00:00
pennylane-lightning.qubit,0.45.1,brickwall,pauli_z_first_k,8,4,16,128,50,6400,8.94353907e-03,5.44162444e-04,6.46687648e-02,42084714,1.306,2026-08-22T13:12:01.998855+00:00
pennylane-lightning.qubit,0.45.1,brickwall,pauli_z_first_k,8,4,17,136,50,6800,7.48422479e-03,3.36645060e-04,6.13211368e-02,42084745,1.151,2026-08-22T13:12:03.153542+00:00
pennylane-lightning.qubit,0.45.1,brickwall,pauli_z_first_k,8,4,18,144,50,7200,7.09121105e-03,5.29926146e-04,5.84032813e-02,42084776,1.450,2026-08-22T13:12:04.607480+00:00
pennylane-lightning.qubit,0.45.1,brickwall,pauli_z_first_k,8,4,19,152,50,7600,6.04620218e-03,3.36573106e-04,5.56275128e-02,42084807,1.626,2026-08-22T13:12:06.237833+00:00
pennylane-lightning.qubit,0.45.1,brickwall,pauli_z_first_k,8,4,20,160,50,8000,6.95657687e-03,3.14860331e-04,5.92395274e-02,42084838,2.461,2026-08-22T13:12:08.703260+00:00
pennylane-lightning.qubit,0.45.1,brickwall,pauli_z_first_k,8,4,21,168,50,8400,6.11955384e-03,2.83158418e-04,5.70160660e-02,42084869,1.366,2026-08-22T13:12:10.072806+00:00
pennylane-lightning.qubit,0.45.1,brickwall,pauli_z_first_k,8,4,22,176,50,8800,6.15798140e-03,2.39632836e-04,5.73068727e-02,42084900,1.651,2026-08-22T13:12:11.727460+00:00
pennylane-lightning.qubit,0.45.1,brickwall,pauli_z_first_k,8,4,23,184,50,9200,5.52379322e-03,2.68810636e-04,5.46842467e-02,42084931,1.735,2026-08-22T13:12:13.468179+00:00
pennylane-lightning.qubit,0.45.1,brickwall,pauli_z_first_k,8,4,24,192,50,9600,5.29849982e-03,2.09486734e-04,5.35475610e-02,42084962,1.760,2026-08-22T13:12:15.232544+00:00
pennylane-lightning.qubit,0.45.1,brickwall,pauli_z_first_k,8,4,25,200,50,10000,4.55715243e-03,1.37378853e-04,5.09422964e-02,42084993,1.844,2026-08-22T13:12:17.080136+00:00
pennylane-lightning.qubit,0.45.1,brickwall,pauli_z_first_k,8,4,26,208,50,10400,5.63019307e-03,2.34098384e-04,5.52189918e-02,42085024,2.143,2026-08-22T13:12:19.226964+00:00
pennylane-lightning.qubit,0.45.1,brickwall,pauli_z_first_k,8,4,27,216,50,10800,4.66162887e-03,1.86481162e-04,5.11167335e-02,42085055,2.908,2026-08-22T13:12:22.139618+00:00
pennylane-lightning.qubit,0.45.1,brickwall,pauli_z_first_k,8,4,28,224,50,11200,4.82094914e-03,1.95650396e-04,5.17322812e-02,42085086,1.999,2026-08-22T13:12:24.143230+00:00
pennylane-lightning.qubit,0.45.1,brickwall,pauli_z_first_k,8,4,29,232,50,11600,4.56450991e-03,1.34648080e-04,5.08605116e-02,42085117,2.078,2026-08-22T13:12:26.225056+00:00
pennylane-lightning.qubit,0.45.1,brickwall,pauli_z_first_k,8,4,30,240,50,12000,4.65415000e-03,1.45884831e-04,5.12451128e-02,42085148,2.330,2026-08-22T13:12:28.559090+00:00
pennylane-lightning.qubit,0.45.1,brickwall,pauli_z_first_k,8,5,1,8,50,400,4.78496885e-02,3.82005870e-03,9.85897573e-02,42085258,0.224,2026-08-22T13:12:28.790830+00:00
pennylane-lightning.qubit,0.45.1,brickwall,pauli_z_first_k,8,5,2,16,50,800,2.39667710e-02,2.31980040e-03,7.51428651e-02,42085289,0.265,2026-08-22T13:12:29.060559+00:00
pennylane-lightning.qubit,0.45.1,brickwall,pauli_z_first_k,8,5,3,24,50,1200,2.71657245e-02,2.69768091e-03,8.02199648e-02,42085320,0.317,2026-08-22T13:12:29.382619+00:00
pennylane-lightning.qubit,0.45.1,brickwall,pauli_z_first_k,8,5,4,32,50,1600,1.75726443e-02,2.47039850e-03,7.02341606e-02,42085351,0.375,2026-08-22T13:12:29.762665+00:00
pennylane-lightning.qubit,0.45.1,brickwall,pauli_z_first_k,8,5,5,40,50,2000,1.84100466e-02,1.73785958e-03,7.62341131e-02,42085382,0.428,2026-08-22T13:12:30.196141+00:00
pennylane-lightning.qubit,0.45.1,brickwall,pauli_z_first_k,8,5,6,48,50,2400,1.16653084e-02,9.84435206e-04,6.53099001e-02,42085413,0.499,2026-08-22T13:12:30.700556+00:00
pennylane-lightning.qubit,0.45.1,brickwall,pauli_z_first_k,8,5,7,56,50,2800,1.53364662e-02,1.20229831e-03,7.53998008e-02,42085444,0.535,2026-08-22T13:12:31.239911+00:00
pennylane-lightning.qubit,0.45.1,brickwall,pauli_z_first_k,8,5,8,64,50,3200,1.14509143e-02,1.08112071e-03,6.73535822e-02,42085475,0.722,2026-08-22T13:12:31.967071+00:00
pennylane-lightning.qubit,0.45.1,brickwall,pauli_z_first_k,8,5,9,72,50,3600,1.08972565e-02,7.63429204e-04,6.69210241e-02,42085506,1.083,2026-08-22T13:12:33.055599+00:00
pennylane-lightning.qubit,0.45.1,brickwall,pauli_z_first_k,8,5,10,80,50,4000,8.81480576e-03,6.72005096e-04,6.35289477e-02,42085537,1.184,2026-08-22T13:12:34.246671+00:00
pennylane-lightning.qubit,0.45.1,brickwall,pauli_z_first_k,8,5,11,88,50,4400,1.00369220e-02,6.92167249e-04,6.70757758e-02,42085568,1.099,2026-08-22T13:12:35.351988+00:00
pennylane-lightning.qubit,0.45.1,brickwall,pauli_z_first_k,8,5,12,96,50,4800,6.96497481e-03,5.27098818e-04,5.84263171e-02,42085599,0.860,2026-08-22T13:12:36.216567+00:00
pennylane-lightning.qubit,0.45.1,brickwall,pauli_z_first_k,8,5,13,104,50,5200,8.72757378e-03,6.55424160e-04,6.37784950e-02,42085630,0.902,2026-08-22T13:12:37.122272+00:00
pennylane-lightning.qubit,0.45.1,brickwall,pauli_z_first_k,8,5,14,112,50,5600,7.43901991e-03,5.34969880e-04,6.08399323e-02,42085661,0.939,2026-08-22T13:12:38.065357+00:00
pennylane-lightning.qubit,0.45.1,brickwall,pauli_z_first_k,8,5,15,120,50,6000,7.46829410e-03,4.42457935e-04,6.08467362e-02,42085692,1.262,2026-08-22T13:12:39.331301+00:00
pennylane-lightning.qubit,0.45.1,brickwall,pauli_z_first_k,8,5,16,128,50,6400,6.27068261e-03,3.53133973e-04,5.76421947e-02,42085723,1.070,2026-08-22T13:12:40.406052+00:00
pennylane-lightning.qubit,0.45.1,brickwall,pauli_z_first_k,8,5,17,136,50,6800,6.57425289e-03,2.93870641e-04,5.82251656e-02,42085754,1.339,2026-08-22T13:12:41.749483+00:00
pennylane-lightning.qubit,0.45.1,brickwall,pauli_z_first_k,8,5,18,144,50,7200,5.77314521e-03,2.92437133e-04,5.62650690e-02,42085785,1.184,2026-08-22T13:12:42.938967+00:00
pennylane-lightning.qubit,0.45.1,brickwall,pauli_z_first_k,8,5,19,152,50,7600,5.79035811e-03,2.79358660e-04,5.52842395e-02,42085816,1.281,2026-08-22T13:12:44.224948+00:00
pennylane-lightning.qubit,0.45.1,brickwall,pauli_z_first_k,8,5,20,160,50,8000,4.77123796e-03,2.16015261e-04,5.21285404e-02,42085847,2.052,2026-08-22T13:12:46.280628+00:00
pennylane-lightning.qubit,0.45.1,brickwall,pauli_z_first_k,8,5,21,168,50,8400,5.47807343e-03,1.98458890e-04,5.50538879e-02,42085878,2.433,2026-08-22T13:12:48.717589+00:00
pennylane-lightning.qubit,0.45.1,brickwall,pauli_z_first_k,8,5,22,176,50,8800,5.19139272e-03,2.12403728e-04,5.43894787e-02,42085909,1.632,2026-08-22T13:12:50.354153+00:00
pennylane-lightning.qubit,0.45.1,brickwall,pauli_z_first_k,8,5,23,184,50,9200,5.07186016e-03,1.71500818e-04,5.31668075e-02,42085940,1.487,2026-08-22T13:12:51.845497+00:00
pennylane-lightning.qubit,0.45.1,brickwall,pauli_z_first_k,8,5,24,192,50,9600,4.51048925e-03,1.62908010e-04,5.18484100e-02,42085971,1.759,2026-08-22T13:12:53.608778+00:00
pennylane-lightning.qubit,0.45.1,brickwall,pauli_z_first_k,8,5,25,200,50,10000,4.59103483e-03,1.70158207e-04,5.10433462e-02,42086002,1.831,2026-08-22T13:12:55.443946+00:00
pennylane-lightning.qubit,0.45.1,brickwall,pauli_z_first_k,8,5,26,208,50,10400,4.47190073e-03,1.71161468e-04,5.11065807e-02,42086033,2.104,2026-08-22T13:12:57.552370+00:00
pennylane-lightning.qubit,0.45.1,brickwall,pauli_z_first_k,8,5,27,216,50,10800,4.49566325e-03,1.16609777e-04,5.07644461e-02,42086064,2.796,2026-08-22T13:13:00.352846+00:00
pennylane-lightning.qubit,0.45.1,brickwall,pauli_z_first_k,8,5,28,224,50,11200,4.50132857e-03,1.23955307e-04,5.20459040e-02,42086095,2.486,2026-08-22T13:13:02.847223+00:00
pennylane-lightning.qubit,0.45.1,brickwall,pauli_z_first_k,8,5,29,232,50,11600,4.41848540e-03,1.00656225e-04,5.06915068e-02,42086126,2.060,2026-08-22T13:13:04.911845+00:00
pennylane-lightning.qubit,0.45.1,brickwall,pauli_z_first_k,8,5,30,240,50,12000,4.38387294e-03,1.24722509e-04,5.09736987e-02,42086157,2.127,2026-08-22T13:13:07.043745+00:00
pennylane-lightning.qubit,0.45.1,brickwall,pauli_z_first_k,8,6,1,8,50,400,5.42715867e-02,4.83928537e-03,9.95680312e-02,42086267,0.195,2026-08-22T13:13:07.244023+00:00
pennylane-lightning.qubit,0.45.1,brickwall,pauli_z_first_k,8,6,2,16,50,800,2.10113302e-02,2.78584189e-03,7.08982314e-02,42086298,0.268,2026-08-22T13:13:07.515694+00:00
pennylane-lightning.qubit,0.45.1,brickwall,pauli_z_first_k,8,6,3,24,50,1200,1.30795031e-02,1.34594472e-03,6.12292116e-02,42086329,0.342,2026-08-22T13:13:07.861895+00:00
pennylane-lightning.qubit,0.45.1,brickwall,pauli_z_first_k,8,6,4,32,50,1600,1.31779638e-02,1.53553871e-03,6.46977591e-02,42086360,0.379,2026-08-22T13:13:08.245040+00:00
pennylane-lightning.qubit,0.45.1,brickwall,pauli_z_first_k,8,6,5,40,50,2000,1.00349246e-02,1.00092953e-03,5.93364205e-02,42086391,0.477,2026-08-22T13:13:08.726155+00:00
pennylane-lightning.qubit,0.45.1,brickwall,pauli_z_first_k,8,6,6,48,50,2400,1.07797691e-02,1.23638475e-03,6.39581365e-02,42086422,0.506,2026-08-22T13:13:09.236885+00:00
pennylane-lightning.qubit,0.45.1,brickwall,pauli_z_first_k,8,6,7,56,50,2800,9.38089798e-03,8.66490875e-04,6.20517691e-02,42086453,0.576,2026-08-22T13:13:09.816967+00:00
pennylane-lightning.qubit,0.45.1,brickwall,pauli_z_first_k,8,6,8,64,50,3200,7.84845305e-03,7.07193408e-04,5.76086410e-02,42086484,0.609,2026-08-22T13:13:10.430650+00:00
pennylane-lightning.qubit,0.45.1,brickwall,pauli_z_first_k,8,6,9,72,50,3600,7.32928892e-03,6.73325245e-04,5.73908149e-02,42086515,0.677,2026-08-22T13:13:11.112490+00:00
pennylane-lightning.qubit,0.45.1,brickwall,pauli_z_first_k,8,6,10,80,50,4000,7.23983638e-03,5.39918335e-04,5.91575989e-02,42086546,0.969,2026-08-22T13:13:12.085473+00:00
pennylane-lightning.qubit,0.45.1,brickwall,pauli_z_first_k,8,6,11,88,50,4400,6.39049727e-03,4.36390710e-04,5.66178717e-02,42086577,1.297,2026-08-22T13:13:13.386708+00:00
pennylane-lightning.qubit,0.45.1,brickwall,pauli_z_first_k,8,6,12,96,50,4800,5.96329065e-03,4.13252053e-04,5.60682401e-02,42086608,1.639,2026-08-22T13:13:15.030099+00:00
pennylane-lightning.qubit,0.45.1,brickwall,pauli_z_first_k,8,6,13,104,50,5200,5.48437147e-03,3.35192118e-04,5.39746866e-02,42086639,0.930,2026-08-22T13:13:15.964274+00:00
pennylane-lightning.qubit,0.45.1,brickwall,pauli_z_first_k,8,6,14,112,50,5600,5.38058044e-03,2.95535361e-04,5.37427845e-02,42086670,0.980,2026-08-22T13:13:16.949045+00:00
pennylane-lightning.qubit,0.45.1,brickwall,pauli_z_first_k,8,6,15,120,50,6000,5.30177584e-03,2.95942683e-04,5.36632107e-02,42086701,1.026,2026-08-22T13:13:17.979518+00:00
pennylane-lightning.qubit,0.45.1,brickwall,pauli_z_first_k,8,6,16,128,50,6400,5.71659046e-03,3.27005523e-04,5.59671794e-02,42086732,1.356,2026-08-22T13:13:19.340172+00:00
pennylane-lightning.qubit,0.45.1,brickwall,pauli_z_first_k,8,6,17,136,50,6800,5.15344301e-03,2.21581719e-04,5.41160620e-02,42086763,1.179,2026-08-22T13:13:20.523776+00:00
pennylane-lightning.qubit,0.45.1,brickwall,pauli_z_first_k,8,6,18,144,50,7200,5.20955568e-03,2.51155333e-04,5.41820990e-02,42086794,1.436,2026-08-22T13:13:21.963992+00:00
pennylane-lightning.qubit,0.45.1,brickwall,pauli_z_first_k,8,6,19,152,50,7600,5.09385778e-03,2.30751815e-04,5.39759392e-02,42086825,1.267,2026-08-22T13:13:23.234453+00:00
pennylane-lightning.qubit,0.45.1,brickwall,pauli_z_first_k,8,6,20,160,50,8000,4.72871003e-03,1.90077103e-04,5.28733959e-02,42086856,1.625,2026-08-22T13:13:24.864503+00:00
pennylane-lightning.qubit,0.45.1,brickwall,pauli_z_first_k,8,6,21,168,50,8400,4.85624837e-03,1.94458858e-04,5.31568798e-02,42086887,2.345,2026-08-22T13:13:27.218471+00:00
pennylane-lightning.qubit,0.45.1,brickwall,pauli_z_first_k,8,6,22,176,50,8800,4.81258472e-03,1.87419671e-04,5.34393900e-02,42086918,2.004,2026-08-22T13:13:29.227590+00:00
pennylane-lightning.qubit,0.45.1,brickwall,pauli_z_first_k,8,6,23,184,50,9200,4.15873960e-03,1.15502856e-04,5.00002721e-02,42086949,1.730,2026-08-22T13:13:30.960492+00:00
pennylane-lightning.qubit,0.45.1,brickwall,pauli_z_first_k,8,6,24,192,50,9600,4.20457591e-03,1.39023993e-04,4.98458598e-02,42086980,1.784,2026-08-22T13:13:32.752818+00:00
pennylane-lightning.qubit,0.45.1,brickwall,pauli_z_first_k,8,6,25,200,50,10000,4.26581820e-03,1.20838438e-04,5.04387041e-02,42087011,1.833,2026-08-22T13:13:34.589919+00:00
pennylane-lightning.qubit,0.45.1,brickwall,pauli_z_first_k,8,6,26,208,50,10400,4.43018259e-03,1.71613779e-04,5.10598431e-02,42087042,1.871,2026-08-22T13:13:36.466026+00:00
pennylane-lightning.qubit,0.45.1,brickwall,pauli_z_first_k,8,6,27,216,50,10800,4.50985229e-03,1.11744874e-04,5.21093004e-02,42087073,2.209,2026-08-22T13:13:38.679526+00:00
pennylane-lightning.qubit,0.45.1,brickwall,pauli_z_first_k,8,6,28,224,50,11200,4.41115211e-03,1.23765564e-04,5.15563934e-02,42087104,3.009,2026-08-22T13:13:41.692166+00:00
pennylane-lightning.qubit,0.45.1,brickwall,pauli_z_first_k,8,6,29,232,50,11600,4.41328227e-03,1.30606617e-04,5.14227552e-02,42087135,2.082,2026-08-22T13:13:43.778713+00:00
pennylane-lightning.qubit,0.45.1,brickwall,pauli_z_first_k,8,6,30,240,50,12000,4.04688203e-03,1.11113587e-04,4.94830824e-02,42087166,2.141,2026-08-22T13:13:45.924468+00:00
pennylane-lightning.qubit,0.45.1,brickwall,pauli_z_first_k,8,8,1,8,50,400,3.47797374e-02,3.42018728e-03,8.72845091e-02,42088285,0.210,2026-08-22T13:13:46.139392+00:00
pennylane-lightning.qubit,0.45.1,brickwall,pauli_z_first_k,8,8,2,16,50,800,9.68775013e-03,1.86303484e-03,4.85604034e-02,42088316,0.278,2026-08-22T13:13:46.420677+00:00
pennylane-lightning.qubit,0.45.1,brickwall,pauli_z_first_k,8,8,3,24,50,1200,1.03212046e-02,1.21214546e-03,5.71122628e-02,42088347,0.346,2026-08-22T13:13:46.772267+00:00
pennylane-lightning.qubit,0.45.1,brickwall,pauli_z_first_k,8,8,4,32,50,1600,7.80518516e-03,1.06889737e-03,5.23375887e-02,42088378,0.385,2026-08-22T13:13:47.161945+00:00
pennylane-lightning.qubit,0.45.1,brickwall,pauli_z_first_k,8,8,5,40,50,2000,6.65446239e-03,6.51206831e-04,4.94558189e-02,42088409,0.440,2026-08-22T13:13:47.606159+00:00
pennylane-lightning.qubit,0.45.1,brickwall,pauli_z_first_k,8,8,6,48,50,2400,6.06582808e-03,7.27458625e-04,4.93151223e-02,42088440,0.514,2026-08-22T13:13:48.124696+00:00
pennylane-lightning.qubit,0.45.1,brickwall,pauli_z_first_k,8,8,7,56,50,2800,7.59348133e-03,6.69787144e-04,5.87742189e-02,42088471,0.567,2026-08-22T13:13:48.696826+00:00
pennylane-lightning.qubit,0.45.1,brickwall,pauli_z_first_k,8,8,8,64,50,3200,5.17217384e-03,5.01809458e-04,4.95607426e-02,42088502,0.634,2026-08-22T13:13:49.335309+00:00
pennylane-lightning.qubit,0.45.1,brickwall,pauli_z_first_k,8,8,9,72,50,3600,5.54852519e-03,5.44383560e-04,5.20661543e-02,42088533,0.678,2026-08-22T13:13:50.017603+00:00
pennylane-lightning.qubit,0.45.1,brickwall,pauli_z_first_k,8,8,10,80,50,4000,6.13133841e-03,4.54194393e-04,5.61125502e-02,42088564,0.730,2026-08-22T13:13:50.751514+00:00
pennylane-lightning.qubit,0.45.1,brickwall,pauli_z_first_k,8,8,11,88,50,4400,6.75413218e-03,5.51703534e-04,5.93904802e-02,42088595,1.103,2026-08-22T13:13:51.858704+00:00
pennylane-lightning.qubit,0.45.1,brickwall,pauli_z_first_k,8,8,12,96,50,4800,5.25890430e-03,3.39416254e-04,5.31270940e-02,42088626,1.686,2026-08-22T13:13:53.548643+00:00
pennylane-lightning.qubit,0.45.1,brickwall,pauli_z_first_k,8,8,13,104,50,5200,4.84785229e-03,3.62778801e-04,5.09516255e-02,42088657,1.288,2026-08-22T13:13:54.840942+00:00
pennylane-lightning.qubit,0.45.1,brickwall,pauli_z_first_k,8,8,14,112,50,5600,5.43733836e-03,3.48488947e-04,5.48656158e-02,42088688,0.970,2026-08-22T13:13:55.814613+00:00
pennylane-lightning.qubit,0.45.1,brickwall,pauli_z_first_k,8,8,15,120,50,6000,5.37474955e-03,2.85706755e-04,5.51460462e-02,42088719,1.040,2026-08-22T13:13:56.858795+00:00
pennylane-lightning.qubit,0.45.1,brickwall,pauli_z_first_k,8,8,16,128,50,6400,4.76164001e-03,2.26538418e-04,5.27637277e-02,42088750,1.321,2026-08-22T13:13:58.184229+00:00
pennylane-lightning.qubit,0.45.1,brickwall,pauli_z_first_k,8,8,17,136,50,6800,4.51112235e-03,2.25030362e-04,5.14333659e-02,42088781,1.217,2026-08-22T13:13:59.405976+00:00
pennylane-lightning.qubit,0.45.1,brickwall,pauli_z_first_k,8,8,18,144,50,7200,4.42125890e-03,2.17166559e-04,5.17318186e-02,42088812,1.433,2026-08-22T13:14:00.843566+00:00
pennylane-lightning.qubit,0.45.1,brickwall,pauli_z_first_k,8,8,19,152,50,7600,4.27331466e-03,2.30658728e-04,5.01792033e-02,42088843,1.280,2026-08-22T13:14:02.127492+00:00
pennylane-lightning.qubit,0.45.1,brickwall,pauli_z_first_k,8,8,20,160,50,8000,4.52139494e-03,1.51934175e-04,5.23318295e-02,42088874,1.531,2026-08-22T13:14:03.663034+00:00
pennylane-lightning.qubit,0.45.1,brickwall,pauli_z_first_k,8,8,21,168,50,8400,4.73471735e-03,1.91004375e-04,5.32730696e-02,42088905,1.816,2026-08-22T13:14:05.483150+00:00
pennylane-lightning.qubit,0.45.1,brickwall,pauli_z_first_k,8,8,22,176,50,8800,4.40106042e-03,1.55577354e-04,5.17342232e-02,42088936,2.523,2026-08-22T13:14:08.010143+00:00
pennylane-lightning.qubit,0.45.1,brickwall,pauli_z_first_k,8,8,23,184,50,9200,4.38416489e-03,1.22249769e-04,5.14873968e-02,42088967,1.712,2026-08-22T13:14:09.727122+00:00
pennylane-lightning.qubit,0.45.1,brickwall,pauli_z_first_k,8,8,24,192,50,9600,4.31875269e-03,1.12726287e-04,5.15211808e-02,42088998,1.776,2026-08-22T13:14:11.507666+00:00
pennylane-lightning.qubit,0.45.1,brickwall,pauli_z_first_k,8,8,25,200,50,10000,4.21238643e-03,1.66013288e-04,5.04784588e-02,42089029,1.831,2026-08-22T13:14:13.343177+00:00
pennylane-lightning.qubit,0.45.1,brickwall,pauli_z_first_k,8,8,26,208,50,10400,4.39418466e-03,1.51262139e-04,5.18570127e-02,42089060,1.887,2026-08-22T13:14:15.235031+00:00
pennylane-lightning.qubit,0.45.1,brickwall,pauli_z_first_k,8,8,27,216,50,10800,4.19448564e-03,1.10071672e-04,5.08220705e-02,42089091,1.890,2026-08-22T13:14:17.129535+00:00
pennylane-lightning.qubit,0.45.1,brickwall,pauli_z_first_k,8,8,28,224,50,11200,4.60814068e-03,1.32885144e-04,5.34989351e-02,42089122,2.970,2026-08-22T13:14:20.104215+00:00
pennylane-lightning.qubit,0.45.1,brickwall,pauli_z_first_k,8,8,29,232,50,11600,4.18386289e-03,1.13781457e-04,5.05079145e-02,42089153,2.412,2026-08-22T13:14:22.520434+00:00
pennylane-lightning.qubit,0.45.1,brickwall,pauli_z_first_k,8,8,30,240,50,12000,4.12497829e-03,1.07887123e-04,5.01916042e-02,42089184,2.126,2026-08-22T13:14:24.650939+00:00
pennylane-lightning.qubit,0.45.1,brickwall,pauli_z_first_k,10,2,1,10,50,500,5.35314166e-02,4.82418369e-03,6.57306659e-02,42102245,0.226,2026-08-22T13:14:24.883114+00:00
pennylane-lightning.qubit,0.45.1,brickwall,pauli_z_first_k,10,2,2,20,50,1000,5.38923767e-02,3.38575754e-03,8.60774178e-02,42102276,0.294,2026-08-22T13:14:25.182027+00:00
pennylane-lightning.qubit,0.45.1,brickwall,pauli_z_first_k,10,2,3,30,50,1500,3.46491101e-02,2.83770953e-03,6.54166450e-02,42102307,0.365,2026-08-22T13:14:25.549387+00:00
pennylane-lightning.qubit,0.45.1,brickwall,pauli_z_first_k,10,2,4,40,50,2000,3.16310372e-02,1.98028523e-03,6.90015881e-02,42102338,0.457,2026-08-22T13:14:26.010849+00:00
pennylane-lightning.qubit,0.45.1,brickwall,pauli_z_first_k,10,2,5,50,50,2500,2.92331872e-02,2.03851338e-03,6.98153554e-02,42102369,0.515,2026-08-22T13:14:26.530442+00:00
pennylane-lightning.qubit,0.45.1,brickwall,pauli_z_first_k,10,2,6,60,50,3000,3.06098489e-02,1.88775844e-03,7.26652562e-02,42102400,0.594,2026-08-22T13:14:27.128518+00:00
pennylane-lightning.qubit,0.45.1,brickwall,pauli_z_first_k,10,2,7,70,50,3500,2.66588347e-02,1.48695834e-03,7.42773690e-02,42102431,0.654,2026-08-22T13:14:27.786316+00:00
pennylane-lightning.qubit,0.45.1,brickwall,pauli_z_first_k,10,2,8,80,50,4000,2.29621754e-02,1.42875804e-03,6.88817713e-02,42102462,0.747,2026-08-22T13:14:28.536560+00:00
pennylane-lightning.qubit,0.45.1,brickwall,pauli_z_first_k,10,2,9,90,50,4500,1.83056753e-02,1.09526422e-03,6.48510243e-02,42102493,1.075,2026-08-22T13:14:29.615762+00:00
pennylane-lightning.qubit,0.45.1,brickwall,pauli_z_first_k,10,2,10,100,50,5000,1.78247026e-02,1.37828409e-03,6.20380816e-02,42102524,0.914,2026-08-22T13:14:30.534243+00:00
pennylane-lightning.qubit,0.45.1,brickwall,pauli_z_first_k,10,2,11,110,50,5500,1.59938895e-02,8.93950907e-04,6.32948388e-02,42102555,1.388,2026-08-22T13:14:31.927190+00:00
pennylane-lightning.qubit,0.45.1,brickwall,pauli_z_first_k,10,2,12,120,50,6000,1.69743864e-02,1.04968099e-03,6.41582542e-02,42102586,1.761,2026-08-22T13:14:33.692851+00:00
pennylane-lightning.qubit,0.45.1,brickwall,pauli_z_first_k,10,2,13,130,50,6500,1.32838228e-02,7.86841752e-04,5.87362219e-02,42102617,1.521,2026-08-22T13:14:35.219122+00:00
pennylane-lightning.qubit,0.45.1,brickwall,pauli_z_first_k,10,2,14,140,50,7000,1.37273475e-02,7.35199917e-04,5.97386847e-02,42102648,1.213,2026-08-22T13:14:36.437516+00:00
pennylane-lightning.qubit,0.45.1,brickwall,pauli_z_first_k,10,2,15,150,50,7500,1.06664115e-02,5.39754228e-04,5.55075786e-02,42102679,1.481,2026-08-22T13:14:37.922810+00:00
pennylane-lightning.qubit,0.45.1,brickwall,pauli_z_first_k,10,2,16,160,50,8000,1.21128800e-02,6.25799163e-04,5.87764519e-02,42102710,1.339,2026-08-22T13:14:39.265422+00:00
pennylane-lightning.qubit,0.45.1,brickwall,pauli_z_first_k,10,2,17,170,50,8500,9.75011729e-03,7.04211722e-04,5.33388323e-02,42102741,1.649,2026-08-22T13:14:40.919346+00:00
pennylane-lightning.qubit,0.45.1,brickwall,pauli_z_first_k,10,2,18,180,50,9000,9.76985133e-03,6.23701783e-04,5.39522003e-02,42102772,1.707,2026-08-22T13:14:42.630368+00:00
pennylane-lightning.qubit,0.45.1,brickwall,pauli_z_first_k,10,2,19,190,50,9500,7.59075550e-03,3.40513656e-04,5.00968540e-02,42102803,2.052,2026-08-22T13:14:44.686788+00:00
pennylane-lightning.qubit,0.45.1,brickwall,pauli_z_first_k,10,2,20,200,50,10000,9.11128491e-03,4.75947274e-04,5.28001917e-02,42102834,2.899,2026-08-22T13:14:47.591312+00:00
pennylane-lightning.qubit,0.45.1,brickwall,pauli_z_first_k,10,2,21,210,50,10500,6.41026463e-03,3.17650627e-04,4.65361172e-02,42102865,1.961,2026-08-22T13:14:49.559031+00:00
pennylane-lightning.qubit,0.45.1,brickwall,pauli_z_first_k,10,2,22,220,50,11000,6.33537005e-03,3.86142423e-04,4.58680819e-02,42102896,2.010,2026-08-22T13:14:51.572689+00:00
pennylane-lightning.qubit,0.45.1,brickwall,pauli_z_first_k,10,2,23,230,50,11500,5.35193827e-03,3.10014452e-04,4.39099746e-02,42102927,2.157,2026-08-22T13:14:53.733728+00:00
pennylane-lightning.qubit,0.45.1,brickwall,pauli_z_first_k,10,2,24,240,50,12000,5.10975792e-03,3.42391632e-04,4.23639963e-02,42102958,2.164,2026-08-22T13:14:55.901589+00:00
pennylane-lightning.qubit,0.45.1,brickwall,pauli_z_first_k,10,2,25,250,50,12500,3.99737915e-03,2.05428395e-04,3.88026971e-02,42102989,3.116,2026-08-22T13:14:59.021584+00:00
pennylane-lightning.qubit,0.45.1,brickwall,pauli_z_first_k,10,2,26,260,50,13000,4.58813476e-03,2.73176141e-04,4.03319193e-02,42103020,3.191,2026-08-22T13:15:02.218720+00:00
pennylane-lightning.qubit,0.45.1,brickwall,pauli_z_first_k,10,2,27,270,50,13500,3.80880929e-03,2.23179335e-04,3.81968785e-02,42103051,2.660,2026-08-22T13:15:04.883657+00:00
pennylane-lightning.qubit,0.45.1,brickwall,pauli_z_first_k,10,2,28,280,50,14000,3.48440418e-03,1.94598863e-04,3.64160275e-02,42103082,2.524,2026-08-22T13:15:07.412137+00:00
pennylane-lightning.qubit,0.45.1,brickwall,pauli_z_first_k,10,2,29,290,50,14500,3.18129667e-03,1.47249152e-04,3.59675909e-02,42103113,2.768,2026-08-22T13:15:10.184911+00:00
pennylane-lightning.qubit,0.45.1,brickwall,pauli_z_first_k,10,2,30,300,50,15000,3.17766860e-03,2.02193732e-04,3.55340213e-02,42103144,4.087,2026-08-22T13:15:14.276458+00:00
pennylane-lightning.qubit,0.45.1,brickwall,pauli_z_first_k,10,3,1,10,50,500,4.83109757e-02,3.09805564e-03,7.92414886e-02,42103254,0.219,2026-08-22T13:15:14.500565+00:00
pennylane-lightning.qubit,0.45.1,brickwall,pauli_z_first_k,10,3,2,20,50,1000,3.90031575e-02,2.61254639e-03,7.59009689e-02,42103285,0.305,2026-08-22T13:15:14.810011+00:00
pennylane-lightning.qubit,0.45.1,brickwall,pauli_z_first_k,10,3,3,30,50,1500,3.40408348e-02,2.74848635e-03,6.80084131e-02,42103316,0.381,2026-08-22T13:15:15.195610+00:00
pennylane-lightning.qubit,0.45.1,brickwall,pauli_z_first_k,10,3,4,40,50,2000,2.34715143e-02,1.73068979e-03,6.99756223e-02,42103347,0.458,2026-08-22T13:15:15.657513+00:00
pennylane-lightning.qubit,0.45.1,brickwall,pauli_z_first_k,10,3,5,50,50,2500,2.86313478e-02,1.58152221e-03,7.32142650e-02,42103378,0.520,2026-08-22T13:15:16.181816+00:00
pennylane-lightning.qubit,0.45.1,brickwall,pauli_z_first_k,10,3,6,60,50,3000,2.00548236e-02,1.35418791e-03,6.75737986e-02,42103409,0.608,2026-08-22T13:15:16.794400+00:00
pennylane-lightning.qubit,0.45.1,brickwall,pauli_z_first_k,10,3,7,70,50,3500,2.54671395e-02,1.34990603e-03,7.55877746e-02,42103440,0.690,2026-08-22T13:15:17.488452+00:00
pennylane-lightning.qubit,0.45.1,brickwall,pauli_z_first_k,10,3,8,80,50,4000,1.70950214e-02,1.19529341e-03,6.56650608e-02,42103471,0.730,2026-08-22T13:15:18.223055+00:00
pennylane-lightning.qubit,0.45.1,brickwall,pauli_z_first_k,10,3,9,90,50,4500,1.79445457e-02,8.80079656e-04,6.70198412e-02,42103502,1.047,2026-08-22T13:15:19.275133+00:00
pennylane-lightning.qubit,0.45.1,brickwall,pauli_z_first_k,10,3,10,100,50,5000,1.41624885e-02,8.38653925e-04,6.32079535e-02,42103533,0.913,2026-08-22T13:15:20.192676+00:00
pennylane-lightning.qubit,0.45.1,brickwall,pauli_z_first_k,10,3,11,110,50,5500,1.50134780e-02,8.18772775e-04,6.39304381e-02,42103564,0.975,2026-08-22T13:15:21.171421+00:00
pennylane-lightning.qubit,0.45.1,brickwall,pauli_z_first_k,10,3,12,120,50,6000,1.10269621e-02,5.45267277e-04,5.89686378e-02,42103595,1.086,2026-08-22T13:15:22.262059+00:00
pennylane-lightning.qubit,0.45.1,brickwall,pauli_z_first_k,10,3,13,130,50,6500,1.09644825e-02,4.92824049e-04,5.73415611e-02,42103626,1.361,2026-08-22T13:15:23.627323+00:00
pennylane-lightning.qubit,0.45.1,brickwall,pauli_z_first_k,10,3,14,140,50,7000,8.89804484e-03,6.33232299e-04,5.33786077e-02,42103657,1.934,2026-08-22T13:15:25.565391+00:00
pennylane-lightning.qubit,0.45.1,brickwall,pauli_z_first_k,10,3,15,150,50,7500,1.01942398e-02,6.08362803e-04,5.54658551e-02,42103688,2.050,2026-08-22T13:15:27.619707+00:00
pennylane-lightning.qubit,0.45.1,brickwall,pauli_z_first_k,10,3,16,160,50,8000,7.18890058e-03,3.93352769e-04,5.04972066e-02,42103719,1.361,2026-08-22T13:15:28.984492+00:00
pennylane-lightning.qubit,0.45.1,brickwall,pauli_z_first_k,10,3,17,170,50,8500,7.91997759e-03,4.43531610e-04,5.12587441e-02,42103750,1.641,2026-08-22T13:15:30.629337+00:00
pennylane-lightning.qubit,0.45.1,brickwall,pauli_z_first_k,10,3,18,180,50,9000,6.59865629e-03,4.60051247e-04,4.88560665e-02,42103781,1.749,2026-08-22T13:15:32.382680+00:00
pennylane-lightning.qubit,0.45.1,brickwall,pauli_z_first_k,10,3,19,190,50,9500,6.86358784e-03,3.50274145e-04,4.82346351e-02,42103812,1.803,2026-08-22T13:15:34.189223+00:00
pennylane-lightning.qubit,0.45.1,brickwall,pauli_z_first_k,10,3,20,200,50,10000,5.17303416e-03,2.55726098e-04,4.45855721e-02,42103843,1.833,2026-08-22T13:15:36.026206+00:00
pennylane-lightning.qubit,0.45.1,brickwall,pauli_z_first_k,10,3,21,210,50,10500,4.89042168e-03,2.70325454e-04,4.23149061e-02,42103874,2.623,2026-08-22T13:15:38.653680+00:00
pennylane-lightning.qubit,0.45.1,brickwall,pauli_z_first_k,10,3,22,220,50,11000,4.35545041e-03,4.08572934e-04,4.09052558e-02,42103905,2.614,2026-08-22T13:15:41.272584+00:00
pennylane-lightning.qubit,0.45.1,brickwall,pauli_z_first_k,10,3,23,230,50,11500,4.89400840e-03,2.80095503e-04,4.31946783e-02,42103936,2.135,2026-08-22T13:15:43.412128+00:00
pennylane-lightning.qubit,0.45.1,brickwall,pauli_z_first_k,10,3,24,240,50,12000,3.72368848e-03,2.04845702e-04,3.85441267e-02,42103967,2.203,2026-08-22T13:15:45.619961+00:00
pennylane-lightning.qubit,0.45.1,brickwall,pauli_z_first_k,10,3,25,250,50,12500,3.82298048e-03,1.97234292e-04,3.91997637e-02,42103998,2.483,2026-08-22T13:15:48.106713+00:00
pennylane-lightning.qubit,0.45.1,brickwall,pauli_z_first_k,10,3,26,260,50,13000,2.91926498e-03,1.48658047e-04,3.56805815e-02,42104029,2.906,2026-08-22T13:15:51.016876+00:00
pennylane-lightning.qubit,0.45.1,brickwall,pauli_z_first_k,10,3,27,270,50,13500,2.95750285e-03,1.30740453e-04,3.57036072e-02,42104060,3.484,2026-08-22T13:15:54.508203+00:00
pennylane-lightning.qubit,0.45.1,brickwall,pauli_z_first_k,10,3,28,280,50,14000,2.55488932e-03,9.40381727e-05,3.41011430e-02,42104091,2.468,2026-08-22T13:15:56.980165+00:00
pennylane-lightning.qubit,0.45.1,brickwall,pauli_z_first_k,10,3,29,290,50,14500,2.89977952e-03,1.45341104e-04,3.49768971e-02,42104122,2.853,2026-08-22T13:15:59.837908+00:00
pennylane-lightning.qubit,0.45.1,brickwall,pauli_z_first_k,10,3,30,300,50,15000,2.34324450e-03,1.04461767e-04,3.28812826e-02,42104153,2.875,2026-08-22T13:16:02.717212+00:00
pennylane-lightning.qubit,0.45.1,brickwall,pauli_z_first_k,10,4,1,10,50,500,6.17628062e-02,2.86584395e-03,8.90442586e-02,42104263,0.216,2026-08-22T13:16:02.938177+00:00
pennylane-lightning.qubit,0.45.1,brickwall,pauli_z_first_k,10,4,2,20,50,1000,3.92047166e-02,2.88106827e-03,8.47630150e-02,42104294,0.306,2026-08-22T13:16:03.248827+00:00
pennylane-lightning.qubit,0.45.1,brickwall,pauli_z_first_k,10,4,3,30,50,1500,2.07664051e-02,1.79043300e-03,6.07078620e-02,42104325,0.649,2026-08-22T13:16:03.901411+00:00
pennylane-lightning.qubit,0.45.1,brickwall,pauli_z_first_k,10,4,4,40,50,2000,1.96206107e-02,1.36651007e-03,6.83918567e-02,42104356,0.702,2026-08-22T13:16:04.607208+00:00
pennylane-lightning.qubit,0.45.1,brickwall,pauli_z_first_k,10,4,5,50,50,2500,1.51903046e-02,1.08352048e-03,6.09749820e-02,42104387,0.873,2026-08-22T13:16:05.484499+00:00
pennylane-lightning.qubit,0.45.1,brickwall,pauli_z_first_k,10,4,6,60,50,3000,1.94175002e-02,1.42440033e-03,6.95629388e-02,42104418,0.969,2026-08-22T13:16:06.457603+00:00
pennylane-lightning.qubit,0.45.1,brickwall,pauli_z_first_k,10,4,7,70,50,3500,1.33149080e-02,1.06231678e-03,6.02080360e-02,42104449,0.711,2026-08-22T13:16:07.172934+00:00
pennylane-lightning.qubit,0.45.1,brickwall,pauli_z_first_k,10,4,8,80,50,4000,1.48821474e-02,8.35088545e-04,6.62507255e-02,42104480,0.755,2026-08-22T13:16:07.932281+00:00
pennylane-lightning.qubit,0.45.1,brickwall,pauli_z_first_k,10,4,9,90,50,4500,1.17059960e-02,9.60925791e-04,6.03258651e-02,42104511,1.066,2026-08-22T13:16:09.002306+00:00
pennylane-lightning.qubit,0.45.1,brickwall,pauli_z_first_k,10,4,10,100,50,5000,1.11924074e-02,8.49282782e-04,5.85319597e-02,42104542,0.902,2026-08-22T13:16:09.908302+00:00
pennylane-lightning.qubit,0.45.1,brickwall,pauli_z_first_k,10,4,11,110,50,5500,9.86524994e-03,6.21412600e-04,5.63141203e-02,42104573,0.981,2026-08-22T13:16:10.892865+00:00
pennylane-lightning.qubit,0.45.1,brickwall,pauli_z_first_k,10,4,12,120,50,6000,9.16334270e-03,5.34627093e-04,5.50317193e-02,42104604,1.063,2026-08-22T13:16:11.960055+00:00
pennylane-lightning.qubit,0.45.1,brickwall,pauli_z_first_k,10,4,13,130,50,6500,6.57812460e-03,4.00249447e-04,4.83594622e-02,42104635,1.373,2026-08-22T13:16:13.338922+00:00
pennylane-lightning.qubit,0.45.1,brickwall,pauli_z_first_k,10,4,14,140,50,7000,7.71864120e-03,4.93695651e-04,5.27592919e-02,42104666,1.229,2026-08-22T13:16:14.573429+00:00
pennylane-lightning.qubit,0.45.1,brickwall,pauli_z_first_k,10,4,15,150,50,7500,6.49712055e-03,4.29368972e-04,4.97264546e-02,42104697,1.517,2026-08-22T13:16:16.094658+00:00
pennylane-lightning.qubit,0.45.1,brickwall,pauli_z_first_k,10,4,16,160,50,8000,5.90593067e-03,3.18557461e-04,4.74233836e-02,42104728,2.156,2026-08-22T13:16:18.254720+00:00
pennylane-lightning.qubit,0.45.1,brickwall,pauli_z_first_k,10,4,17,170,50,8500,4.78937534e-03,3.32748787e-04,4.33069504e-02,42104759,2.127,2026-08-22T13:16:20.384831+00:00
pennylane-lightning.qubit,0.45.1,brickwall,pauli_z_first_k,10,4,18,180,50,9000,5.19038732e-03,3.58239768e-04,4.51168710e-02,42104790,1.737,2026-08-22T13:16:22.126732+00:00
pennylane-lightning.qubit,0.45.1,brickwall,pauli_z_first_k,10,4,19,190,50,9500,3.66684147e-03,1.94232656e-04,4.01740703e-02,42104821,1.816,2026-08-22T13:16:23.947575+00:00
pennylane-lightning.qubit,0.45.1,brickwall,pauli_z_first_k,10,4,20,200,50,10000,3.85152334e-03,2.43571560e-04,4.01136383e-02,42104852,1.868,2026-08-22T13:16:25.820419+00:00
pennylane-lightning.qubit,0.45.1,brickwall,pauli_z_first_k,10,4,21,210,50,10500,3.38709177e-03,2.11298455e-04,3.87235795e-02,42104883,1.905,2026-08-22T13:16:27.729748+00:00
pennylane-lightning.qubit,0.45.1,brickwall,pauli_z_first_k,10,4,22,220,50,11000,3.77184679e-03,2.60632337e-04,3.95602165e-02,42104914,2.229,2026-08-22T13:16:29.962816+00:00
pennylane-lightning.qubit,0.45.1,brickwall,pauli_z_first_k,10,4,23,230,50,11500,3.21429791e-03,1.99768897e-04,3.78634934e-02,42104945,3.169,2026-08-22T13:16:33.136345+00:00
pennylane-lightning.qubit,0.45.1,brickwall,pauli_z_first_k,10,4,24,240,50,12000,3.04136336e-03,1.57438184e-04,3.69079929e-02,42104976,2.167,2026-08-22T13:16:35.308060+00:00
pennylane-lightning.qubit,0.45.1,brickwall,pauli_z_first_k,10,4,25,250,50,12500,2.30861184e-03,1.41892369e-04,3.30692975e-02,42105007,2.476,2026-08-22T13:16:37.789954+00:00
pennylane-lightning.qubit,0.45.1,brickwall,pauli_z_first_k,10,4,26,260,50,13000,2.78262690e-03,1.67890664e-04,3.49151929e-02,42105038,2.526,2026-08-22T13:16:40.320495+00:00
pennylane-lightning.qubit,0.45.1,brickwall,pauli_z_first_k,10,4,27,270,50,13500,2.12088912e-03,9.38316024e-05,3.24300573e-02,42105069,2.750,2026-08-22T13:16:43.074615+00:00
pennylane-lightning.qubit,0.45.1,brickwall,pauli_z_first_k,10,4,28,280,50,14000,2.36860288e-03,9.52342195e-05,3.35733581e-02,42105100,3.573,2026-08-22T13:16:46.652015+00:00
pennylane-lightning.qubit,0.45.1,brickwall,pauli_z_first_k,10,4,29,290,50,14500,1.78008962e-03,1.00236752e-04,2.98610640e-02,42105131,2.782,2026-08-22T13:16:49.438003+00:00
pennylane-lightning.qubit,0.45.1,brickwall,pauli_z_first_k,10,4,30,300,50,15000,2.02540521e-03,9.54158678e-05,3.14071489e-02,42105162,2.861,2026-08-22T13:16:52.303322+00:00
pennylane-lightning.qubit,0.45.1,brickwall,pauli_z_first_k,10,5,1,10,50,500,4.01932945e-02,3.22267693e-03,8.05912626e-02,42105272,0.215,2026-08-22T13:16:52.523431+00:00
pennylane-lightning.qubit,0.45.1,brickwall,pauli_z_first_k,10,5,2,20,50,1000,1.61922613e-02,1.83816356e-03,5.56296461e-02,42105303,0.298,2026-08-22T13:16:52.827437+00:00
pennylane-lightning.qubit,0.45.1,brickwall,pauli_z_first_k,10,5,3,30,50,1500,1.81447597e-02,1.73279498e-03,6.00420500e-02,42105334,0.396,2026-08-22T13:16:53.227448+00:00
pennylane-lightning.qubit,0.45.1,brickwall,pauli_z_first_k,10,5,4,40,50,2000,1.10374042e-02,1.22879738e-03,5.07270012e-02,42105365,0.441,2026-08-22T13:16:53.672876+00:00
pennylane-lightning.qubit,0.45.1,brickwall,pauli_z_first_k,10,5,5,50,50,2500,1.31454482e-02,1.08660699e-03,5.69209060e-02,42105396,0.540,2026-08-22T13:16:54.218024+00:00
pennylane-lightning.qubit,0.45.1,brickwall,pauli_z_first_k,10,5,6,60,50,3000,1.01706821e-02,1.05914019e-03,5.41554670e-02,42105427,0.587,2026-08-22T13:16:54.809990+00:00
pennylane-lightning.qubit,0.45.1,brickwall,pauli_z_first_k,10,5,7,70,50,3500,1.00852844e-02,7.64389591e-04,5.53204491e-02,42105458,0.687,2026-08-22T13:16:55.501189+00:00
pennylane-lightning.qubit,0.45.1,brickwall,pauli_z_first_k,10,5,8,80,50,4000,8.75858094e-03,8.60491956e-04,5.30235387e-02,42105489,1.022,2026-08-22T13:16:56.527830+00:00
pennylane-lightning.qubit,0.45.1,brickwall,pauli_z_first_k,10,5,9,90,50,4500,8.65906666e-03,5.95157358e-04,5.32169279e-02,42105520,1.626,2026-08-22T13:16:58.157299+00:00
pennylane-lightning.qubit,0.45.1,brickwall,pauli_z_first_k,10,5,10,100,50,5000,6.06634773e-03,4.62283898e-04,4.75795218e-02,42105551,1.252,2026-08-22T13:16:59.416643+00:00
pennylane-lightning.qubit,0.45.1,brickwall,pauli_z_first_k,10,5,11,110,50,5500,6.78603932e-03,4.61257656e-04,4.89849420e-02,42105582,0.991,2026-08-22T13:17:00.411855+00:00
pennylane-lightning.qubit,0.45.1,brickwall,pauli_z_first_k,10,5,12,120,50,6000,5.35863078e-03,3.72997436e-04,4.61879694e-02,42105613,1.037,2026-08-22T13:17:01.453500+00:00
pennylane-lightning.qubit,0.45.1,brickwall,pauli_z_first_k,10,5,13,130,50,6500,5.19601498e-03,3.70588392e-04,4.55796852e-02,42105644,1.380,2026-08-22T13:17:02.837267+00:00
pennylane-lightning.qubit,0.45.1,brickwall,pauli_z_first_k,10,5,14,140,50,7000,4.29019959e-03,3.14201999e-04,4.20995794e-02,42105675,1.206,2026-08-22T13:17:04.047602+00:00
pennylane-lightning.qubit,0.45.1,brickwall,pauli_z_first_k,10,5,15,150,50,7500,4.98183947e-03,3.73367619e-04,4.48411154e-02,42105706,1.489,2026-08-22T13:17:05.540721+00:00
pennylane-lightning.qubit,0.45.1,brickwall,pauli_z_first_k,10,5,16,160,50,8000,3.29942034e-03,2.20110032e-04,3.89775293e-02,42105737,1.382,2026-08-22T13:17:06.926841+00:00
pennylane-lightning.qubit,0.45.1,brickwall,pauli_z_first_k,10,5,17,170,50,8500,3.81142593e-03,2.28982717e-04,4.08553619e-02,42105768,1.637,2026-08-22T13:17:08.570870+00:00
pennylane-lightning.qubit,0.45.1,brickwall,pauli_z_first_k,10,5,18,180,50,9000,2.94416552e-03,1.87285844e-04,3.66710327e-02,42105799,2.516,2026-08-22T13:17:11.091314+00:00
pennylane-lightning.qubit,0.45.1,brickwall,pauli_z_first_k,10,5,19,190,50,9500,3.11469426e-03,1.89132121e-04,3.75209637e-02,42105830,2.248,2026-08-22T13:17:13.345320+00:00
pennylane-lightning.qubit,0.45.1,brickwall,pauli_z_first_k,10,5,20,200,50,10000,2.29331479e-03,1.15058239e-04,3.36513785e-02,42105861,1.849,2026-08-22T13:17:15.198116+00:00
pennylane-lightning.qubit,0.45.1,brickwall,pauli_z_first_k,10,5,21,210,50,10500,2.62375822e-03,1.70675020e-04,3.48262138e-02,42105892,1.956,2026-08-22T13:17:17.158657+00:00
pennylane-lightning.qubit,0.45.1,brickwall,pauli_z_first_k,10,5,22,220,50,11000,2.35535893e-03,1.51917345e-04,3.37026444e-02,42105923,1.997,2026-08-22T13:17:19.160075+00:00
pennylane-lightning.qubit,0.45.1,brickwall,pauli_z_first_k,10,5,23,230,50,11500,2.27316236e-03,1.17019943e-04,3.30872193e-02,42105954,2.089,2026-08-22T13:17:21.253694+00:00
pennylane-lightning.qubit,0.45.1,brickwall,pauli_z_first_k,10,5,24,240,50,12000,2.08260070e-03,9.96326977e-05,3.24260645e-02,42105985,3.077,2026-08-22T13:17:24.335391+00:00
pennylane-lightning.qubit,0.45.1,brickwall,pauli_z_first_k,10,5,25,250,50,12500,2.01713047e-03,9.88498950e-05,3.15387804e-02,42106016,2.835,2026-08-22T13:17:27.175435+00:00
pennylane-lightning.qubit,0.45.1,brickwall,pauli_z_first_k,10,5,26,260,50,13000,1.59643503e-03,6.16469795e-05,2.93620053e-02,42106047,2.502,2026-08-22T13:17:29.681763+00:00
pennylane-lightning.qubit,0.45.1,brickwall,pauli_z_first_k,10,5,27,270,50,13500,1.66631550e-03,7.49098616e-05,2.95004208e-02,42106078,2.629,2026-08-22T13:17:32.315444+00:00
pennylane-lightning.qubit,0.45.1,brickwall,pauli_z_first_k,10,5,28,280,50,14000,1.58404637e-03,6.02071140e-05,2.92966847e-02,42106109,2.480,2026-08-22T13:17:34.799545+00:00
pennylane-lightning.qubit,0.45.1,brickwall,pauli_z_first_k,10,5,29,290,50,14500,1.56428944e-03,7.51952075e-05,2.89304375e-02,42106140,4.083,2026-08-22T13:17:38.886846+00:00
pennylane-lightning.qubit,0.45.1,brickwall,pauli_z_first_k,10,5,30,300,50,15000,1.43172344e-03,4.82788161e-05,2.82074401e-02,42106171,2.847,2026-08-22T13:17:41.738309+00:00
pennylane-lightning.qubit,0.45.1,brickwall,pauli_z_first_k,10,6,1,10,50,500,3.43104158e-02,3.08886289e-03,7.12989238e-02,42106281,0.214,2026-08-22T13:17:41.958317+00:00
pennylane-lightning.qubit,0.45.1,brickwall,pauli_z_first_k,10,6,2,20,50,1000,1.41378652e-02,1.98774212e-03,4.88454754e-02,42106312,0.298,2026-08-22T13:17:42.260441+00:00
pennylane-lightning.qubit,0.45.1,brickwall,pauli_z_first_k,10,6,3,30,50,1500,9.77503063e-03,1.21538711e-03,4.73228854e-02,42106343,0.363,2026-08-22T13:17:42.628420+00:00
pennylane-lightning.qubit,0.45.1,brickwall,pauli_z_first_k,10,6,4,40,50,2000,1.16421159e-02,1.28344966e-03,5.48394075e-02,42106374,0.457,2026-08-22T13:17:43.089404+00:00
pennylane-lightning.qubit,0.45.1,brickwall,pauli_z_first_k,10,6,5,50,50,2500,7.84883181e-03,7.86662103e-04,4.75077341e-02,42106405,0.525,2026-08-22T13:17:43.619323+00:00
pennylane-lightning.qubit,0.45.1,brickwall,pauli_z_first_k,10,6,6,60,50,3000,6.90398362e-03,6.15345996e-04,4.68961242e-02,42106436,0.612,2026-08-22T13:17:44.236236+00:00
pennylane-lightning.qubit,0.45.1,brickwall,pauli_z_first_k,10,6,7,70,50,3500,6.66359999e-03,7.13185873e-04,4.65202634e-02,42106467,0.705,2026-08-22T13:17:44.943892+00:00
pennylane-lightning.qubit,0.45.1,brickwall,pauli_z_first_k,10,6,8,80,50,4000,7.75134945e-03,1.14954028e-03,4.93518838e-02,42106498,0.758,2026-08-22T13:17:45.706213+00:00
pennylane-lightning.qubit,0.45.1,brickwall,pauli_z_first_k,10,6,9,90,50,4500,4.70223492e-03,4.27272452e-04,4.27428168e-02,42106529,1.056,2026-08-22T13:17:46.767506+00:00
pennylane-lightning.qubit,0.45.1,brickwall,pauli_z_first_k,10,6,10,100,50,5000,5.12963606e-03,3.74616824e-04,4.39630212e-02,42106560,0.905,2026-08-22T13:17:47.677838+00:00
pennylane-lightning.qubit,0.45.1,brickwall,pauli_z_first_k,10,6,11,110,50,5500,4.07769607e-03,3.22640823e-04,4.12063556e-02,42106591,1.148,2026-08-22T13:17:48.830255+00:00
pennylane-lightning.qubit,0.45.1,brickwall,pauli_z_first_k,10,6,12,120,50,6000,4.26960269e-03,3.61979157e-04,4.20845340e-02,42106622,1.781,2026-08-22T13:17:50.616296+00:00
pennylane-lightning.qubit,0.45.1,brickwall,pauli_z_first_k,10,6,13,130,50,6500,3.01649671e-03,3.05868253e-04,3.66401554e-02,42106653,1.795,2026-08-22T13:17:52.415258+00:00
pennylane-lightning.qubit,0.45.1,brickwall,pauli_z_first_k,10,6,14,140,50,7000,3.11692101e-03,2.29443790e-04,3.76194866e-02,42106684,1.205,2026-08-22T13:17:53.624946+00:00
pennylane-lightning.qubit,0.45.1,brickwall,pauli_z_first_k,10,6,15,150,50,7500,2.57088104e-03,1.54910613e-04,3.55785747e-02,42106715,1.487,2026-08-22T13:17:55.116890+00:00
pennylane-lightning.qubit,0.45.1,brickwall,pauli_z_first_k,10,6,16,160,50,8000,3.08867862e-03,1.52272848e-04,3.87803585e-02,42106746,1.384,2026-08-22T13:17:56.505542+00:00
pennylane-lightning.qubit,0.45.1,brickwall,pauli_z_first_k,10,6,17,170,50,8500,2.09239292e-03,1.56156315e-04,3.20976394e-02,42106777,1.643,2026-08-22T13:17:58.152729+00:00
pennylane-lightning.qubit,0.45.1,brickwall,pauli_z_first_k,10,6,18,180,50,9000,2.58852637e-03,1.66009589e-04,3.56461674e-02,42106808,1.756,2026-08-22T13:17:59.912507+00:00
pennylane-lightning.qubit,0.45.1,brickwall,pauli_z_first_k,10,6,19,190,50,9500,1.72247452e-03,8.25998672e-05,3.01690697e-02,42106839,1.910,2026-08-22T13:18:01.826678+00:00
pennylane-lightning.qubit,0.45.1,brickwall,pauli_z_first_k,10,6,20,200,50,10000,2.12244705e-03,1.34619836e-04,3.25763133e-02,42106870,3.105,2026-08-22T13:18:04.936247+00:00
pennylane-lightning.qubit,0.45.1,brickwall,pauli_z_first_k,10,6,21,210,50,10500,1.73303019e-03,8.96540956e-05,3.03860465e-02,42106901,1.975,2026-08-22T13:18:06.915285+00:00
pennylane-lightning.qubit,0.45.1,brickwall,pauli_z_first_k,10,6,22,220,50,11000,1.77847237e-03,9.26317907e-05,3.06434911e-02,42106932,2.029,2026-08-22T13:18:08.949372+00:00
pennylane-lightning.qubit,0.45.1,brickwall,pauli_z_first_k,10,6,23,230,50,11500,1.53190975e-03,6.97850882e-05,2.89161785e-02,42106963,2.102,2026-08-22T13:18:11.055947+00:00
pennylane-lightning.qubit,0.45.1,brickwall,pauli_z_first_k,10,6,24,240,50,12000,1.79806360e-03,1.18903552e-04,3.06872194e-02,42106994,2.093,2026-08-22T13:18:13.153483+00:00
pennylane-lightning.qubit,0.45.1,brickwall,pauli_z_first_k,10,6,25,250,50,12500,1.47741306e-03,5.66911796e-05,2.86910759e-02,42107025,3.048,2026-08-22T13:18:16.205741+00:00
pennylane-lightning.qubit,0.45.1,brickwall,pauli_z_first_k,10,6,26,260,50,13000,1.63648401e-03,7.51007508e-05,2.97852852e-02,42107056,3.293,2026-08-22T13:18:19.503601+00:00
pennylane-lightning.qubit,0.45.1,brickwall,pauli_z_first_k,10,6,27,270,50,13500,1.43760229e-03,5.66544625e-05,2.81975336e-02,42107087,2.462,2026-08-22T13:18:21.969757+00:00
pennylane-lightning.qubit,0.45.1,brickwall,pauli_z_first_k,10,6,28,280,50,14000,1.35879332e-03,5.15085367e-05,2.74431559e-02,42107118,2.749,2026-08-22T13:18:24.723383+00:00
pennylane-lightning.qubit,0.45.1,brickwall,pauli_z_first_k,10,6,29,290,50,14500,1.25641262e-03,5.01489609e-05,2.68108871e-02,42107149,2.791,2026-08-22T13:18:27.518173+00:00
pennylane-lightning.qubit,0.45.1,brickwall,pauli_z_first_k,10,6,30,300,50,15000,1.22968101e-03,4.28303090e-05,2.62890253e-02,42107180,4.130,2026-08-22T13:18:31.652873+00:00
pennylane-lightning.qubit,0.45.1,brickwall,pauli_z_first_k,10,8,1,10,50,500,2.63153806e-02,2.83950539e-03,6.73759440e-02,42108299,0.226,2026-08-22T13:18:31.883954+00:00
pennylane-lightning.qubit,0.45.1,brickwall,pauli_z_first_k,10,8,2,20,50,1000,6.05896060e-03,1.11712808e-03,3.31261223e-02,42108330,0.298,2026-08-22T13:18:32.185941+00:00
pennylane-lightning.qubit,0.45.1,brickwall,pauli_z_first_k,10,8,3,30,50,1500,5.55750786e-03,8.91262018e-04,3.79334124e-02,42108361,0.384,2026-08-22T13:18:32.574141+00:00
pennylane-lightning.qubit,0.45.1,brickwall,pauli_z_first_k,10,8,4,40,50,2000,4.49221396e-03,9.43353686e-04,3.36659139e-02,42108392,0.438,2026-08-22T13:18:33.016805+00:00
pennylane-lightning.qubit,0.45.1,brickwall,pauli_z_first_k,10,8,5,50,50,2500,3.03086453e-03,3.35052126e-04,3.20417823e-02,42108423,0.539,2026-08-22T13:18:33.560006+00:00
pennylane-lightning.qubit,0.45.1,brickwall,pauli_z_first_k,10,8,6,60,50,3000,3.30354772e-03,4.76477224e-04,3.22119696e-02,42108454,0.609,2026-08-22T13:18:34.173389+00:00
pennylane-lightning.qubit,0.45.1,brickwall,pauli_z_first_k,10,8,7,70,50,3500,2.61056090e-03,3.72175024e-04,3.03991209e-02,42108485,0.698,2026-08-22T13:18:34.875741+00:00
pennylane-lightning.qubit,0.45.1,brickwall,pauli_z_first_k,10,8,8,80,50,4000,2.54629818e-03,2.68209098e-04,3.21409056e-02,42108516,0.768,2026-08-22T13:18:35.649008+00:00
pennylane-lightning.qubit,0.45.1,brickwall,pauli_z_first_k,10,8,9,90,50,4500,2.25289080e-03,1.86390799e-04,3.17409960e-02,42108547,0.836,2026-08-22T13:18:36.489766+00:00
pennylane-lightning.qubit,0.45.1,brickwall,pauli_z_first_k,10,8,10,100,50,5000,2.64413758e-03,2.90824748e-04,3.43714485e-02,42108578,1.125,2026-08-22T13:18:37.619842+00:00
pennylane-lightning.qubit,0.45.1,brickwall,pauli_z_first_k,10,8,11,110,50,5500,1.84619057e-03,1.49958543e-04,2.97277717e-02,42108609,0.971,2026-08-22T13:18:38.595302+00:00
pennylane-lightning.qubit,0.45.1,brickwall,pauli_z_first_k,10,8,12,120,50,6000,1.86600938e-03,1.24313523e-04,3.02858979e-02,42108640,1.042,2026-08-22T13:18:39.641237+00:00
pennylane-lightning.qubit,0.45.1,brickwall,pauli_z_first_k,10,8,13,130,50,6500,2.04263045e-03,1.73080948e-04,3.20170175e-02,42108671,1.382,2026-08-22T13:18:41.027215+00:00
pennylane-lightning.qubit,0.45.1,brickwall,pauli_z_first_k,10,8,14,140,50,7000,1.81298701e-03,1.52292688e-04,3.07126948e-02,42108702,1.889,2026-08-22T13:18:42.921182+00:00
pennylane-lightning.qubit,0.45.1,brickwall,pauli_z_first_k,10,8,15,150,50,7500,1.70241765e-03,1.07009758e-04,3.00640143e-02,42108733,2.161,2026-08-22T13:18:45.086832+00:00
pennylane-lightning.qubit,0.45.1,brickwall,pauli_z_first_k,10,8,16,160,50,8000,1.70308653e-03,1.22178524e-04,3.02012960e-02,42108764,1.379,2026-08-22T13:18:46.470298+00:00
pennylane-lightning.qubit,0.45.1,brickwall,pauli_z_first_k,10,8,17,170,50,8500,1.32840538e-03,7.98045795e-05,2.71115272e-02,42108795,1.649,2026-08-22T13:18:48.123506+00:00
pennylane-lightning.qubit,0.45.1,brickwall,pauli_z_first_k,10,8,18,180,50,9000,1.48112427e-03,8.63333257e-05,2.88951229e-02,42108826,1.714,2026-08-22T13:18:49.841644+00:00
pennylane-lightning.qubit,0.45.1,brickwall,pauli_z_first_k,10,8,19,190,50,9500,1.35553371e-03,6.75921311e-05,2.77599945e-02,42108857,1.806,2026-08-22T13:18:51.652242+00:00
pennylane-lightning.qubit,0.45.1,brickwall,pauli_z_first_k,10,8,20,200,50,10000,1.37395291e-03,6.52650120e-05,2.81664135e-02,42108888,1.886,2026-08-22T13:18:53.542682+00:00
pennylane-lightning.qubit,0.45.1,brickwall,pauli_z_first_k,10,8,21,210,50,10500,1.28988737e-03,7.20546314e-05,2.70960544e-02,42108919,2.589,2026-08-22T13:18:56.136370+00:00
pennylane-lightning.qubit,0.45.1,brickwall,pauli_z_first_k,10,8,22,220,50,11000,1.33967023e-03,7.66651097e-05,2.76142761e-02,42108950,2.644,2026-08-22T13:18:58.785666+00:00
pennylane-lightning.qubit,0.45.1,brickwall,pauli_z_first_k,10,8,23,230,50,11500,1.17448114e-03,4.07458602e-05,2.62871632e-02,42108981,2.082,2026-08-22T13:19:00.871875+00:00
pennylane-lightning.qubit,0.45.1,brickwall,pauli_z_first_k,10,8,24,240,50,12000,1.14903359e-03,4.66337375e-05,2.61138382e-02,42109012,2.113,2026-08-22T13:19:02.989308+00:00
pennylane-lightning.qubit,0.45.1,brickwall,pauli_z_first_k,10,8,25,250,50,12500,1.15963261e-03,4.38796660e-05,2.61409929e-02,42109043,2.448,2026-08-22T13:19:05.441764+00:00
pennylane-lightning.qubit,0.45.1,brickwall,pauli_z_first_k,10,8,26,260,50,13000,1.15237112e-03,3.51143359e-05,2.62031551e-02,42109074,2.761,2026-08-22T13:19:08.207981+00:00
pennylane-lightning.qubit,0.45.1,brickwall,pauli_z_first_k,10,8,27,270,50,13500,1.17660691e-03,3.13752981e-05,2.66785176e-02,42109105,3.665,2026-08-22T13:19:11.879398+00:00
pennylane-lightning.qubit,0.45.1,brickwall,pauli_z_first_k,10,8,28,280,50,14000,1.15081076e-03,4.19556163e-05,2.62542036e-02,42109136,2.502,2026-08-22T13:19:14.386384+00:00
pennylane-lightning.qubit,0.45.1,brickwall,pauli_z_first_k,10,8,29,290,50,14500,1.09352782e-03,2.64777208e-05,2.58040924e-02,42109167,2.834,2026-08-22T13:19:17.225151+00:00
pennylane-lightning.qubit,0.45.1,brickwall,pauli_z_first_k,10,8,30,300,50,15000,1.08538887e-03,2.35824115e-05,2.57082658e-02,42109198,2.859,2026-08-22T13:19:20.089247+00:00
pennylane-lightning.qubit,0.45.1,brickwall,pauli_z_first_k,10,10,1,10,50,500,1.87571823e-02,3.01491574e-03,5.60260195e-02,42110317,0.211,2026-08-22T13:19:20.305687+00:00
pennylane-lightning.qubit,0.45.1,brickwall,pauli_z_first_k,10,10,2,20,50,1000,2.68829323e-03,7.60185564e-04,1.92237249e-02,42110348,0.295,2026-08-22T13:19:20.605709+00:00
pennylane-lightning.qubit,0.45.1,brickwall,pauli_z_first_k,10,10,3,30,50,1500,3.12722059e-03,6.82704124e-04,2.57748839e-02,42110379,0.488,2026-08-22T13:19:21.097264+00:00
pennylane-lightning.qubit,0.45.1,brickwall,pauli_z_first_k,10,10,4,40,50,2000,2.18758178e-03,6.56331986e-04,2.30667959e-02,42110410,0.729,2026-08-22T13:19:21.832739+00:00
pennylane-lightning.qubit,0.45.1,brickwall,pauli_z_first_k,10,10,5,50,50,2500,2.46713632e-03,4.62820564e-04,2.65284562e-02,42110441,0.815,2026-08-22T13:19:22.651895+00:00
pennylane-lightning.qubit,0.45.1,brickwall,pauli_z_first_k,10,10,6,60,50,3000,1.64158986e-03,2.46920658e-04,2.41011994e-02,42110472,0.999,2026-08-22T13:19:23.654986+00:00
pennylane-lightning.qubit,0.45.1,brickwall,pauli_z_first_k,10,10,7,70,50,3500,1.91269004e-03,2.38454614e-04,2.82473778e-02,42110503,0.825,2026-08-22T13:19:24.484429+00:00
pennylane-lightning.qubit,0.45.1,brickwall,pauli_z_first_k,10,10,8,80,50,4000,2.00227557e-03,3.07606666e-04,2.74631189e-02,42110534,0.746,2026-08-22T13:19:25.235327+00:00
pennylane-lightning.qubit,0.45.1,brickwall,pauli_z_first_k,10,10,9,90,50,4500,1.49277936e-03,1.89451857e-04,2.51430351e-02,42110565,1.033,2026-08-22T13:19:26.271795+00:00
pennylane-lightning.qubit,0.45.1,brickwall,pauli_z_first_k,10,10,10,100,50,5000,1.69086620e-03,1.71865279e-04,2.86692984e-02,42110596,0.891,2026-08-22T13:19:27.167177+00:00
pennylane-lightning.qubit,0.45.1,brickwall,pauli_z_first_k,10,10,11,110,50,5500,1.65366005e-03,1.44252644e-04,2.85625408e-02,42110627,0.954,2026-08-22T13:19:28.125768+00:00
pennylane-lightning.qubit,0.45.1,brickwall,pauli_z_first_k,10,10,12,120,50,6000,1.75432146e-03,1.72828009e-04,2.92491147e-02,42110658,1.045,2026-08-22T13:19:29.175556+00:00
pennylane-lightning.qubit,0.45.1,brickwall,pauli_z_first_k,10,10,13,130,50,6500,1.50024584e-03,1.20854134e-04,2.78264644e-02,42110689,1.335,2026-08-22T13:19:30.517238+00:00
pennylane-lightning.qubit,0.45.1,brickwall,pauli_z_first_k,10,10,14,140,50,7000,1.37750951e-03,1.12369091e-04,2.71502725e-02,42110720,1.234,2026-08-22T13:19:31.755323+00:00
pennylane-lightning.qubit,0.45.1,brickwall,pauli_z_first_k,10,10,15,150,50,7500,1.59408885e-03,1.03761280e-04,2.94812238e-02,42110751,1.476,2026-08-22T13:19:33.235653+00:00
pennylane-lightning.qubit,0.45.1,brickwall,pauli_z_first_k,10,10,16,160,50,8000,1.34360168e-03,9.45211074e-05,2.75083556e-02,42110782,1.751,2026-08-22T13:19:34.991101+00:00
pennylane-lightning.qubit,0.45.1,brickwall,pauli_z_first_k,10,10,17,170,50,8500,1.37633402e-03,7.26158239e-05,2.78536449e-02,42110813,2.490,2026-08-22T13:19:37.485691+00:00
pennylane-lightning.qubit,0.45.1,brickwall,pauli_z_first_k,10,10,18,180,50,9000,1.15621221e-03,5.46911255e-05,2.59061013e-02,42110844,1.700,2026-08-22T13:19:39.189970+00:00
pennylane-lightning.qubit,0.45.1,brickwall,pauli_z_first_k,10,10,19,190,50,9500,1.37047943e-03,8.16678574e-05,2.78700855e-02,42110875,1.763,2026-08-22T13:19:40.957713+00:00
pennylane-lightning.qubit,0.45.1,brickwall,pauli_z_first_k,10,10,20,200,50,10000,1.25335447e-03,6.28773559e-05,2.69809271e-02,42110906,1.826,2026-08-22T13:19:42.788516+00:00
pennylane-lightning.qubit,0.45.1,brickwall,pauli_z_first_k,10,10,21,210,50,10500,1.17830686e-03,6.81959471e-05,2.61972877e-02,42110937,1.929,2026-08-22T13:19:44.721790+00:00
pennylane-lightning.qubit,0.45.1,brickwall,pauli_z_first_k,10,10,22,220,50,11000,1.16271040e-03,4.82986076e-05,2.64242447e-02,42110968,2.036,2026-08-22T13:19:46.762576+00:00
pennylane-lightning.qubit,0.45.1,brickwall,pauli_z_first_k,10,10,23,230,50,11500,1.06930048e-03,4.36756616e-05,2.52679252e-02,42110999,3.200,2026-08-22T13:19:49.966863+00:00
pennylane-lightning.qubit,0.45.1,brickwall,pauli_z_first_k,10,10,24,240,50,12000,1.13780220e-03,3.75496891e-05,2.62367350e-02,42111030,2.314,2026-08-22T13:19:52.286227+00:00
pennylane-lightning.qubit,0.45.1,brickwall,pauli_z_first_k,10,10,25,250,50,12500,1.12597515e-03,4.14501371e-05,2.60968159e-02,42111061,2.477,2026-08-22T13:19:54.768236+00:00
pennylane-lightning.qubit,0.45.1,brickwall,pauli_z_first_k,10,10,26,260,50,13000,1.18424481e-03,3.09712223e-05,2.67618380e-02,42111092,2.510,2026-08-22T13:19:57.283307+00:00
pennylane-lightning.qubit,0.45.1,brickwall,pauli_z_first_k,10,10,27,270,50,13500,1.12146904e-03,3.31285735e-05,2.61812361e-02,42111123,2.594,2026-08-22T13:19:59.881501+00:00
pennylane-lightning.qubit,0.45.1,brickwall,pauli_z_first_k,10,10,28,280,50,14000,1.12150680e-03,3.61230016e-05,2.62869592e-02,42111154,3.754,2026-08-22T13:20:03.639579+00:00
pennylane-lightning.qubit,0.45.1,brickwall,pauli_z_first_k,10,10,29,290,50,14500,1.07239446e-03,2.87461958e-05,2.55539975e-02,42111185,2.805,2026-08-22T13:20:06.448269+00:00
pennylane-lightning.qubit,0.45.1,brickwall,pauli_z_first_k,10,10,30,300,50,15000,1.14008538e-03,3.37929745e-05,2.64170816e-02,42111216,2.853,2026-08-22T13:20:09.306533+00:00
pennylane-lightning.qubit,0.45.1,brickwall,pauli_z_first_k,12,2,1,12,50,600,4.50687874e-02,4.25133062e-03,5.52840942e-02,42122259,0.236,2026-08-22T13:20:09.548086+00:00
pennylane-lightning.qubit,0.45.1,brickwall,pauli_z_first_k,12,2,2,24,50,1200,4.11822018e-02,3.65426899e-03,6.66924253e-02,42122290,0.340,2026-08-22T13:20:09.893486+00:00
pennylane-lightning.qubit,0.45.1,brickwall,pauli_z_first_k,12,2,3,36,50,1800,2.75193398e-02,2.26299805e-03,5.38165814e-02,42122321,0.455,2026-08-22T13:20:10.352742+00:00
pennylane-lightning.qubit,0.45.1,brickwall,pauli_z_first_k,12,2,4,48,50,2400,2.66626994e-02,1.75129435e-03,5.78478987e-02,42122352,0.521,2026-08-22T13:20:10.878472+00:00
pennylane-lightning.qubit,0.45.1,brickwall,pauli_z_first_k,12,2,5,60,50,3000,2.43521914e-02,1.59131154e-03,5.65503532e-02,42122383,0.655,2026-08-22T13:20:11.538510+00:00
pennylane-lightning.qubit,0.45.1,brickwall,pauli_z_first_k,12,2,6,72,50,3600,2.51435565e-02,1.53205765e-03,6.03669485e-02,42122414,0.733,2026-08-22T13:20:12.275932+00:00
pennylane-lightning.qubit,0.45.1,brickwall,pauli_z_first_k,12,2,7,84,50,4200,2.00613285e-02,1.13994884e-03,5.76933022e-02,42122445,1.053,2026-08-22T13:20:13.333090+00:00
pennylane-lightning.qubit,0.45.1,brickwall,pauli_z_first_k,12,2,8,96,50,4800,1.87959117e-02,1.21267471e-03,5.63542681e-02,42122476,1.521,2026-08-22T13:20:14.857696+00:00
pennylane-lightning.qubit,0.45.1,brickwall,pauli_z_first_k,12,2,9,108,50,5400,1.69236821e-02,7.50950370e-04,5.86618009e-02,42122507,1.812,2026-08-22T13:20:16.674088+00:00
pennylane-lightning.qubit,0.45.1,brickwall,pauli_z_first_k,12,2,10,120,50,6000,1.73614611e-02,9.44002719e-04,5.85260470e-02,42122538,1.132,2026-08-22T13:20:17.810240+00:00
pennylane-lightning.qubit,0.45.1,brickwall,pauli_z_first_k,12,2,11,132,50,6600,1.32149301e-02,9.88217146e-04,5.24889663e-02,42122569,1.473,2026-08-22T13:20:19.287656+00:00
pennylane-lightning.qubit,0.45.1,brickwall,pauli_z_first_k,12,2,12,144,50,7200,1.51856066e-02,7.59183900e-04,5.45094740e-02,42122600,1.356,2026-08-22T13:20:20.647244+00:00
pennylane-lightning.qubit,0.45.1,brickwall,pauli_z_first_k,12,2,13,156,50,7800,1.08906016e-02,4.76422108e-04,4.88205039e-02,42122631,1.682,2026-08-22T13:20:22.333732+00:00
pennylane-lightning.qubit,0.45.1,brickwall,pauli_z_first_k,12,2,14,168,50,8400,1.11559397e-02,5.28321021e-04,4.98115096e-02,42122662,1.774,2026-08-22T13:20:24.111227+00:00
pennylane-lightning.qubit,0.45.1,brickwall,pauli_z_first_k,12,2,15,180,50,9000,8.94166188e-03,4.41471190e-04,4.66511328e-02,42122693,1.838,2026-08-22T13:20:25.953953+00:00
pennylane-lightning.qubit,0.45.1,brickwall,pauli_z_first_k,12,2,16,192,50,9600,1.10518053e-02,7.30027256e-04,4.98136287e-02,42122724,2.484,2026-08-22T13:20:28.442697+00:00
pennylane-lightning.qubit,0.45.1,brickwall,pauli_z_first_k,12,2,17,204,50,10200,7.34903051e-03,3.83015050e-04,4.32112194e-02,42122755,2.799,2026-08-22T13:20:31.245670+00:00
pennylane-lightning.qubit,0.45.1,brickwall,pauli_z_first_k,12,2,18,216,50,10800,8.95459966e-03,7.13364168e-04,4.56273765e-02,42122786,2.166,2026-08-22T13:20:33.415815+00:00
pennylane-lightning.qubit,0.45.1,brickwall,pauli_z_first_k,12,2,19,228,50,11400,5.52890306e-03,2.97495504e-04,3.88482836e-02,42122817,2.284,2026-08-22T13:20:35.704290+00:00
pennylane-lightning.qubit,0.45.1,brickwall,pauli_z_first_k,12,2,20,240,50,12000,6.35250690e-03,3.80487515e-04,4.09202293e-02,42122848,2.395,2026-08-22T13:20:38.103850+00:00
pennylane-lightning.qubit,0.45.1,brickwall,pauli_z_first_k,12,2,21,252,50,12600,5.24236074e-03,3.52861667e-04,3.79112024e-02,42122879,3.388,2026-08-22T13:20:41.496890+00:00
pennylane-lightning.qubit,0.45.1,brickwall,pauli_z_first_k,12,2,22,264,50,13200,5.94269954e-03,2.80434368e-04,3.99399046e-02,42122910,3.213,2026-08-22T13:20:44.714554+00:00
pennylane-lightning.qubit,0.45.1,brickwall,pauli_z_first_k,12,2,23,276,50,13800,4.14913498e-03,2.00338700e-04,3.51443536e-02,42122941,2.941,2026-08-22T13:20:47.660454+00:00
pennylane-lightning.qubit,0.45.1,brickwall,pauli_z_first_k,12,2,24,288,50,14400,5.00655642e-03,3.24764808e-04,3.70298949e-02,42122972,3.026,2026-08-22T13:20:50.690666+00:00
pennylane-lightning.qubit,0.45.1,brickwall,pauli_z_first_k,12,2,25,300,50,15000,3.23203066e-03,1.92986563e-04,3.17799067e-02,42123003,3.672,2026-08-22T13:20:54.367695+00:00
pennylane-lightning.qubit,0.45.1,brickwall,pauli_z_first_k,12,2,26,312,50,15600,3.54844249e-03,1.69717656e-04,3.24497085e-02,42123034,3.884,2026-08-22T13:20:58.255975+00:00
pennylane-lightning.qubit,0.45.1,brickwall,pauli_z_first_k,12,2,27,324,50,16200,3.19499859e-03,2.40203647e-04,3.14968262e-02,42123065,3.308,2026-08-22T13:21:01.568505+00:00
pennylane-lightning.qubit,0.45.1,brickwall,pauli_z_first_k,12,2,28,336,50,16800,3.33580883e-03,2.13035180e-04,3.14234143e-02,42123096,3.263,2026-08-22T13:21:04.836211+00:00
pennylane-lightning.qubit,0.45.1,brickwall,pauli_z_first_k,12,2,29,348,50,17400,2.66107880e-03,1.85407735e-04,2.87212900e-02,42123127,4.845,2026-08-22T13:21:09.685983+00:00
pennylane-lightning.qubit,0.45.1,brickwall,pauli_z_first_k,12,2,30,360,50,18000,2.38071594e-03,1.34905422e-04,2.76234092e-02,42123158,3.911,2026-08-22T13:21:13.601790+00:00
pennylane-lightning.qubit,0.45.1,brickwall,pauli_z_first_k,12,3,1,12,50,600,4.22999144e-02,2.57554961e-03,6.84901387e-02,42123268,0.260,2026-08-22T13:21:13.867047+00:00
pennylane-lightning.qubit,0.45.1,brickwall,pauli_z_first_k,12,3,2,24,50,1200,2.58255942e-02,1.80267927e-03,5.78367466e-02,42123299,0.352,2026-08-22T13:21:14.223339+00:00
pennylane-lightning.qubit,0.45.1,brickwall,pauli_z_first_k,12,3,3,36,50,1800,2.77655961e-02,1.82864152e-03,5.99851117e-02,42123330,0.477,2026-08-22T13:21:14.704957+00:00
pennylane-lightning.qubit,0.45.1,brickwall,pauli_z_first_k,12,3,4,48,50,2400,2.34092942e-02,1.86735102e-03,6.06055514e-02,42123361,0.552,2026-08-22T13:21:15.260853+00:00
pennylane-lightning.qubit,0.45.1,brickwall,pauli_z_first_k,12,3,5,60,50,3000,2.22823731e-02,1.22122290e-03,5.72925133e-02,42123392,0.665,2026-08-22T13:21:15.929953+00:00
pennylane-lightning.qubit,0.45.1,brickwall,pauli_z_first_k,12,3,6,72,50,3600,1.79330751e-02,1.06629195e-03,5.94986455e-02,42123423,0.769,2026-08-22T13:21:16.703578+00:00
pennylane-lightning.qubit,0.45.1,brickwall,pauli_z_first_k,12,3,7,84,50,4200,1.82198528e-02,1.04540048e-03,5.71644010e-02,42123454,0.842,2026-08-22T13:21:17.550458+00:00
pennylane-lightning.qubit,0.45.1,brickwall,pauli_z_first_k,12,3,8,96,50,4800,1.47738953e-02,1.08633389e-03,5.71116581e-02,42123485,0.973,2026-08-22T13:21:18.528382+00:00
pennylane-lightning.qubit,0.45.1,brickwall,pauli_z_first_k,12,3,9,108,50,5400,1.39468369e-02,7.32479128e-04,5.43420980e-02,42123516,1.259,2026-08-22T13:21:19.792981+00:00
pennylane-lightning.qubit,0.45.1,brickwall,pauli_z_first_k,12,3,10,120,50,6000,1.15620057e-02,6.39558313e-04,5.31265900e-02,42123547,1.955,2026-08-22T13:21:21.753588+00:00
pennylane-lightning.qubit,0.45.1,brickwall,pauli_z_first_k,12,3,11,132,50,6600,1.03236096e-02,7.14091278e-04,4.84262198e-02,42123578,1.788,2026-08-22T13:21:23.548678+00:00
pennylane-lightning.qubit,0.45.1,brickwall,pauli_z_first_k,12,3,12,144,50,7200,9.53850893e-03,6.21117257e-04,4.87512874e-02,42123609,1.364,2026-08-22T13:21:24.917188+00:00
pennylane-lightning.qubit,0.45.1,brickwall,pauli_z_first_k,12,3,13,156,50,7800,8.83008782e-03,4.51512229e-04,4.74586182e-02,42123640,1.695,2026-08-22T13:21:26.616315+00:00
pennylane-lightning.qubit,0.45.1,brickwall,pauli_z_first_k,12,3,14,168,50,8400,8.02260042e-03,5.45119831e-04,4.59064201e-02,42123671,1.766,2026-08-22T13:21:28.386828+00:00
pennylane-lightning.qubit,0.45.1,brickwall,pauli_z_first_k,12,3,15,180,50,9000,8.00049043e-03,5.23546448e-04,4.49001459e-02,42123702,1.821,2026-08-22T13:21:30.212790+00:00
pennylane-lightning.qubit,0.45.1,brickwall,pauli_z_first_k,12,3,16,192,50,9600,6.25816748e-03,4.36124351e-04,4.14753296e-02,42123733,1.963,2026-08-22T13:21:32.179647+00:00
pennylane-lightning.qubit,0.45.1,brickwall,pauli_z_first_k,12,3,17,204,50,10200,7.01831127e-03,4.52693908e-04,4.34595541e-02,42123764,3.180,2026-08-22T13:21:35.364172+00:00
pennylane-lightning.qubit,0.45.1,brickwall,pauli_z_first_k,12,3,18,216,50,10800,6.08112963e-03,4.25761456e-04,4.18562986e-02,42123795,2.302,2026-08-22T13:21:37.670716+00:00
pennylane-lightning.qubit,0.45.1,brickwall,pauli_z_first_k,12,3,19,228,50,11400,5.20575035e-03,3.01782812e-04,3.85897721e-02,42123826,2.273,2026-08-22T13:21:39.947824+00:00
pennylane-lightning.qubit,0.45.1,brickwall,pauli_z_first_k,12,3,20,240,50,12000,3.97208572e-03,2.59528069e-04,3.50626024e-02,42123857,2.344,2026-08-22T13:21:42.295715+00:00
pennylane-lightning.qubit,0.45.1,brickwall,pauli_z_first_k,12,3,21,252,50,12600,4.21575854e-03,2.32309584e-04,3.55071067e-02,42123888,2.705,2026-08-22T13:21:45.005324+00:00
pennylane-lightning.qubit,0.45.1,brickwall,pauli_z_first_k,12,3,22,264,50,13200,3.45045221e-03,2.65543538e-04,3.30394912e-02,42123919,4.036,2026-08-22T13:21:49.045726+00:00
pennylane-lightning.qubit,0.45.1,brickwall,pauli_z_first_k,12,3,23,276,50,13800,3.64008306e-03,1.95292028e-04,3.35821329e-02,42123950,2.759,2026-08-22T13:21:51.809783+00:00
pennylane-lightning.qubit,0.45.1,brickwall,pauli_z_first_k,12,3,24,288,50,14400,2.85708581e-03,1.80694005e-04,3.11718404e-02,42123981,2.744,2026-08-22T13:21:54.557934+00:00
pennylane-lightning.qubit,0.45.1,brickwall,pauli_z_first_k,12,3,25,300,50,15000,2.58074714e-03,1.34791473e-04,2.95290000e-02,42124012,3.165,2026-08-22T13:21:57.727557+00:00
pennylane-lightning.qubit,0.45.1,brickwall,pauli_z_first_k,12,3,26,312,50,15600,2.21265901e-03,1.39211741e-04,2.79841905e-02,42124043,4.588,2026-08-22T13:22:02.321681+00:00
pennylane-lightning.qubit,0.45.1,brickwall,pauli_z_first_k,12,3,27,324,50,16200,2.61594854e-03,1.39891682e-04,2.96316889e-02,42124074,3.376,2026-08-22T13:22:05.703276+00:00
pennylane-lightning.qubit,0.45.1,brickwall,pauli_z_first_k,12,3,28,336,50,16800,2.02009945e-03,1.32721302e-04,2.68765172e-02,42124105,3.488,2026-08-22T13:22:09.196589+00:00
pennylane-lightning.qubit,0.45.1,brickwall,pauli_z_first_k,12,3,29,348,50,17400,1.94543293e-03,1.16114107e-04,2.61911145e-02,42124136,4.290,2026-08-22T13:22:13.491675+00:00
pennylane-lightning.qubit,0.45.1,brickwall,pauli_z_first_k,12,3,30,360,50,18000,1.59531968e-03,6.83433166e-05,2.46181061e-02,42124167,4.487,2026-08-22T13:22:17.982273+00:00
pennylane-lightning.qubit,0.45.1,brickwall,pauli_z_first_k,12,4,1,12,50,600,4.17778487e-02,2.67289141e-03,6.91901852e-02,42124277,0.265,2026-08-22T13:22:18.252519+00:00
pennylane-lightning.qubit,0.45.1,brickwall,pauli_z_first_k,12,4,2,24,50,1200,2.76167811e-02,2.44947214e-03,6.01282860e-02,42124308,0.367,2026-08-22T13:22:18.622976+00:00
pennylane-lightning.qubit,0.45.1,brickwall,pauli_z_first_k,12,4,3,36,50,1800,1.83725066e-02,1.46475136e-03,5.41341622e-02,42124339,0.468,2026-08-22T13:22:19.094590+00:00
pennylane-lightning.qubit,0.45.1,brickwall,pauli_z_first_k,12,4,4,48,50,2400,1.68833337e-02,1.39681262e-03,5.45679172e-02,42124370,0.570,2026-08-22T13:22:19.668137+00:00
pennylane-lightning.qubit,0.45.1,brickwall,pauli_z_first_k,12,4,5,60,50,3000,1.36634179e-02,1.07568119e-03,5.17831139e-02,42124401,0.634,2026-08-22T13:22:20.305956+00:00
pennylane-lightning.qubit,0.45.1,brickwall,pauli_z_first_k,12,4,6,72,50,3600,1.52755586e-02,1.12547617e-03,5.74941173e-02,42124432,0.703,2026-08-22T13:22:21.013496+00:00
pennylane-lightning.qubit,0.45.1,brickwall,pauli_z_first_k,12,4,7,84,50,4200,1.20089914e-02,7.93696532e-04,5.21677548e-02,42124463,0.880,2026-08-22T13:22:21.897715+00:00
pennylane-lightning.qubit,0.45.1,brickwall,pauli_z_first_k,12,4,8,96,50,4800,1.16673678e-02,1.04959812e-03,5.12769142e-02,42124494,0.906,2026-08-22T13:22:22.807202+00:00
pennylane-lightning.qubit,0.45.1,brickwall,pauli_z_first_k,12,4,9,108,50,5400,8.46913250e-03,6.53191658e-04,4.62783708e-02,42124525,0.990,2026-08-22T13:22:23.801507+00:00
pennylane-lightning.qubit,0.45.1,brickwall,pauli_z_first_k,12,4,10,120,50,6000,9.34333242e-03,6.31255926e-04,4.94262982e-02,42124556,1.241,2026-08-22T13:22:25.046171+00:00
pennylane-lightning.qubit,0.45.1,brickwall,pauli_z_first_k,12,4,11,132,50,6600,7.33818393e-03,5.57760315e-04,4.54013139e-02,42124587,1.952,2026-08-22T13:22:27.002850+00:00
pennylane-lightning.qubit,0.45.1,brickwall,pauli_z_first_k,12,4,12,144,50,7200,9.23273693e-03,6.14873284e-04,4.91016452e-02,42124618,2.266,2026-08-22T13:22:29.272435+00:00
pennylane-lightning.qubit,0.45.1,brickwall,pauli_z_first_k,12,4,13,156,50,7800,5.88803901e-03,4.18267014e-04,4.13254128e-02,42124649,1.473,2026-08-22T13:22:30.750362+00:00
pennylane-lightning.qubit,0.45.1,brickwall,pauli_z_first_k,12,4,14,168,50,8400,6.72012923e-03,4.83341759e-04,4.47376161e-02,42124680,1.776,2026-08-22T13:22:32.530927+00:00
pennylane-lightning.qubit,0.45.1,brickwall,pauli_z_first_k,12,4,15,180,50,9000,5.14198072e-03,3.07414632e-04,3.97495386e-02,42124711,1.883,2026-08-22T13:22:34.417970+00:00
pennylane-lightning.qubit,0.45.1,brickwall,pauli_z_first_k,12,4,16,192,50,9600,5.25344484e-03,3.18981773e-04,3.98024733e-02,42124742,1.986,2026-08-22T13:22:36.408618+00:00
pennylane-lightning.qubit,0.45.1,brickwall,pauli_z_first_k,12,4,17,204,50,10200,3.80998027e-03,2.00338827e-04,3.53727615e-02,42124773,2.067,2026-08-22T13:22:38.480341+00:00
pennylane-lightning.qubit,0.45.1,brickwall,pauli_z_first_k,12,4,18,216,50,10800,4.16050534e-03,3.04460946e-04,3.65740093e-02,42124804,3.371,2026-08-22T13:22:41.855734+00:00
pennylane-lightning.qubit,0.45.1,brickwall,pauli_z_first_k,12,4,19,228,50,11400,3.18200556e-03,2.59121590e-04,3.28705794e-02,42124835,2.270,2026-08-22T13:22:44.130782+00:00
pennylane-lightning.qubit,0.45.1,brickwall,pauli_z_first_k,12,4,20,240,50,12000,3.21910309e-03,1.71837684e-04,3.32388662e-02,42124866,2.417,2026-08-22T13:22:46.552834+00:00
pennylane-lightning.qubit,0.45.1,brickwall,pauli_z_first_k,12,4,21,252,50,12600,2.70411001e-03,1.70399470e-04,3.14317677e-02,42124897,2.616,2026-08-22T13:22:49.174021+00:00
pennylane-lightning.qubit,0.45.1,brickwall,pauli_z_first_k,12,4,22,264,50,13200,2.85496304e-03,1.99755561e-04,3.10742568e-02,42124928,2.961,2026-08-22T13:22:52.140126+00:00
pennylane-lightning.qubit,0.45.1,brickwall,pauli_z_first_k,12,4,23,276,50,13800,2.11681730e-03,1.27443128e-04,2.79612175e-02,42124959,4.057,2026-08-22T13:22:56.201216+00:00
pennylane-lightning.qubit,0.45.1,brickwall,pauli_z_first_k,12,4,24,288,50,14400,2.31383941e-03,1.56512682e-04,2.88232406e-02,42124990,2.770,2026-08-22T13:22:58.975701+00:00
pennylane-lightning.qubit,0.45.1,brickwall,pauli_z_first_k,12,4,25,300,50,15000,1.74168906e-03,9.52442934e-05,2.59463804e-02,42125021,3.140,2026-08-22T13:23:02.119814+00:00
pennylane-lightning.qubit,0.45.1,brickwall,pauli_z_first_k,12,4,26,312,50,15600,1.73571575e-03,9.59687784e-05,2.59521617e-02,42125052,3.471,2026-08-22T13:23:05.595315+00:00
pennylane-lightning.qubit,0.45.1,brickwall,pauli_z_first_k,12,4,27,324,50,16200,1.42939043e-03,1.06970233e-04,2.38213274e-02,42125083,4.360,2026-08-22T13:23:09.960002+00:00
pennylane-lightning.qubit,0.45.1,brickwall,pauli_z_first_k,12,4,28,336,50,16800,1.50337605e-03,9.30945145e-05,2.42810671e-02,42125114,3.409,2026-08-22T13:23:13.373244+00:00
pennylane-lightning.qubit,0.45.1,brickwall,pauli_z_first_k,12,4,29,348,50,17400,1.19496470e-03,1.20601502e-04,2.19691842e-02,42125145,3.750,2026-08-22T13:23:17.127474+00:00
pennylane-lightning.qubit,0.45.1,brickwall,pauli_z_first_k,12,4,30,360,50,18000,1.25846328e-03,6.96494074e-05,2.26098911e-02,42125176,4.780,2026-08-22T13:23:21.911554+00:00
pennylane-lightning.qubit,0.45.1,brickwall,pauli_z_first_k,12,5,1,12,50,600,3.09499519e-02,2.28106591e-03,6.57322058e-02,42125286,0.221,2026-08-22T13:23:22.136978+00:00
pennylane-lightning.qubit,0.45.1,brickwall,pauli_z_first_k,12,5,2,24,50,1200,1.76395413e-02,1.64253153e-03,5.14379400e-02,42125317,0.352,2026-08-22T13:23:22.492981+00:00
pennylane-lightning.qubit,0.45.1,brickwall,pauli_z_first_k,12,5,3,36,50,1800,1.76110714e-02,1.65864055e-03,5.42760367e-02,42125348,0.449,2026-08-22T13:23:22.945786+00:00
pennylane-lightning.qubit,0.45.1,brickwall,pauli_z_first_k,12,5,4,48,50,2400,7.98566129e-03,7.56249123e-04,4.00565368e-02,42125379,0.555,2026-08-22T13:23:23.504685+00:00
pennylane-lightning.qubit,0.45.1,brickwall,pauli_z_first_k,12,5,5,60,50,3000,1.05649559e-02,1.09017730e-03,4.57922334e-02,42125410,0.629,2026-08-22T13:23:24.137364+00:00
pennylane-lightning.qubit,0.45.1,brickwall,pauli_z_first_k,12,5,6,72,50,3600,8.34508903e-03,8.18942046e-04,4.62532771e-02,42125441,0.743,2026-08-22T13:23:24.884473+00:00
pennylane-lightning.qubit,0.45.1,brickwall,pauli_z_first_k,12,5,7,84,50,4200,1.00669387e-02,6.84070109e-04,4.99585884e-02,42125472,0.841,2026-08-22T13:23:25.729449+00:00
pennylane-lightning.qubit,0.45.1,brickwall,pauli_z_first_k,12,5,8,96,50,4800,5.76011343e-03,5.32441212e-04,4.03857126e-02,42125503,0.936,2026-08-22T13:23:26.669242+00:00
pennylane-lightning.qubit,0.45.1,brickwall,pauli_z_first_k,12,5,9,108,50,5400,7.44019962e-03,5.03315492e-04,4.54304821e-02,42125534,1.244,2026-08-22T13:23:27.917003+00:00
pennylane-lightning.qubit,0.45.1,brickwall,pauli_z_first_k,12,5,10,120,50,6000,4.45973890e-03,4.34446163e-04,3.64031304e-02,42125565,1.098,2026-08-22T13:23:29.019037+00:00
pennylane-lightning.qubit,0.45.1,brickwall,pauli_z_first_k,12,5,11,132,50,6600,5.71040680e-03,4.85557616e-04,4.01323759e-02,42125596,1.242,2026-08-22T13:23:30.264537+00:00
pennylane-lightning.qubit,0.45.1,brickwall,pauli_z_first_k,12,5,12,144,50,7200,4.00084618e-03,3.49498837e-04,3.63143186e-02,42125627,1.945,2026-08-22T13:23:32.213893+00:00
pennylane-lightning.qubit,0.45.1,brickwall,pauli_z_first_k,12,5,13,156,50,7800,4.22343424e-03,2.48288396e-04,3.65897869e-02,42125658,2.419,2026-08-22T13:23:34.636840+00:00
pennylane-lightning.qubit,0.45.1,brickwall,pauli_z_first_k,12,5,14,168,50,8400,3.37955441e-03,2.44529817e-04,3.49390290e-02,42125689,1.775,2026-08-22T13:23:36.415544+00:00
pennylane-lightning.qubit,0.45.1,brickwall,pauli_z_first_k,12,5,15,180,50,9000,3.41226508e-03,1.84992219e-04,3.45068547e-02,42125720,1.847,2026-08-22T13:23:38.266988+00:00
pennylane-lightning.qubit,0.45.1,brickwall,pauli_z_first_k,12,5,16,192,50,9600,2.86813549e-03,2.37451741e-04,3.19823757e-02,42125751,1.960,2026-08-22T13:23:40.231333+00:00
pennylane-lightning.qubit,0.45.1,brickwall,pauli_z_first_k,12,5,17,204,50,10200,3.27263713e-03,2.56971427e-04,3.39280813e-02,42125782,2.035,2026-08-22T13:23:42.269200+00:00
pennylane-lightning.qubit,0.45.1,brickwall,pauli_z_first_k,12,5,18,216,50,10800,2.03757923e-03,1.25198934e-04,2.82365276e-02,42125813,2.143,2026-08-22T13:23:44.420540+00:00
pennylane-lightning.qubit,0.45.1,brickwall,pauli_z_first_k,12,5,19,228,50,11400,2.45494017e-03,1.91036502e-04,3.01284408e-02,42125844,3.574,2026-08-22T13:23:47.997809+00:00
pennylane-lightning.qubit,0.45.1,brickwall,pauli_z_first_k,12,5,20,240,50,12000,1.89338721e-03,1.26011763e-04,2.71313629e-02,42125875,2.175,2026-08-22T13:23:50.177571+00:00
pennylane-lightning.qubit,0.45.1,brickwall,pauli_z_first_k,12,5,21,252,50,12600,2.09515520e-03,1.28616425e-04,2.76775429e-02,42125906,2.629,2026-08-22T13:23:52.811189+00:00
pennylane-lightning.qubit,0.45.1,brickwall,pauli_z_first_k,12,5,22,264,50,13200,1.34014153e-03,9.17167792e-05,2.35773736e-02,42125937,2.777,2026-08-22T13:23:55.592563+00:00
pennylane-lightning.qubit,0.45.1,brickwall,pauli_z_first_k,12,5,23,276,50,13800,1.61937345e-03,8.71263020e-05,2.55510891e-02,42125968,3.306,2026-08-22T13:23:58.903186+00:00
pennylane-lightning.qubit,0.45.1,brickwall,pauli_z_first_k,12,5,24,288,50,14400,1.29062096e-03,8.05557794e-05,2.34305705e-02,42125999,3.670,2026-08-22T13:24:02.577161+00:00
pennylane-lightning.qubit,0.45.1,brickwall,pauli_z_first_k,12,5,25,300,50,15000,1.47117946e-03,1.08827754e-04,2.44127578e-02,42126030,3.087,2026-08-22T13:24:05.669088+00:00
pennylane-lightning.qubit,0.45.1,brickwall,pauli_z_first_k,12,5,26,312,50,15600,1.04536960e-03,6.07592315e-05,2.13248472e-02,42126061,3.249,2026-08-22T13:24:08.922406+00:00
pennylane-lightning.qubit,0.45.1,brickwall,pauli_z_first_k,12,5,27,324,50,16200,1.01465633e-03,7.71566169e-05,2.08466464e-02,42126092,4.128,2026-08-22T13:24:13.054053+00:00
pennylane-lightning.qubit,0.45.1,brickwall,pauli_z_first_k,12,5,28,336,50,16800,8.81411849e-04,4.45890611e-05,2.02272906e-02,42126123,3.870,2026-08-22T13:24:16.928054+00:00
pennylane-lightning.qubit,0.45.1,brickwall,pauli_z_first_k,12,5,29,348,50,17400,1.03153426e-03,5.13917780e-05,2.11271600e-02,42126154,3.795,2026-08-22T13:24:20.727852+00:00
pennylane-lightning.qubit,0.45.1,brickwall,pauli_z_first_k,12,5,30,360,50,18000,8.03407541e-04,3.86445712e-05,1.94200983e-02,42126185,3.921,2026-08-22T13:24:24.653037+00:00
pennylane-lightning.qubit,0.45.1,brickwall,pauli_z_first_k,12,6,1,12,50,600,3.10743831e-02,2.47102716e-03,6.24047490e-02,42126295,0.393,2026-08-22T13:24:25.050701+00:00
pennylane-lightning.qubit,0.45.1,brickwall,pauli_z_first_k,12,6,2,24,50,1200,1.61847437e-02,2.18658206e-03,4.90921335e-02,42126326,0.568,2026-08-22T13:24:25.622769+00:00
pennylane-lightning.qubit,0.45.1,brickwall,pauli_z_first_k,12,6,3,36,50,1800,1.09768537e-02,1.36085801e-03,4.20022513e-02,42126357,0.740,2026-08-22T13:24:26.370918+00:00
pennylane-lightning.qubit,0.45.1,brickwall,pauli_z_first_k,12,6,4,48,50,2400,6.77489572e-03,8.30263145e-04,3.83552259e-02,42126388,0.921,2026-08-22T13:24:27.295014+00:00
pennylane-lightning.qubit,0.45.1,brickwall,pauli_z_first_k,12,6,5,60,50,3000,5.66629736e-03,6.66620757e-04,3.63813419e-02,42126419,0.661,2026-08-22T13:24:27.960501+00:00
pennylane-lightning.qubit,0.45.1,brickwall,pauli_z_first_k,12,6,6,72,50,3600,6.06456591e-03,6.25796732e-04,4.05647605e-02,42126450,0.748,2026-08-22T13:24:28.712889+00:00
pennylane-lightning.qubit,0.45.1,brickwall,pauli_z_first_k,12,6,7,84,50,4200,5.99400808e-03,5.24035165e-04,4.05132405e-02,42126481,0.891,2026-08-22T13:24:29.608112+00:00
pennylane-lightning.qubit,0.45.1,brickwall,pauli_z_first_k,12,6,8,96,50,4800,4.15952770e-03,3.80306385e-04,3.55924352e-02,42126512,1.202,2026-08-22T13:24:30.814209+00:00
pennylane-lightning.qubit,0.45.1,brickwall,pauli_z_first_k,12,6,9,108,50,5400,4.76117830e-03,6.57787557e-04,3.64323279e-02,42126543,1.136,2026-08-22T13:24:31.954245+00:00
pennylane-lightning.qubit,0.45.1,brickwall,pauli_z_first_k,12,6,10,120,50,6000,4.15158228e-03,3.69077386e-04,3.60862402e-02,42126574,1.193,2026-08-22T13:24:33.151588+00:00
pennylane-lightning.qubit,0.45.1,brickwall,pauli_z_first_k,12,6,11,132,50,6600,2.61498359e-03,2.51929408e-04,3.00262295e-02,42126605,1.482,2026-08-22T13:24:34.637175+00:00
pennylane-lightning.qubit,0.45.1,brickwall,pauli_z_first_k,12,6,12,144,50,7200,3.17071020e-03,2.94135482e-04,3.30458384e-02,42126636,1.397,2026-08-22T13:24:36.038452+00:00
pennylane-lightning.qubit,0.45.1,brickwall,pauli_z_first_k,12,6,13,156,50,7800,2.42557697e-03,1.71879421e-04,2.96304449e-02,42126667,1.954,2026-08-22T13:24:37.996770+00:00
pennylane-lightning.qubit,0.45.1,brickwall,pauli_z_first_k,12,6,14,168,50,8400,2.76058610e-03,2.22494388e-04,3.17138597e-02,42126698,2.641,2026-08-22T13:24:40.643659+00:00
pennylane-lightning.qubit,0.45.1,brickwall,pauli_z_first_k,12,6,15,180,50,9000,1.75821699e-03,1.41578586e-04,2.66785636e-02,42126729,2.126,2026-08-22T13:24:42.776716+00:00
pennylane-lightning.qubit,0.45.1,brickwall,pauli_z_first_k,12,6,16,192,50,9600,2.09821089e-03,1.49585864e-04,2.90851381e-02,42126760,1.819,2026-08-22T13:24:44.600715+00:00
pennylane-lightning.qubit,0.45.1,brickwall,pauli_z_first_k,12,6,17,204,50,10200,1.41481674e-03,9.90027691e-05,2.45249776e-02,42126791,2.119,2026-08-22T13:24:46.723948+00:00
pennylane-lightning.qubit,0.45.1,brickwall,pauli_z_first_k,12,6,18,216,50,10800,1.72546528e-03,1.56713499e-04,2.64173431e-02,42126822,2.188,2026-08-22T13:24:48.916763+00:00
pennylane-lightning.qubit,0.45.1,brickwall,pauli_z_first_k,12,6,19,228,50,11400,1.21880392e-03,8.48322736e-05,2.30994109e-02,42126853,2.832,2026-08-22T13:24:51.752836+00:00
pennylane-lightning.qubit,0.45.1,brickwall,pauli_z_first_k,12,6,20,240,50,12000,1.53439525e-03,1.12846014e-04,2.53155869e-02,42126884,3.191,2026-08-22T13:24:54.948209+00:00
pennylane-lightning.qubit,0.45.1,brickwall,pauli_z_first_k,12,6,21,252,50,12600,1.07254619e-03,9.33703920e-05,2.14848848e-02,42126915,2.752,2026-08-22T13:24:57.704227+00:00
pennylane-lightning.qubit,0.45.1,brickwall,pauli_z_first_k,12,6,22,264,50,13200,1.12737122e-03,7.15227614e-05,2.24428814e-02,42126946,2.890,2026-08-22T13:25:00.599510+00:00
pennylane-lightning.qubit,0.45.1,brickwall,pauli_z_first_k,12,6,23,276,50,13800,8.94222073e-04,5.21385698e-05,2.03584516e-02,42126977,3.048,2026-08-22T13:25:03.652182+00:00
pennylane-lightning.qubit,0.45.1,brickwall,pauli_z_first_k,12,6,24,288,50,14400,9.67304265e-04,6.69257691e-05,2.08760561e-02,42127008,4.413,2026-08-22T13:25:08.069992+00:00
pennylane-lightning.qubit,0.45.1,brickwall,pauli_z_first_k,12,6,25,300,50,15000,7.77442533e-04,6.02162887e-05,1.90852058e-02,42127039,3.006,2026-08-22T13:25:11.080028+00:00
pennylane-lightning.qubit,0.45.1,brickwall,pauli_z_first_k,12,6,26,312,50,15600,8.00885425e-04,4.26368994e-05,1.94896174e-02,42127070,3.291,2026-08-22T13:25:14.374989+00:00
pennylane-lightning.qubit,0.45.1,brickwall,pauli_z_first_k,12,6,27,324,50,16200,6.05349060e-04,4.11766945e-05,1.70862002e-02,42127101,3.901,2026-08-22T13:25:18.280638+00:00
pennylane-lightning.qubit,0.45.1,brickwall,pauli_z_first_k,12,6,28,336,50,16800,7.62716685e-04,4.78869381e-05,1.90808801e-02,42127132,4.280,2026-08-22T13:25:22.565732+00:00
pennylane-lightning.qubit,0.45.1,brickwall,pauli_z_first_k,12,6,29,348,50,17400,5.79456990e-04,3.07090518e-05,1.69036900e-02,42127163,3.823,2026-08-22T13:25:26.393762+00:00
pennylane-lightning.qubit,0.45.1,brickwall,pauli_z_first_k,12,6,30,360,50,18000,5.93048977e-04,3.30757131e-05,1.70180214e-02,42127194,3.678,2026-08-22T13:25:30.076570+00:00
pennylane-lightning.qubit,0.45.1,brickwall,pauli_z_first_k,12,8,1,12,50,600,2.19463235e-02,2.32937252e-03,5.84692838e-02,42128313,0.296,2026-08-22T13:25:30.377959+00:00
pennylane-lightning.qubit,0.45.1,brickwall,pauli_z_first_k,12,8,2,24,50,1200,8.38012372e-03,1.21037229e-03,3.76397910e-02,42128344,0.612,2026-08-22T13:25:30.995010+00:00
pennylane-lightning.qubit,0.45.1,brickwall,pauli_z_first_k,12,8,3,36,50,1800,3.92814022e-03,5.77350749e-04,2.66581050e-02,42128375,0.745,2026-08-22T13:25:31.744781+00:00
pennylane-lightning.qubit,0.45.1,brickwall,pauli_z_first_k,12,8,4,48,50,2400,3.68405391e-03,6.24255611e-04,2.81065448e-02,42128406,0.925,2026-08-22T13:25:32.673249+00:00
pennylane-lightning.qubit,0.45.1,brickwall,pauli_z_first_k,12,8,5,60,50,3000,2.80841783e-03,4.16382265e-04,2.68500125e-02,42128437,1.013,2026-08-22T13:25:33.693621+00:00
pennylane-lightning.qubit,0.45.1,brickwall,pauli_z_first_k,12,8,6,72,50,3600,2.58932593e-03,3.78110919e-04,2.68152087e-02,42128468,0.761,2026-08-22T13:25:34.459322+00:00
pennylane-lightning.qubit,0.45.1,brickwall,pauli_z_first_k,12,8,7,84,50,4200,2.30478314e-03,2.93475425e-04,2.60982399e-02,42128499,0.868,2026-08-22T13:25:35.331488+00:00
pennylane-lightning.qubit,0.45.1,brickwall,pauli_z_first_k,12,8,8,96,50,4800,2.50960395e-03,2.64365106e-04,2.96629890e-02,42128530,1.202,2026-08-22T13:25:36.538374+00:00
pennylane-lightning.qubit,0.45.1,brickwall,pauli_z_first_k,12,8,9,108,50,5400,1.61474886e-03,2.19408639e-04,2.42760752e-02,42128561,1.089,2026-08-22T13:25:37.632006+00:00
pennylane-lightning.qubit,0.45.1,brickwall,pauli_z_first_k,12,8,10,120,50,6000,1.80606283e-03,2.23031386e-04,2.57466088e-02,42128592,1.175,2026-08-22T13:25:38.811439+00:00
pennylane-lightning.qubit,0.45.1,brickwall,pauli_z_first_k,12,8,11,132,50,6600,1.18536383e-03,1.15672528e-04,2.21789854e-02,42128623,1.494,2026-08-22T13:25:40.310396+00:00
pennylane-lightning.qubit,0.45.1,brickwall,pauli_z_first_k,12,8,12,144,50,7200,1.39955936e-03,1.35948929e-04,2.40010817e-02,42128654,1.420,2026-08-22T13:25:41.735086+00:00
pennylane-lightning.qubit,0.45.1,brickwall,pauli_z_first_k,12,8,13,156,50,7800,8.30861855e-04,6.68883367e-05,1.92716342e-02,42128685,1.736,2026-08-22T13:25:43.475647+00:00
pennylane-lightning.qubit,0.45.1,brickwall,pauli_z_first_k,12,8,14,168,50,8400,1.11995496e-03,1.39565537e-04,2.14990676e-02,42128716,3.077,2026-08-22T13:25:46.557534+00:00
pennylane-lightning.qubit,0.45.1,brickwall,pauli_z_first_k,12,8,15,180,50,9000,7.39543702e-04,6.04934193e-05,1.85221683e-02,42128747,1.832,2026-08-22T13:25:48.396265+00:00
pennylane-lightning.qubit,0.45.1,brickwall,pauli_z_first_k,12,8,16,192,50,9600,8.06376639e-04,5.54479678e-05,1.94222931e-02,42128778,2.041,2026-08-22T13:25:50.442012+00:00
pennylane-lightning.qubit,0.45.1,brickwall,pauli_z_first_k,12,8,17,204,50,10200,5.94736762e-04,4.52379710e-05,1.72739616e-02,42128809,2.357,2026-08-22T13:25:52.803904+00:00
pennylane-lightning.qubit,0.45.1,brickwall,pauli_z_first_k,12,8,18,216,50,10800,7.57664955e-04,5.41069805e-05,1.91042059e-02,42128840,2.133,2026-08-22T13:25:54.940693+00:00
pennylane-lightning.qubit,0.45.1,brickwall,pauli_z_first_k,12,8,19,228,50,11400,5.62051663e-04,3.78142156e-05,1.68398474e-02,42128871,2.824,2026-08-22T13:25:57.769037+00:00
pennylane-lightning.qubit,0.45.1,brickwall,pauli_z_first_k,12,8,20,240,50,12000,5.86686814e-04,4.15324916e-05,1.74358061e-02,42128902,3.391,2026-08-22T13:26:01.165519+00:00
pennylane-lightning.qubit,0.45.1,brickwall,pauli_z_first_k,12,8,21,252,50,12600,4.95262461e-04,3.72186750e-05,1.61073138e-02,42128933,2.522,2026-08-22T13:26:03.691324+00:00
pennylane-lightning.qubit,0.45.1,brickwall,pauli_z_first_k,12,8,22,264,50,13200,4.94923172e-04,2.61657041e-05,1.61356744e-02,42128964,2.893,2026-08-22T13:26:06.589025+00:00
pennylane-lightning.qubit,0.45.1,brickwall,pauli_z_first_k,12,8,23,276,50,13800,4.29742396e-04,1.80669994e-05,1.54521679e-02,42128995,3.004,2026-08-22T13:26:09.597017+00:00
pennylane-lightning.qubit,0.45.1,brickwall,pauli_z_first_k,12,8,24,288,50,14400,4.78066084e-04,2.43256360e-05,1.59402170e-02,42129026,4.312,2026-08-22T13:26:13.913529+00:00
pennylane-lightning.qubit,0.45.1,brickwall,pauli_z_first_k,12,8,25,300,50,15000,3.91169976e-04,2.16302032e-05,1.46339428e-02,42129057,3.234,2026-08-22T13:26:17.152241+00:00
pennylane-lightning.qubit,0.45.1,brickwall,pauli_z_first_k,12,8,26,312,50,15600,4.37436515e-04,2.69221147e-05,1.53728432e-02,42129088,3.333,2026-08-22T13:26:20.489506+00:00
pennylane-lightning.qubit,0.45.1,brickwall,pauli_z_first_k,12,8,27,324,50,16200,3.54570046e-04,1.29038934e-05,1.42550723e-02,42129119,3.963,2026-08-22T13:26:24.457414+00:00
pennylane-lightning.qubit,0.45.1,brickwall,pauli_z_first_k,12,8,28,336,50,16800,4.16098676e-04,1.54874765e-05,1.51998926e-02,42129150,4.522,2026-08-22T13:26:28.984917+00:00
pennylane-lightning.qubit,0.45.1,brickwall,pauli_z_first_k,12,8,29,348,50,17400,3.59101899e-04,1.24970476e-05,1.43011033e-02,42129181,3.757,2026-08-22T13:26:32.747317+00:00
pennylane-lightning.qubit,0.45.1,brickwall,pauli_z_first_k,12,8,30,360,50,18000,3.90382730e-04,1.48368908e-05,1.48764106e-02,42129212,3.690,2026-08-22T13:26:36.441441+00:00
pennylane-lightning.qubit,0.45.1,brickwall,pauli_z_first_k,12,10,1,12,50,600,1.20998934e-02,1.70389096e-03,4.49185215e-02,42130331,0.425,2026-08-22T13:26:36.874631+00:00
pennylane-lightning.qubit,0.45.1,brickwall,pauli_z_first_k,12,10,2,24,50,1200,3.18937322e-03,8.30689459e-04,2.10256131e-02,42130362,0.577,2026-08-22T13:26:37.455208+00:00
pennylane-lightning.qubit,0.45.1,brickwall,pauli_z_first_k,12,10,3,36,50,1800,1.86130684e-03,3.98220426e-04,1.91208726e-02,42130393,0.740,2026-08-22T13:26:38.201144+00:00
pennylane-lightning.qubit,0.45.1,brickwall,pauli_z_first_k,12,10,4,48,50,2400,1.20956738e-03,2.85013048e-04,1.69253536e-02,42130424,0.918,2026-08-22T13:26:39.123014+00:00
pennylane-lightning.qubit,0.45.1,brickwall,pauli_z_first_k,12,10,5,60,50,3000,9.92130758e-04,2.28358706e-04,1.51470776e-02,42130455,0.916,2026-08-22T13:26:40.044243+00:00
pennylane-lightning.qubit,0.45.1,brickwall,pauli_z_first_k,12,10,6,72,50,3600,1.11655116e-03,2.34061637e-04,1.74462756e-02,42130486,0.777,2026-08-22T13:26:40.825654+00:00
pennylane-lightning.qubit,0.45.1,brickwall,pauli_z_first_k,12,10,7,84,50,4200,1.20604712e-03,2.65160285e-04,1.77402228e-02,42130517,1.099,2026-08-22T13:26:41.928712+00:00
pennylane-lightning.qubit,0.45.1,brickwall,pauli_z_first_k,12,10,8,96,50,4800,1.03790659e-03,1.40258064e-04,2.01205511e-02,42130548,0.965,2026-08-22T13:26:42.898226+00:00
pennylane-lightning.qubit,0.45.1,brickwall,pauli_z_first_k,12,10,9,108,50,5400,7.53254031e-04,9.01819000e-05,1.70125068e-02,42130579,1.097,2026-08-22T13:26:44.000475+00:00
pennylane-lightning.qubit,0.45.1,brickwall,pauli_z_first_k,12,10,10,120,50,6000,7.99784733e-04,9.69492725e-05,1.79212400e-02,42130610,1.102,2026-08-22T13:26:45.106910+00:00
pennylane-lightning.qubit,0.45.1,brickwall,pauli_z_first_k,12,10,11,132,50,6600,7.19639502e-04,9.11576952e-05,1.76823377e-02,42130641,1.541,2026-08-22T13:26:46.652577+00:00
pennylane-lightning.qubit,0.45.1,brickwall,pauli_z_first_k,12,10,12,144,50,7200,6.00095739e-04,6.42220945e-05,1.69866746e-02,42130672,1.329,2026-08-22T13:26:47.985607+00:00
pennylane-lightning.qubit,0.45.1,brickwall,pauli_z_first_k,12,10,13,156,50,7800,5.33867499e-04,6.74985055e-05,1.55302579e-02,42130703,1.544,2026-08-22T13:26:49.534493+00:00
pennylane-lightning.qubit,0.45.1,brickwall,pauli_z_first_k,12,10,14,168,50,8400,5.40201833e-04,4.12016562e-05,1.63794168e-02,42130734,2.996,2026-08-22T13:26:52.534069+00:00
pennylane-lightning.qubit,0.45.1,brickwall,pauli_z_first_k,12,10,15,180,50,9000,4.90969278e-04,4.45993434e-05,1.59847724e-02,42130765,1.873,2026-08-22T13:26:54.414064+00:00
pennylane-lightning.qubit,0.45.1,brickwall,pauli_z_first_k,12,10,16,192,50,9600,4.17679262e-04,2.72513250e-05,1.49367470e-02,42130796,1.937,2026-08-22T13:26:56.355877+00:00
pennylane-lightning.qubit,0.45.1,brickwall,pauli_z_first_k,12,10,17,204,50,10200,4.44907968e-04,2.73894365e-05,1.53559143e-02,42130827,1.898,2026-08-22T13:26:58.258521+00:00
pennylane-lightning.qubit,0.45.1,brickwall,pauli_z_first_k,12,10,18,216,50,10800,4.14337033e-04,3.37473738e-05,1.50841690e-02,42130858,2.053,2026-08-22T13:27:00.315522+00:00
pennylane-lightning.qubit,0.45.1,brickwall,pauli_z_first_k,12,10,19,228,50,11400,4.01026200e-04,3.14636941e-05,1.47514707e-02,42130889,2.172,2026-08-22T13:27:02.491394+00:00
pennylane-lightning.qubit,0.45.1,brickwall,pauli_z_first_k,12,10,20,240,50,12000,4.18763998e-04,3.00057574e-05,1.53768189e-02,42130920,3.852,2026-08-22T13:27:06.348089+00:00
pennylane-lightning.qubit,0.45.1,brickwall,pauli_z_first_k,12,10,21,252,50,12600,3.69717023e-04,1.86650283e-05,1.45082501e-02,42130951,2.809,2026-08-22T13:27:09.160921+00:00
pennylane-lightning.qubit,0.45.1,brickwall,pauli_z_first_k,12,10,22,264,50,13200,3.56326338e-04,1.55626220e-05,1.42937431e-02,42130982,2.801,2026-08-22T13:27:11.967108+00:00
pennylane-lightning.qubit,0.45.1,brickwall,pauli_z_first_k,12,10,23,276,50,13800,3.27504525e-04,1.77896806e-05,1.37283372e-02,42131013,3.033,2026-08-22T13:27:15.004307+00:00
pennylane-lightning.qubit,0.45.1,brickwall,pauli_z_first_k,12,10,24,288,50,14400,3.22342258e-04,1.18635856e-05,1.36961603e-02,42131044,4.353,2026-08-22T13:27:19.362038+00:00
pennylane-lightning.qubit,0.45.1,brickwall,pauli_z_first_k,12,10,25,300,50,15000,3.14976301e-04,1.20161071e-05,1.36984278e-02,42131075,3.203,2026-08-22T13:27:22.570419+00:00
pennylane-lightning.qubit,0.45.1,brickwall,pauli_z_first_k,12,10,26,312,50,15600,3.17522023e-04,1.16404084e-05,1.37790182e-02,42131106,3.063,2026-08-22T13:27:25.637279+00:00
pennylane-lightning.qubit,0.45.1,brickwall,pauli_z_first_k,12,10,27,324,50,16200,2.96507892e-04,9.96768834e-06,1.33336476e-02,42131137,3.363,2026-08-22T13:27:29.005279+00:00
pennylane-lightning.qubit,0.45.1,brickwall,pauli_z_first_k,12,10,28,336,50,16800,2.87003244e-04,8.13398904e-06,1.32461357e-02,42131168,4.945,2026-08-22T13:27:33.954341+00:00
pennylane-lightning.qubit,0.45.1,brickwall,pauli_z_first_k,12,10,29,348,50,17400,2.93634281e-04,9.69930144e-06,1.33302883e-02,42131199,3.572,2026-08-22T13:27:37.529836+00:00
pennylane-lightning.qubit,0.45.1,brickwall,pauli_z_first_k,12,10,30,360,50,18000,2.78364032e-04,6.94420906e-06,1.29535260e-02,42131230,3.683,2026-08-22T13:27:41.217148+00:00
pennylane-lightning.qubit,0.45.1,brickwall,pauli_z_first_k,12,12,1,12,50,600,1.00523922e-02,1.93898382e-03,3.89870944e-02,42132349,0.267,2026-08-22T13:27:41.489758+00:00
pennylane-lightning.qubit,0.45.1,brickwall,pauli_z_first_k,12,12,2,24,50,1200,1.07917923e-03,2.73316345e-04,1.36938702e-02,42132380,0.395,2026-08-22T13:27:41.888505+00:00
pennylane-lightning.qubit,0.45.1,brickwall,pauli_z_first_k,12,12,3,36,50,1800,1.36347860e-03,4.71978516e-04,1.43410192e-02,42132411,0.474,2026-08-22T13:27:42.366532+00:00
pennylane-lightning.qubit,0.45.1,brickwall,pauli_z_first_k,12,12,4,48,50,2400,7.57643174e-04,1.74264778e-04,1.29699502e-02,42132442,0.854,2026-08-22T13:27:43.224255+00:00
pennylane-lightning.qubit,0.45.1,brickwall,pauli_z_first_k,12,12,5,60,50,3000,9.68925278e-04,3.59249054e-04,1.45297559e-02,42132473,1.082,2026-08-22T13:27:44.312842+00:00
pennylane-lightning.qubit,0.45.1,brickwall,pauli_z_first_k,12,12,6,72,50,3600,6.11180857e-04,1.14154488e-04,1.42413111e-02,42132504,1.302,2026-08-22T13:27:45.619256+00:00
pennylane-lightning.qubit,0.45.1,brickwall,pauli_z_first_k,12,12,7,84,50,4200,5.74982664e-04,7.05986353e-05,1.41526490e-02,42132535,0.986,2026-08-22T13:27:46.609063+00:00
pennylane-lightning.qubit,0.45.1,brickwall,pauli_z_first_k,12,12,8,96,50,4800,5.69591736e-04,7.58666206e-05,1.52349675e-02,42132566,1.207,2026-08-22T13:27:47.820267+00:00
pennylane-lightning.qubit,0.45.1,brickwall,pauli_z_first_k,12,12,9,108,50,5400,7.27606389e-04,1.57257203e-04,1.60502165e-02,42132597,1.098,2026-08-22T13:27:48.923028+00:00
pennylane-lightning.qubit,0.45.1,brickwall,pauli_z_first_k,12,12,10,120,50,6000,4.93542824e-04,8.20209624e-05,1.43575849e-02,42132628,1.188,2026-08-22T13:27:50.115267+00:00
pennylane-lightning.qubit,0.45.1,brickwall,pauli_z_first_k,12,12,11,132,50,6600,6.10372487e-04,7.87819681e-05,1.66271497e-02,42132659,1.578,2026-08-22T13:27:51.697630+00:00
pennylane-lightning.qubit,0.45.1,brickwall,pauli_z_first_k,12,12,12,144,50,7200,5.01701245e-04,4.76627850e-05,1.51885505e-02,42132690,1.450,2026-08-22T13:27:53.153114+00:00
pennylane-lightning.qubit,0.45.1,brickwall,pauli_z_first_k,12,12,13,156,50,7800,4.87397790e-04,4.21867692e-05,1.56695946e-02,42132721,1.716,2026-08-22T13:27:54.872993+00:00
pennylane-lightning.qubit,0.45.1,brickwall,pauli_z_first_k,12,12,14,168,50,8400,3.93488083e-04,3.00833837e-05,1.44298978e-02,42132752,2.011,2026-08-22T13:27:56.888273+00:00
pennylane-lightning.qubit,0.45.1,brickwall,pauli_z_first_k,12,12,15,180,50,9000,3.73478510e-04,2.68629286e-05,1.39827908e-02,42132783,2.809,2026-08-22T13:27:59.701438+00:00
pennylane-lightning.qubit,0.45.1,brickwall,pauli_z_first_k,12,12,16,192,50,9600,3.73436292e-04,2.74469649e-05,1.43575234e-02,42132814,1.959,2026-08-22T13:28:01.665014+00:00
pennylane-lightning.qubit,0.45.1,brickwall,pauli_z_first_k,12,12,17,204,50,10200,3.67628712e-04,2.22854596e-05,1.42940734e-02,42132845,2.142,2026-08-22T13:28:03.811240+00:00
pennylane-lightning.qubit,0.45.1,brickwall,pauli_z_first_k,12,12,18,216,50,10800,3.48294393e-04,2.17231000e-05,1.41606391e-02,42132876,2.248,2026-08-22T13:28:06.063130+00:00
pennylane-lightning.qubit,0.45.1,brickwall,pauli_z_first_k,12,12,19,228,50,11400,3.46419072e-04,1.83298450e-05,1.40803327e-02,42132907,2.353,2026-08-22T13:28:08.421291+00:00
pennylane-lightning.qubit,0.45.1,brickwall,pauli_z_first_k,12,12,20,240,50,12000,3.33376469e-04,1.84829131e-05,1.38846423e-02,42132938,3.716,2026-08-22T13:28:12.141940+00:00
pennylane-lightning.qubit,0.45.1,brickwall,pauli_z_first_k,12,12,21,252,50,12600,3.35197769e-04,2.41463276e-05,1.38154604e-02,42132969,2.805,2026-08-22T13:28:14.951564+00:00
pennylane-lightning.qubit,0.45.1,brickwall,pauli_z_first_k,12,12,22,264,50,13200,3.12968880e-04,2.17655122e-05,1.34068572e-02,42133000,2.899,2026-08-22T13:28:17.855489+00:00
pennylane-lightning.qubit,0.45.1,brickwall,pauli_z_first_k,12,12,23,276,50,13800,3.27302300e-04,1.46882228e-05,1.38493945e-02,42133031,2.952,2026-08-22T13:28:20.812207+00:00
pennylane-lightning.qubit,0.45.1,brickwall,pauli_z_first_k,12,12,24,288,50,14400,2.84954440e-04,1.19510042e-05,1.30909128e-02,42133062,3.753,2026-08-22T13:28:24.569878+00:00
pennylane-lightning.qubit,0.45.1,brickwall,pauli_z_first_k,12,12,25,300,50,15000,2.93872273e-04,1.00706066e-05,1.33367397e-02,42133093,3.577,2026-08-22T13:28:28.151214+00:00
pennylane-lightning.qubit,0.45.1,brickwall,pauli_z_first_k,12,12,26,312,50,15600,2.87152872e-04,1.15530476e-05,1.31799405e-02,42133124,3.271,2026-08-22T13:28:31.426522+00:00
pennylane-lightning.qubit,0.45.1,brickwall,pauli_z_first_k,12,12,27,324,50,16200,2.90951936e-04,9.54490397e-06,1.33189576e-02,42133155,3.482,2026-08-22T13:28:34.913883+00:00
pennylane-lightning.qubit,0.45.1,brickwall,pauli_z_first_k,12,12,28,336,50,16800,2.83465548e-04,7.98786759e-06,1.31507397e-02,42133186,4.798,2026-08-22T13:28:39.716723+00:00
pennylane-lightning.qubit,0.45.1,brickwall,pauli_z_first_k,12,12,29,348,50,17400,3.00147309e-04,9.17178153e-06,1.34690029e-02,42133217,3.847,2026-08-22T13:28:43.567507+00:00
pennylane-lightning.qubit,0.45.1,brickwall,pauli_z_first_k,12,12,30,360,50,18000,2.77492941e-04,6.52298869e-06,1.30095980e-02,42133248,3.689,2026-08-22T13:28:47.261417+00:00
pennylane-lightning.qubit,0.45.1,brickwall,pauli_z_first_k,14,2,1,14,50,700,3.38010620e-02,3.43103721e-03,4.38501877e-02,42142273,0.373,2026-08-22T13:28:47.639897+00:00
pennylane-lightning.qubit,0.45.1,brickwall,pauli_z_first_k,14,2,2,28,50,1400,3.37006857e-02,2.13961453e-03,5.70075901e-02,42142304,0.497,2026-08-22T13:28:48.141904+00:00
pennylane-lightning.qubit,0.45.1,brickwall,pauli_z_first_k,14,2,3,42,50,2100,2.46115870e-02,1.77596508e-03,4.74999885e-02,42142335,0.768,2026-08-22T13:28:48.914265+00:00
pennylane-lightning.qubit,0.45.1,brickwall,pauli_z_first_k,14,2,4,56,50,2800,2.47853040e-02,1.88727486e-03,5.07802424e-02,42142366,1.332,2026-08-22T13:28:50.252951+00:00
pennylane-lightning.qubit,0.45.1,brickwall,pauli_z_first_k,14,2,5,70,50,3500,2.10832101e-02,1.53300732e-03,4.91203114e-02,42142397,1.656,2026-08-22T13:28:51.916833+00:00
pennylane-lightning.qubit,0.45.1,brickwall,pauli_z_first_k,14,2,6,84,50,4200,2.05547558e-02,1.53336706e-03,5.08346889e-02,42142428,1.192,2026-08-22T13:28:53.113999+00:00
pennylane-lightning.qubit,0.45.1,brickwall,pauli_z_first_k,14,2,7,98,50,4900,1.69909346e-02,8.72989660e-04,4.96088787e-02,42142459,1.533,2026-08-22T13:28:54.651732+00:00
pennylane-lightning.qubit,0.45.1,brickwall,pauli_z_first_k,14,2,8,112,50,5600,1.82070685e-02,9.49144645e-04,5.20395212e-02,42142490,1.492,2026-08-22T13:28:56.147877+00:00
pennylane-lightning.qubit,0.45.1,brickwall,pauli_z_first_k,14,2,9,126,50,6300,1.38396291e-02,7.26606940e-04,4.92443802e-02,42142521,1.661,2026-08-22T13:28:57.814250+00:00
pennylane-lightning.qubit,0.45.1,brickwall,pauli_z_first_k,14,2,10,140,50,7000,1.56981480e-02,1.03841572e-03,4.99047421e-02,42142552,2.031,2026-08-22T13:28:59.850300+00:00
pennylane-lightning.qubit,0.45.1,brickwall,pauli_z_first_k,14,2,11,154,50,7700,1.22036403e-02,7.56199289e-04,4.62002364e-02,42142583,1.954,2026-08-22T13:29:01.808361+00:00
pennylane-lightning.qubit,0.45.1,brickwall,pauli_z_first_k,14,2,12,168,50,8400,1.13450336e-02,6.41972045e-04,4.40568653e-02,42142614,3.666,2026-08-22T13:29:05.479248+00:00
pennylane-lightning.qubit,0.45.1,brickwall,pauli_z_first_k,14,2,13,182,50,9100,8.45869200e-03,5.23858288e-04,4.07469433e-02,42142645,2.542,2026-08-22T13:29:08.025690+00:00
pennylane-lightning.qubit,0.45.1,brickwall,pauli_z_first_k,14,2,14,196,50,9800,9.82830859e-03,4.47447905e-04,4.28988729e-02,42142676,2.715,2026-08-22T13:29:10.745684+00:00
pennylane-lightning.qubit,0.45.1,brickwall,pauli_z_first_k,14,2,15,210,50,10500,8.35847090e-03,4.76797749e-04,4.08700916e-02,42142707,2.832,2026-08-22T13:29:13.582111+00:00
pennylane-lightning.qubit,0.45.1,brickwall,pauli_z_first_k,14,2,16,224,50,11200,8.21483328e-03,4.28612548e-04,3.99029988e-02,42142738,3.924,2026-08-22T13:29:17.510271+00:00
pennylane-lightning.qubit,0.45.1,brickwall,pauli_z_first_k,14,2,17,238,50,11900,6.46017611e-03,3.33688323e-04,3.76599516e-02,42142769,3.563,2026-08-22T13:29:21.077816+00:00
pennylane-lightning.qubit,0.45.1,brickwall,pauli_z_first_k,14,2,18,252,50,12600,7.38397622e-03,5.09404043e-04,3.83629318e-02,42142800,3.527,2026-08-22T13:29:24.609069+00:00
pennylane-lightning.qubit,0.45.1,brickwall,pauli_z_first_k,14,2,19,266,50,13300,5.58480212e-03,4.10998952e-04,3.50600776e-02,42142831,3.652,2026-08-22T13:29:28.265422+00:00
pennylane-lightning.qubit,0.45.1,brickwall,pauli_z_first_k,14,2,20,280,50,14000,5.66600255e-03,3.72381211e-04,3.54009269e-02,42142862,5.156,2026-08-22T13:29:33.426629+00:00
pennylane-lightning.qubit,0.45.1,brickwall,pauli_z_first_k,14,2,21,294,50,14700,4.27850058e-03,2.17270360e-04,3.25921157e-02,42142893,4.051,2026-08-22T13:29:37.482707+00:00
pennylane-lightning.qubit,0.45.1,brickwall,pauli_z_first_k,14,2,22,308,50,15400,4.52087666e-03,2.66563030e-04,3.24206822e-02,42142924,3.791,2026-08-22T13:29:41.277853+00:00
pennylane-lightning.qubit,0.45.1,brickwall,pauli_z_first_k,14,2,23,322,50,16100,3.28454971e-03,1.71742646e-04,2.90673885e-02,42142955,5.769,2026-08-22T13:29:47.051850+00:00
pennylane-lightning.qubit,0.45.1,brickwall,pauli_z_first_k,14,2,24,336,50,16800,3.97810206e-03,2.13646705e-04,3.01524488e-02,42142986,4.718,2026-08-22T13:29:51.774157+00:00
pennylane-lightning.qubit,0.45.1,brickwall,pauli_z_first_k,14,2,25,350,50,17500,2.79515262e-03,1.58405367e-04,2.71551739e-02,42143017,5.337,2026-08-22T13:29:57.116293+00:00
pennylane-lightning.qubit,0.45.1,brickwall,pauli_z_first_k,14,2,26,364,50,18200,3.22335690e-03,2.16288083e-04,2.79288592e-02,42143048,5.291,2026-08-22T13:30:02.411203+00:00
pennylane-lightning.qubit,0.45.1,brickwall,pauli_z_first_k,14,2,27,378,50,18900,2.38275080e-03,1.61849360e-04,2.52807888e-02,42143079,4.961,2026-08-22T13:30:07.377052+00:00
pennylane-lightning.qubit,0.45.1,brickwall,pauli_z_first_k,14,2,28,392,50,19600,2.47945173e-03,1.32318692e-04,2.50625658e-02,42143110,6.617,2026-08-22T13:30:13.998408+00:00
pennylane-lightning.qubit,0.45.1,brickwall,pauli_z_first_k,14,2,29,406,50,20300,1.88142220e-03,1.30405109e-04,2.29398499e-02,42143141,5.484,2026-08-22T13:30:19.486492+00:00
pennylane-lightning.qubit,0.45.1,brickwall,pauli_z_first_k,14,2,30,420,50,21000,2.11362095e-03,1.20320064e-04,2.39231981e-02,42143172,6.890,2026-08-22T13:30:26.381599+00:00
pennylane-lightning.qubit,0.45.1,brickwall,pauli_z_first_k,14,3,1,14,50,700,3.62817720e-02,2.70509818e-03,5.99013067e-02,42143282,0.340,2026-08-22T13:30:26.726125+00:00
pennylane-lightning.qubit,0.45.1,brickwall,pauli_z_first_k,14,3,2,28,50,1400,2.22188389e-02,1.82950746e-03,4.92925454e-02,42143313,0.489,2026-08-22T13:30:27.220065+00:00
pennylane-lightning.qubit,0.45.1,brickwall,pauli_z_first_k,14,3,3,42,50,2100,2.43155668e-02,1.86723096e-03,5.17811241e-02,42143344,0.631,2026-08-22T13:30:27.855285+00:00
pennylane-lightning.qubit,0.45.1,brickwall,pauli_z_first_k,14,3,4,56,50,2800,1.82019719e-02,1.61459707e-03,5.04089050e-02,42143375,0.792,2026-08-22T13:30:28.652452+00:00
pennylane-lightning.qubit,0.45.1,brickwall,pauli_z_first_k,14,3,5,70,50,3500,2.02716993e-02,1.47855392e-03,5.33743433e-02,42143406,0.961,2026-08-22T13:30:29.618399+00:00
pennylane-lightning.qubit,0.45.1,brickwall,pauli_z_first_k,14,3,6,84,50,4200,1.69201135e-02,1.23255984e-03,5.18624476e-02,42143437,1.087,2026-08-22T13:30:30.709409+00:00
pennylane-lightning.qubit,0.45.1,brickwall,pauli_z_first_k,14,3,7,98,50,4900,1.63962999e-02,9.24008676e-04,5.05923859e-02,42143468,1.281,2026-08-22T13:30:31.994626+00:00
pennylane-lightning.qubit,0.45.1,brickwall,pauli_z_first_k,14,3,8,112,50,5600,1.23808048e-02,9.57837340e-04,4.65614216e-02,42143499,1.433,2026-08-22T13:30:33.432320+00:00
pennylane-lightning.qubit,0.45.1,brickwall,pauli_z_first_k,14,3,9,126,50,6300,1.15691973e-02,7.41841834e-04,4.51232770e-02,42143530,2.131,2026-08-22T13:30:35.568214+00:00
pennylane-lightning.qubit,0.45.1,brickwall,pauli_z_first_k,14,3,10,140,50,7000,9.62620906e-03,6.89315501e-04,4.39554228e-02,42143561,2.783,2026-08-22T13:30:38.355790+00:00
pennylane-lightning.qubit,0.45.1,brickwall,pauli_z_first_k,14,3,11,154,50,7700,9.35427855e-03,5.21647220e-04,4.30118807e-02,42143592,2.163,2026-08-22T13:30:40.523211+00:00
pennylane-lightning.qubit,0.45.1,brickwall,pauli_z_first_k,14,3,12,168,50,8400,7.59829933e-03,3.52386676e-04,4.11628618e-02,42143623,2.161,2026-08-22T13:30:42.688806+00:00
pennylane-lightning.qubit,0.45.1,brickwall,pauli_z_first_k,14,3,13,182,50,9100,8.70199640e-03,5.06755266e-04,4.30718009e-02,42143654,2.425,2026-08-22T13:30:45.118597+00:00
pennylane-lightning.qubit,0.45.1,brickwall,pauli_z_first_k,14,3,14,196,50,9800,5.84254513e-03,3.19922931e-04,3.80077685e-02,42143685,2.578,2026-08-22T13:30:47.700867+00:00
pennylane-lightning.qubit,0.45.1,brickwall,pauli_z_first_k,14,3,15,210,50,10500,5.92590855e-03,3.00033732e-04,3.73985745e-02,42143716,3.993,2026-08-22T13:30:51.698381+00:00
pennylane-lightning.qubit,0.45.1,brickwall,pauli_z_first_k,14,3,16,224,50,11200,5.01016579e-03,2.69540955e-04,3.57416219e-02,42143747,2.893,2026-08-22T13:30:54.596104+00:00
pennylane-lightning.qubit,0.45.1,brickwall,pauli_z_first_k,14,3,17,238,50,11900,5.63202157e-03,3.49051222e-04,3.64127098e-02,42143778,2.914,2026-08-22T13:30:57.513900+00:00
pennylane-lightning.qubit,0.45.1,brickwall,pauli_z_first_k,14,3,18,252,50,12600,4.37209224e-03,2.92323402e-04,3.36806244e-02,42143809,3.367,2026-08-22T13:31:00.885964+00:00
pennylane-lightning.qubit,0.45.1,brickwall,pauli_z_first_k,14,3,19,266,50,13300,4.39887792e-03,3.06183258e-04,3.30722353e-02,42143840,4.980,2026-08-22T13:31:05.870261+00:00
pennylane-lightning.qubit,0.45.1,brickwall,pauli_z_first_k,14,3,20,280,50,14000,3.57032816e-03,2.06307656e-04,3.12857172e-02,42143871,3.584,2026-08-22T13:31:09.458913+00:00
pennylane-lightning.qubit,0.45.1,brickwall,pauli_z_first_k,14,3,21,294,50,14700,3.68289604e-03,2.27675348e-04,3.09692685e-02,42143902,3.708,2026-08-22T13:31:13.170516+00:00
pennylane-lightning.qubit,0.45.1,brickwall,pauli_z_first_k,14,3,22,308,50,15400,2.98778488e-03,2.50215722e-04,2.86886190e-02,42143933,5.349,2026-08-22T13:31:18.524144+00:00
pennylane-lightning.qubit,0.45.1,brickwall,pauli_z_first_k,14,3,23,322,50,16100,2.97382440e-03,2.00693526e-04,2.82191673e-02,42143964,4.229,2026-08-22T13:31:22.757270+00:00
pennylane-lightning.qubit,0.45.1,brickwall,pauli_z_first_k,14,3,24,336,50,16800,2.48800551e-03,1.92285184e-04,2.66753612e-02,42143995,4.370,2026-08-22T13:31:27.131193+00:00
pennylane-lightning.qubit,0.45.1,brickwall,pauli_z_first_k,14,3,25,350,50,17500,2.45279942e-03,1.71932286e-04,2.58719200e-02,42144026,6.050,2026-08-22T13:31:33.186473+00:00
pennylane-lightning.qubit,0.45.1,brickwall,pauli_z_first_k,14,3,26,364,50,18200,2.04982558e-03,1.27993638e-04,2.47898211e-02,42144057,4.634,2026-08-22T13:31:37.825914+00:00
pennylane-lightning.qubit,0.45.1,brickwall,pauli_z_first_k,14,3,27,378,50,18900,1.89430463e-03,1.07400618e-04,2.35076553e-02,42144088,6.162,2026-08-22T13:31:43.991968+00:00
pennylane-lightning.qubit,0.45.1,brickwall,pauli_z_first_k,14,3,28,392,50,19600,1.40146461e-03,8.11203373e-05,2.09556810e-02,42144119,5.074,2026-08-22T13:31:49.070701+00:00
pennylane-lightning.qubit,0.45.1,brickwall,pauli_z_first_k,14,3,29,406,50,20300,1.70361497e-03,9.60921798e-05,2.25126305e-02,42144150,5.332,2026-08-22T13:31:54.407085+00:00
pennylane-lightning.qubit,0.45.1,brickwall,pauli_z_first_k,14,3,30,420,50,21000,1.36003696e-03,9.59098230e-05,2.05089902e-02,42144181,6.610,2026-08-22T13:32:01.021617+00:00
pennylane-lightning.qubit,0.45.1,brickwall,pauli_z_first_k,14,4,1,14,50,700,3.88293313e-02,2.24556628e-03,6.11026769e-02,42144291,0.346,2026-08-22T13:32:01.373842+00:00
pennylane-lightning.qubit,0.45.1,brickwall,pauli_z_first_k,14,4,2,28,50,1400,2.48549377e-02,1.86575549e-03,5.72747018e-02,42144322,0.478,2026-08-22T13:32:01.855749+00:00
pennylane-lightning.qubit,0.45.1,brickwall,pauli_z_first_k,14,4,3,42,50,2100,1.51117273e-02,9.97438767e-04,4.59077293e-02,42144353,0.618,2026-08-22T13:32:02.478543+00:00
pennylane-lightning.qubit,0.45.1,brickwall,pauli_z_first_k,14,4,4,56,50,2800,1.56367189e-02,1.05126002e-03,5.12713393e-02,42144384,1.008,2026-08-22T13:32:03.490535+00:00
pennylane-lightning.qubit,0.45.1,brickwall,pauli_z_first_k,14,4,5,70,50,3500,1.03748594e-02,8.07079466e-04,4.10911933e-02,42144415,0.989,2026-08-22T13:32:04.485424+00:00
pennylane-lightning.qubit,0.45.1,brickwall,pauli_z_first_k,14,4,6,84,50,4200,1.29142940e-02,1.12938406e-03,4.73779505e-02,42144446,1.087,2026-08-22T13:32:05.576596+00:00
pennylane-lightning.qubit,0.45.1,brickwall,pauli_z_first_k,14,4,7,98,50,4900,9.15989610e-03,6.55127087e-04,4.22318929e-02,42144477,1.306,2026-08-22T13:32:06.887953+00:00
pennylane-lightning.qubit,0.45.1,brickwall,pauli_z_first_k,14,4,8,112,50,5600,9.53441507e-03,6.31179076e-04,4.24314862e-02,42144508,2.178,2026-08-22T13:32:09.070295+00:00
pennylane-lightning.qubit,0.45.1,brickwall,pauli_z_first_k,14,4,9,126,50,6300,6.85717289e-03,4.20149666e-04,3.87557059e-02,42144539,2.288,2026-08-22T13:32:11.362513+00:00
pennylane-lightning.qubit,0.45.1,brickwall,pauli_z_first_k,14,4,10,140,50,7000,8.13075043e-03,4.69750405e-04,4.32459715e-02,42144570,1.714,2026-08-22T13:32:13.081425+00:00
pennylane-lightning.qubit,0.45.1,brickwall,pauli_z_first_k,14,4,11,154,50,7700,6.15960962e-03,4.54218978e-04,3.82295230e-02,42144601,2.014,2026-08-22T13:32:15.099368+00:00
pennylane-lightning.qubit,0.45.1,brickwall,pauli_z_first_k,14,4,12,168,50,8400,6.60540353e-03,5.13207127e-04,3.97683318e-02,42144632,2.046,2026-08-22T13:32:17.149245+00:00
pennylane-lightning.qubit,0.45.1,brickwall,pauli_z_first_k,14,4,13,182,50,9100,4.66032040e-03,3.61946433e-04,3.48165952e-02,42144663,2.322,2026-08-22T13:32:19.477542+00:00
pennylane-lightning.qubit,0.45.1,brickwall,pauli_z_first_k,14,4,14,196,50,9800,5.80445710e-03,3.34608126e-04,3.85953154e-02,42144694,3.703,2026-08-22T13:32:23.185650+00:00
pennylane-lightning.qubit,0.45.1,brickwall,pauli_z_first_k,14,4,15,210,50,10500,3.98928685e-03,3.40960406e-04,3.24319037e-02,42144725,2.916,2026-08-22T13:32:26.108519+00:00
pennylane-lightning.qubit,0.45.1,brickwall,pauli_z_first_k,14,4,16,224,50,11200,4.13959301e-03,2.33548926e-04,3.38874093e-02,42144756,2.962,2026-08-22T13:32:29.074670+00:00
pennylane-lightning.qubit,0.45.1,brickwall,pauli_z_first_k,14,4,17,238,50,11900,3.57587487e-03,2.31907526e-04,3.15885856e-02,42144787,2.985,2026-08-22T13:32:32.065094+00:00
pennylane-lightning.qubit,0.45.1,brickwall,pauli_z_first_k,14,4,18,252,50,12600,3.51238330e-03,1.70044902e-04,3.12695887e-02,42144818,4.499,2026-08-22T13:32:36.568661+00:00
pennylane-lightning.qubit,0.45.1,brickwall,pauli_z_first_k,14,4,19,266,50,13300,2.50318916e-03,1.87438217e-04,2.73910973e-02,42144849,3.458,2026-08-22T13:32:40.030836+00:00
pennylane-lightning.qubit,0.45.1,brickwall,pauli_z_first_k,14,4,20,280,50,14000,2.76647857e-03,1.94127953e-04,2.80612854e-02,42144880,3.535,2026-08-22T13:32:43.571641+00:00
pennylane-lightning.qubit,0.45.1,brickwall,pauli_z_first_k,14,4,21,294,50,14700,1.77160033e-03,1.00753157e-04,2.38149583e-02,42144911,4.244,2026-08-22T13:32:47.819894+00:00
pennylane-lightning.qubit,0.45.1,brickwall,pauli_z_first_k,14,4,22,308,50,15400,2.35667616e-03,1.54166756e-04,2.64216435e-02,42144942,4.796,2026-08-22T13:32:52.619520+00:00
pennylane-lightning.qubit,0.45.1,brickwall,pauli_z_first_k,14,4,23,322,50,16100,1.87524569e-03,1.20504675e-04,2.42843751e-02,42144973,4.017,2026-08-22T13:32:56.640779+00:00
pennylane-lightning.qubit,0.45.1,brickwall,pauli_z_first_k,14,4,24,336,50,16800,1.91552176e-03,1.22475951e-04,2.44690809e-02,42145004,5.203,2026-08-22T13:33:01.848467+00:00
pennylane-lightning.qubit,0.45.1,brickwall,pauli_z_first_k,14,4,25,350,50,17500,1.40169596e-03,8.98141030e-05,2.12992305e-02,42145035,5.144,2026-08-22T13:33:06.995942+00:00
pennylane-lightning.qubit,0.45.1,brickwall,pauli_z_first_k,14,4,26,364,50,18200,1.49589167e-03,7.97109116e-05,2.22154305e-02,42145066,4.716,2026-08-22T13:33:11.716474+00:00
pennylane-lightning.qubit,0.45.1,brickwall,pauli_z_first_k,14,4,27,378,50,18900,1.11812537e-03,7.22651967e-05,1.95254891e-02,42145097,6.225,2026-08-22T13:33:17.945551+00:00
pennylane-lightning.qubit,0.45.1,brickwall,pauli_z_first_k,14,4,28,392,50,19600,1.35744006e-03,7.15438847e-05,2.10076025e-02,42145128,5.316,2026-08-22T13:33:23.265423+00:00
pennylane-lightning.qubit,0.45.1,brickwall,pauli_z_first_k,14,4,29,406,50,20300,9.11178300e-04,5.63675602e-05,1.76448701e-02,42145159,6.855,2026-08-22T13:33:30.124955+00:00
pennylane-lightning.qubit,0.45.1,brickwall,pauli_z_first_k,14,4,30,420,50,21000,1.09748374e-03,6.67035967e-05,1.89664104e-02,42145190,5.605,2026-08-22T13:33:35.734097+00:00
pennylane-lightning.qubit,0.45.1,brickwall,pauli_z_first_k,14,5,1,14,50,700,2.62161509e-02,2.35830184e-03,5.62247275e-02,42145300,0.325,2026-08-22T13:33:36.064477+00:00
pennylane-lightning.qubit,0.45.1,brickwall,pauli_z_first_k,14,5,2,28,50,1400,1.51370751e-02,1.99376786e-03,4.09726057e-02,42145331,0.518,2026-08-22T13:33:36.586968+00:00
pennylane-lightning.qubit,0.45.1,brickwall,pauli_z_first_k,14,5,3,42,50,2100,1.30700177e-02,1.39778187e-03,4.27115100e-02,42145362,0.640,2026-08-22T13:33:37.231225+00:00
pennylane-lightning.qubit,0.45.1,brickwall,pauli_z_first_k,14,5,4,56,50,2800,7.50413880e-03,7.25237345e-04,3.65084849e-02,42145393,0.830,2026-08-22T13:33:38.064011+00:00
pennylane-lightning.qubit,0.45.1,brickwall,pauli_z_first_k,14,5,5,70,50,3500,1.09225963e-02,8.34484531e-04,4.48481647e-02,42145424,0.982,2026-08-22T13:33:39.050464+00:00
pennylane-lightning.qubit,0.45.1,brickwall,pauli_z_first_k,14,5,6,84,50,4200,7.25329770e-03,6.56967300e-04,3.90152442e-02,42145455,1.665,2026-08-22T13:33:40.719993+00:00
pennylane-lightning.qubit,0.45.1,brickwall,pauli_z_first_k,14,5,7,98,50,4900,9.77471515e-03,7.78825084e-04,4.48311938e-02,42145486,2.175,2026-08-22T13:33:42.899560+00:00
pennylane-lightning.qubit,0.45.1,brickwall,pauli_z_first_k,14,5,8,112,50,5600,5.21053667e-03,4.85318691e-04,3.50922349e-02,42145517,1.479,2026-08-22T13:33:44.383631+00:00
pennylane-lightning.qubit,0.45.1,brickwall,pauli_z_first_k,14,5,9,126,50,6300,6.29562855e-03,5.00109847e-04,3.91098740e-02,42145548,1.896,2026-08-22T13:33:46.283888+00:00
pennylane-lightning.qubit,0.45.1,brickwall,pauli_z_first_k,14,5,10,140,50,7000,4.51912249e-03,4.47123728e-04,3.38167651e-02,42145579,1.800,2026-08-22T13:33:48.088374+00:00
pennylane-lightning.qubit,0.45.1,brickwall,pauli_z_first_k,14,5,11,154,50,7700,5.13241189e-03,3.53631126e-04,3.64173352e-02,42145610,2.173,2026-08-22T13:33:50.266441+00:00
pennylane-lightning.qubit,0.45.1,brickwall,pauli_z_first_k,14,5,12,168,50,8400,2.99076203e-03,2.37427751e-04,2.89111580e-02,42145641,2.283,2026-08-22T13:33:52.553766+00:00
pennylane-lightning.qubit,0.45.1,brickwall,pauli_z_first_k,14,5,13,182,50,9100,4.12899749e-03,3.19177273e-04,3.31593770e-02,42145672,3.793,2026-08-22T13:33:56.350166+00:00
pennylane-lightning.qubit,0.45.1,brickwall,pauli_z_first_k,14,5,14,196,50,9800,2.85325111e-03,2.24091173e-04,2.88836947e-02,42145703,2.643,2026-08-22T13:33:58.996772+00:00
pennylane-lightning.qubit,0.45.1,brickwall,pauli_z_first_k,14,5,15,210,50,10500,2.89413774e-03,1.94746702e-04,2.89516717e-02,42145734,2.747,2026-08-22T13:34:01.748668+00:00
pennylane-lightning.qubit,0.45.1,brickwall,pauli_z_first_k,14,5,16,224,50,11200,2.36754399e-03,1.80589205e-04,2.71792006e-02,42145765,2.674,2026-08-22T13:34:04.427434+00:00
pennylane-lightning.qubit,0.45.1,brickwall,pauli_z_first_k,14,5,17,238,50,11900,3.03581759e-03,2.79344343e-04,2.94949404e-02,42145796,4.429,2026-08-22T13:34:08.861037+00:00
pennylane-lightning.qubit,0.45.1,brickwall,pauli_z_first_k,14,5,18,252,50,12600,1.75297148e-03,1.26672881e-04,2.41932895e-02,42145827,3.333,2026-08-22T13:34:12.198695+00:00
pennylane-lightning.qubit,0.45.1,brickwall,pauli_z_first_k,14,5,19,266,50,13300,2.04176022e-03,1.32219470e-04,2.52173168e-02,42145858,3.659,2026-08-22T13:34:15.861892+00:00
pennylane-lightning.qubit,0.45.1,brickwall,pauli_z_first_k,14,5,20,280,50,14000,1.62423575e-03,1.12669255e-04,2.33157867e-02,42145889,4.096,2026-08-22T13:34:19.962733+00:00
pennylane-lightning.qubit,0.45.1,brickwall,pauli_z_first_k,14,5,21,294,50,14700,1.79977793e-03,1.15114733e-04,2.42229515e-02,42145920,4.877,2026-08-22T13:34:24.843500+00:00
pennylane-lightning.qubit,0.45.1,brickwall,pauli_z_first_k,14,5,22,308,50,15400,1.18861015e-03,8.35515441e-05,2.06736026e-02,42145951,4.059,2026-08-22T13:34:28.906304+00:00
pennylane-lightning.qubit,0.45.1,brickwall,pauli_z_first_k,14,5,23,322,50,16100,1.39604274e-03,1.11184455e-04,2.13847116e-02,42145982,4.658,2026-08-22T13:34:33.569115+00:00
pennylane-lightning.qubit,0.45.1,brickwall,pauli_z_first_k,14,5,24,336,50,16800,9.62060476e-04,7.11645836e-05,1.86206940e-02,42146013,5.330,2026-08-22T13:34:38.902970+00:00
pennylane-lightning.qubit,0.45.1,brickwall,pauli_z_first_k,14,5,25,350,50,17500,1.14518723e-03,7.77609197e-05,1.98155335e-02,42146044,4.603,2026-08-22T13:34:43.510051+00:00
pennylane-lightning.qubit,0.45.1,brickwall,pauli_z_first_k,14,5,26,364,50,18200,8.86945717e-04,6.86905987e-05,1.82233448e-02,42146075,6.023,2026-08-22T13:34:49.537434+00:00
pennylane-lightning.qubit,0.45.1,brickwall,pauli_z_first_k,14,5,27,378,50,18900,9.51305054e-04,7.00093689e-05,1.82224752e-02,42146106,5.143,2026-08-22T13:34:54.684425+00:00
pennylane-lightning.qubit,0.45.1,brickwall,pauli_z_first_k,14,5,28,392,50,19600,6.26978429e-04,3.51153502e-05,1.55363104e-02,42146137,5.725,2026-08-22T13:35:00.416901+00:00
pennylane-lightning.qubit,0.45.1,brickwall,pauli_z_first_k,14,5,29,406,50,20300,7.31243804e-04,4.93356145e-05,1.62726493e-02,42146168,6.198,2026-08-22T13:35:06.621130+00:00
pennylane-lightning.qubit,0.45.1,brickwall,pauli_z_first_k,14,5,30,420,50,21000,6.02947789e-04,4.74336449e-05,1.50849784e-02,42146199,5.707,2026-08-22T13:35:12.332620+00:00
pennylane-lightning.qubit,0.45.1,brickwall,pauli_z_first_k,14,6,1,14,50,700,2.95639461e-02,2.44109687e-03,5.84682761e-02,42146309,0.529,2026-08-22T13:35:12.866645+00:00
pennylane-lightning.qubit,0.45.1,brickwall,pauli_z_first_k,14,6,2,28,50,1400,8.84467141e-03,9.50471933e-04,3.67729686e-02,42146340,0.825,2026-08-22T13:35:13.696164+00:00
pennylane-lightning.qubit,0.45.1,brickwall,pauli_z_first_k,14,6,3,42,50,2100,7.74519709e-03,9.72029502e-04,3.41880473e-02,42146371,1.075,2026-08-22T13:35:14.774630+00:00
pennylane-lightning.qubit,0.45.1,brickwall,pauli_z_first_k,14,6,4,56,50,2800,7.74768973e-03,7.02766378e-04,3.98677399e-02,42146402,1.126,2026-08-22T13:35:15.905006+00:00
pennylane-lightning.qubit,0.45.1,brickwall,pauli_z_first_k,14,6,5,70,50,3500,4.82591455e-03,6.62645065e-04,3.08163993e-02,42146433,1.019,2026-08-22T13:35:16.929009+00:00
pennylane-lightning.qubit,0.45.1,brickwall,pauli_z_first_k,14,6,6,84,50,4200,4.43154848e-03,5.05124468e-04,3.11031976e-02,42146464,1.176,2026-08-22T13:35:18.109407+00:00
pennylane-lightning.qubit,0.45.1,brickwall,pauli_z_first_k,14,6,7,98,50,4900,3.66947765e-03,3.12375367e-04,2.97246960e-02,42146495,1.552,2026-08-22T13:35:19.665839+00:00
pennylane-lightning.qubit,0.45.1,brickwall,pauli_z_first_k,14,6,8,112,50,5600,4.25982328e-03,4.53619549e-04,3.22988981e-02,42146526,1.460,2026-08-22T13:35:21.130058+00:00
pennylane-lightning.qubit,0.45.1,brickwall,pauli_z_first_k,14,6,9,126,50,6300,3.47943940e-03,2.70539360e-04,3.08796266e-02,42146557,1.628,2026-08-22T13:35:22.761612+00:00
pennylane-lightning.qubit,0.45.1,brickwall,pauli_z_first_k,14,6,10,140,50,7000,3.32519068e-03,2.04604341e-04,3.12431628e-02,42146588,2.036,2026-08-22T13:35:24.802802+00:00
pennylane-lightning.qubit,0.45.1,brickwall,pauli_z_first_k,14,6,11,154,50,7700,2.77149089e-03,2.29023220e-04,2.89672054e-02,42146619,2.961,2026-08-22T13:35:27.772436+00:00
pennylane-lightning.qubit,0.45.1,brickwall,pauli_z_first_k,14,6,12,168,50,8400,2.35266919e-03,2.50141039e-04,2.68936003e-02,42146650,2.750,2026-08-22T13:35:30.526847+00:00
pennylane-lightning.qubit,0.45.1,brickwall,pauli_z_first_k,14,6,13,182,50,9100,1.92931666e-03,1.58672452e-04,2.50330372e-02,42146681,2.544,2026-08-22T13:35:33.075302+00:00
pennylane-lightning.qubit,0.45.1,brickwall,pauli_z_first_k,14,6,14,196,50,9800,2.33075439e-03,1.55026670e-04,2.72801919e-02,42146712,2.633,2026-08-22T13:35:35.713878+00:00
pennylane-lightning.qubit,0.45.1,brickwall,pauli_z_first_k,14,6,15,210,50,10500,1.52223488e-03,1.58419741e-04,2.20460501e-02,42146743,2.845,2026-08-22T13:35:38.562626+00:00
pennylane-lightning.qubit,0.45.1,brickwall,pauli_z_first_k,14,6,16,224,50,11200,1.74478963e-03,1.41785805e-04,2.39207142e-02,42146774,4.362,2026-08-22T13:35:42.929997+00:00
pennylane-lightning.qubit,0.45.1,brickwall,pauli_z_first_k,14,6,17,238,50,11900,1.46050905e-03,1.21195113e-04,2.22314270e-02,42146805,3.156,2026-08-22T13:35:46.091162+00:00
pennylane-lightning.qubit,0.45.1,brickwall,pauli_z_first_k,14,6,18,252,50,12600,1.48647794e-03,1.35358258e-04,2.26402069e-02,42146836,3.589,2026-08-22T13:35:49.684871+00:00
pennylane-lightning.qubit,0.45.1,brickwall,pauli_z_first_k,14,6,19,266,50,13300,9.98347028e-04,7.02046327e-05,1.90376043e-02,42146867,4.880,2026-08-22T13:35:54.570441+00:00
pennylane-lightning.qubit,0.45.1,brickwall,pauli_z_first_k,14,6,20,280,50,14000,1.14162588e-03,7.45824020e-05,2.01991115e-02,42146898,4.012,2026-08-22T13:35:58.586997+00:00
pennylane-lightning.qubit,0.45.1,brickwall,pauli_z_first_k,14,6,21,294,50,14700,8.33249698e-04,7.84601049e-05,1.75439406e-02,42146929,3.859,2026-08-22T13:36:02.450972+00:00
pennylane-lightning.qubit,0.45.1,brickwall,pauli_z_first_k,14,6,22,308,50,15400,1.02279600e-03,7.12942684e-05,1.94022323e-02,42146960,5.179,2026-08-22T13:36:07.634338+00:00
pennylane-lightning.qubit,0.45.1,brickwall,pauli_z_first_k,14,6,23,322,50,16100,6.54676852e-04,5.99434288e-05,1.58355578e-02,42146991,4.726,2026-08-22T13:36:12.364918+00:00
pennylane-lightning.qubit,0.45.1,brickwall,pauli_z_first_k,14,6,24,336,50,16800,8.24402388e-04,7.34143905e-05,1.73264068e-02,42147022,4.796,2026-08-22T13:36:17.166669+00:00
pennylane-lightning.qubit,0.45.1,brickwall,pauli_z_first_k,14,6,25,350,50,17500,5.74137223e-04,5.25942216e-05,1.50341976e-02,42147053,6.017,2026-08-22T13:36:23.188590+00:00
pennylane-lightning.qubit,0.45.1,brickwall,pauli_z_first_k,14,6,26,364,50,18200,6.63848142e-04,4.48154070e-05,1.61265535e-02,42147084,4.962,2026-08-22T13:36:28.156655+00:00
pennylane-lightning.qubit,0.45.1,brickwall,pauli_z_first_k,14,6,27,378,50,18900,4.73697891e-04,3.72278950e-05,1.39091649e-02,42147115,5.613,2026-08-22T13:36:33.775015+00:00
pennylane-lightning.qubit,0.45.1,brickwall,pauli_z_first_k,14,6,28,392,50,19600,4.80265820e-04,3.02383240e-05,1.39578537e-02,42147146,6.068,2026-08-22T13:36:39.847208+00:00
pennylane-lightning.qubit,0.45.1,brickwall,pauli_z_first_k,14,6,29,406,50,20300,3.75413544e-04,2.54821823e-05,1.27447926e-02,42147177,5.297,2026-08-22T13:36:45.150955+00:00
pennylane-lightning.qubit,0.45.1,brickwall,pauli_z_first_k,14,6,30,420,50,21000,4.24492879e-04,2.83835680e-05,1.32007704e-02,42147208,6.860,2026-08-22T13:36:52.015789+00:00
pennylane-lightning.qubit,0.45.1,brickwall,pauli_z_first_k,14,8,1,14,50,700,1.87660590e-02,2.50957860e-03,4.50833081e-02,42148327,0.317,2026-08-22T13:36:52.338183+00:00
pennylane-lightning.qubit,0.45.1,brickwall,pauli_z_first_k,14,8,2,28,50,1400,5.75825732e-03,1.00591166e-03,2.75066072e-02,42148358,0.538,2026-08-22T13:36:52.880985+00:00
pennylane-lightning.qubit,0.45.1,brickwall,pauli_z_first_k,14,8,3,42,50,2100,3.50818978e-03,6.26104068e-04,2.38630109e-02,42148389,0.708,2026-08-22T13:36:53.593583+00:00
pennylane-lightning.qubit,0.45.1,brickwall,pauli_z_first_k,14,8,4,56,50,2800,3.29214286e-03,4.53642579e-04,2.50635730e-02,42148420,0.784,2026-08-22T13:36:54.383324+00:00
pennylane-lightning.qubit,0.45.1,brickwall,pauli_z_first_k,14,8,5,70,50,3500,2.59645918e-03,3.38595911e-04,2.39941014e-02,42148451,0.926,2026-08-22T13:36:55.315276+00:00
pennylane-lightning.qubit,0.45.1,brickwall,pauli_z_first_k,14,8,6,84,50,4200,2.46757903e-03,3.85599869e-04,2.31222583e-02,42148482,1.168,2026-08-22T13:36:56.488954+00:00
pennylane-lightning.qubit,0.45.1,brickwall,pauli_z_first_k,14,8,7,98,50,4900,1.68498272e-03,2.21674223e-04,2.17830249e-02,42148513,1.331,2026-08-22T13:36:57.824600+00:00
pennylane-lightning.qubit,0.45.1,brickwall,pauli_z_first_k,14,8,8,112,50,5600,1.39469370e-03,1.74320758e-04,2.05321653e-02,42148544,2.030,2026-08-22T13:36:59.860031+00:00
pennylane-lightning.qubit,0.45.1,brickwall,pauli_z_first_k,14,8,9,126,50,6300,1.41359245e-03,2.13352856e-04,2.01946905e-02,42148575,2.608,2026-08-22T13:37:02.472160+00:00
pennylane-lightning.qubit,0.45.1,brickwall,pauli_z_first_k,14,8,10,140,50,7000,1.45866964e-03,1.75251324e-04,2.15750783e-02,42148606,1.828,2026-08-22T13:37:04.304565+00:00
pennylane-lightning.qubit,0.45.1,brickwall,pauli_z_first_k,14,8,11,154,50,7700,9.74209961e-04,8.71670892e-05,1.87901860e-02,42148637,2.230,2026-08-22T13:37:06.539316+00:00
pennylane-lightning.qubit,0.45.1,brickwall,pauli_z_first_k,14,8,12,168,50,8400,1.16656595e-03,1.28365439e-04,1.98202123e-02,42148668,2.258,2026-08-22T13:37:08.802020+00:00
pennylane-lightning.qubit,0.45.1,brickwall,pauli_z_first_k,14,8,13,182,50,9100,6.87578979e-04,7.56064282e-05,1.60274795e-02,42148699,2.299,2026-08-22T13:37:11.104806+00:00
pennylane-lightning.qubit,0.45.1,brickwall,pauli_z_first_k,14,8,14,196,50,9800,7.63821205e-04,6.36630945e-05,1.70529900e-02,42148730,4.023,2026-08-22T13:37:15.132610+00:00
pennylane-lightning.qubit,0.45.1,brickwall,pauli_z_first_k,14,8,15,210,50,10500,5.59632194e-04,5.33699030e-05,1.46843718e-02,42148761,2.834,2026-08-22T13:37:17.971188+00:00
pennylane-lightning.qubit,0.45.1,brickwall,pauli_z_first_k,14,8,16,224,50,11200,5.84957010e-04,4.90176468e-05,1.53962604e-02,42148792,2.834,2026-08-22T13:37:20.810497+00:00
pennylane-lightning.qubit,0.45.1,brickwall,pauli_z_first_k,14,8,17,238,50,11900,4.68072939e-04,4.46284624e-05,1.39126346e-02,42148823,3.027,2026-08-22T13:37:23.841820+00:00
pennylane-lightning.qubit,0.45.1,brickwall,pauli_z_first_k,14,8,18,252,50,12600,4.74647072e-04,4.17090773e-05,1.40458166e-02,42148854,4.768,2026-08-22T13:37:28.613658+00:00
pennylane-lightning.qubit,0.45.1,brickwall,pauli_z_first_k,14,8,19,266,50,13300,3.66620158e-04,3.75722244e-05,1.25044138e-02,42148885,3.579,2026-08-22T13:37:32.198663+00:00
pennylane-lightning.qubit,0.45.1,brickwall,pauli_z_first_k,14,8,20,280,50,14000,4.64035893e-04,3.81753321e-05,1.41467534e-02,42148916,3.551,2026-08-22T13:37:35.754650+00:00
pennylane-lightning.qubit,0.45.1,brickwall,pauli_z_first_k,14,8,21,294,50,14700,3.41544859e-04,2.83489557e-05,1.23123919e-02,42148947,4.600,2026-08-22T13:37:40.358736+00:00
pennylane-lightning.qubit,0.45.1,brickwall,pauli_z_first_k,14,8,22,308,50,15400,3.94854974e-04,3.19408481e-05,1.31540658e-02,42148978,4.747,2026-08-22T13:37:45.115555+00:00
pennylane-lightning.qubit,0.45.1,brickwall,pauli_z_first_k,14,8,23,322,50,16100,2.42992495e-04,1.82003062e-05,1.06381443e-02,42149009,4.242,2026-08-22T13:37:49.361832+00:00
pennylane-lightning.qubit,0.45.1,brickwall,pauli_z_first_k,14,8,24,336,50,16800,3.23037414e-04,3.16398525e-05,1.19424500e-02,42149040,5.573,2026-08-22T13:37:54.940297+00:00
pennylane-lightning.qubit,0.45.1,brickwall,pauli_z_first_k,14,8,25,350,50,17500,1.79363243e-04,9.29958751e-06,9.47109096e-03,42149071,4.816,2026-08-22T13:37:59.761318+00:00
pennylane-lightning.qubit,0.45.1,brickwall,pauli_z_first_k,14,8,26,364,50,18200,2.63253456e-04,1.46254463e-05,1.12407149e-02,42149102,4.545,2026-08-22T13:38:04.310747+00:00
pennylane-lightning.qubit,0.45.1,brickwall,pauli_z_first_k,14,8,27,378,50,18900,1.77884014e-04,1.02630393e-05,9.41721299e-03,42149133,6.144,2026-08-22T13:38:10.459791+00:00
pennylane-lightning.qubit,0.45.1,brickwall,pauli_z_first_k,14,8,28,392,50,19600,2.18179181e-04,1.19018246e-05,1.03597520e-02,42149164,5.314,2026-08-22T13:38:15.779909+00:00
pennylane-lightning.qubit,0.45.1,brickwall,pauli_z_first_k,14,8,29,406,50,20300,1.41354037e-04,5.40092193e-06,8.62448965e-03,42149195,6.573,2026-08-22T13:38:22.357036+00:00
pennylane-lightning.qubit,0.45.1,brickwall,pauli_z_first_k,14,8,30,420,50,21000,1.71544802e-04,9.37705151e-06,9.33382979e-03,42149226,5.730,2026-08-22T13:38:28.091758+00:00
pennylane-lightning.qubit,0.45.1,brickwall,pauli_z_first_k,14,10,1,14,50,700,1.15339363e-02,1.65900675e-03,3.91676885e-02,42150345,0.355,2026-08-22T13:38:28.452436+00:00
pennylane-lightning.qubit,0.45.1,brickwall,pauli_z_first_k,14,10,2,28,50,1400,4.07583097e-03,7.50594823e-04,2.56878783e-02,42150376,0.494,2026-08-22T13:38:28.950847+00:00
pennylane-lightning.qubit,0.45.1,brickwall,pauli_z_first_k,14,10,3,42,50,2100,2.14486522e-03,4.37923341e-04,1.97883167e-02,42150407,0.607,2026-08-22T13:38:29.562295+00:00
pennylane-lightning.qubit,0.45.1,brickwall,pauli_z_first_k,14,10,4,56,50,2800,1.67868364e-03,3.32012579e-04,1.79615557e-02,42150438,0.945,2026-08-22T13:38:30.511462+00:00
pennylane-lightning.qubit,0.45.1,brickwall,pauli_z_first_k,14,10,5,70,50,3500,5.53445185e-04,9.90131178e-05,1.13466306e-02,42150469,1.065,2026-08-22T13:38:31.580878+00:00
pennylane-lightning.qubit,0.45.1,brickwall,pauli_z_first_k,14,10,6,84,50,4200,6.91543054e-04,1.18358253e-04,1.31246293e-02,42150500,1.961,2026-08-22T13:38:33.546927+00:00
pennylane-lightning.qubit,0.45.1,brickwall,pauli_z_first_k,14,10,7,98,50,4900,6.76882591e-04,1.06630632e-04,1.38645530e-02,42150531,1.829,2026-08-22T13:38:35.380383+00:00
pennylane-lightning.qubit,0.45.1,brickwall,pauli_z_first_k,14,10,8,112,50,5600,6.27520625e-04,9.87340096e-05,1.38938421e-02,42150562,1.411,2026-08-22T13:38:36.796305+00:00
pennylane-lightning.qubit,0.45.1,brickwall,pauli_z_first_k,14,10,9,126,50,6300,4.51266717e-04,5.41910308e-05,1.24680628e-02,42150593,1.780,2026-08-22T13:38:38.580761+00:00
pennylane-lightning.qubit,0.45.1,brickwall,pauli_z_first_k,14,10,10,140,50,7000,5.71855621e-04,6.62877037e-05,1.47743033e-02,42150624,1.761,2026-08-22T13:38:40.346310+00:00
pennylane-lightning.qubit,0.45.1,brickwall,pauli_z_first_k,14,10,11,154,50,7700,3.39592151e-04,3.89961829e-05,1.15958357e-02,42150655,2.075,2026-08-22T13:38:42.425624+00:00
pennylane-lightning.qubit,0.45.1,brickwall,pauli_z_first_k,14,10,12,168,50,8400,3.81333584e-04,4.39786300e-05,1.24181024e-02,42150686,2.154,2026-08-22T13:38:44.584590+00:00
pennylane-lightning.qubit,0.45.1,brickwall,pauli_z_first_k,14,10,13,182,50,9100,3.38459038e-04,2.85954474e-05,1.22197839e-02,42150717,3.663,2026-08-22T13:38:48.252790+00:00
pennylane-lightning.qubit,0.45.1,brickwall,pauli_z_first_k,14,10,14,196,50,9800,2.94901629e-04,2.78937066e-05,1.13294293e-02,42150748,2.550,2026-08-22T13:38:50.807208+00:00
pennylane-lightning.qubit,0.45.1,brickwall,pauli_z_first_k,14,10,15,210,50,10500,2.44616731e-04,2.31222982e-05,1.05738503e-02,42150779,2.825,2026-08-22T13:38:53.637140+00:00
pennylane-lightning.qubit,0.45.1,brickwall,pauli_z_first_k,14,10,16,224,50,11200,2.37168989e-04,2.15051871e-05,1.02949348e-02,42150810,2.873,2026-08-22T13:38:56.515613+00:00
pennylane-lightning.qubit,0.45.1,brickwall,pauli_z_first_k,14,10,17,238,50,11900,2.23649536e-04,2.48752219e-05,1.00567764e-02,42150841,4.446,2026-08-22T13:39:00.966479+00:00
pennylane-lightning.qubit,0.45.1,brickwall,pauli_z_first_k,14,10,18,252,50,12600,2.06760615e-04,2.09775198e-05,9.94174991e-03,42150872,3.401,2026-08-22T13:39:04.372445+00:00
pennylane-lightning.qubit,0.45.1,brickwall,pauli_z_first_k,14,10,19,266,50,13300,1.75081721e-04,1.34891837e-05,9.34416579e-03,42150903,3.705,2026-08-22T13:39:08.083191+00:00
pennylane-lightning.qubit,0.45.1,brickwall,pauli_z_first_k,14,10,20,280,50,14000,1.77294731e-04,1.24462373e-05,9.41576881e-03,42150934,4.216,2026-08-22T13:39:12.304621+00:00
pennylane-lightning.qubit,0.45.1,brickwall,pauli_z_first_k,14,10,21,294,50,14700,1.30667793e-04,6.75856355e-06,8.38720315e-03,42150965,4.811,2026-08-22T13:39:17.120506+00:00
pennylane-lightning.qubit,0.45.1,brickwall,pauli_z_first_k,14,10,22,308,50,15400,1.54640769e-04,8.95185612e-06,8.93523770e-03,42150996,4.157,2026-08-22T13:39:21.282265+00:00
pennylane-lightning.qubit,0.45.1,brickwall,pauli_z_first_k,14,10,23,322,50,16100,1.20938713e-04,7.55697296e-06,8.09601060e-03,42151027,4.930,2026-08-22T13:39:26.216830+00:00
pennylane-lightning.qubit,0.45.1,brickwall,pauli_z_first_k,14,10,24,336,50,16800,1.35129099e-04,9.72983729e-06,8.47888085e-03,42151058,4.961,2026-08-22T13:39:31.182003+00:00
pennylane-lightning.qubit,0.45.1,brickwall,pauli_z_first_k,14,10,25,350,50,17500,1.11165143e-04,7.93308011e-06,7.86218770e-03,42151089,4.560,2026-08-22T13:39:35.746891+00:00
pennylane-lightning.qubit,0.45.1,brickwall,pauli_z_first_k,14,10,26,364,50,18200,1.13372514e-04,5.98870384e-06,7.94085547e-03,42151120,5.829,2026-08-22T13:39:41.580253+00:00
pennylane-lightning.qubit,0.45.1,brickwall,pauli_z_first_k,14,10,27,378,50,18900,9.46777855e-05,5.03018318e-06,7.33883522e-03,42151151,4.772,2026-08-22T13:39:46.356542+00:00
pennylane-lightning.qubit,0.45.1,brickwall,pauli_z_first_k,14,10,28,392,50,19600,1.07814665e-04,5.73422914e-06,7.78871618e-03,42151182,5.534,2026-08-22T13:39:51.895655+00:00
pennylane-lightning.qubit,0.45.1,brickwall,pauli_z_first_k,14,10,29,406,50,20300,8.86323486e-05,3.61536488e-06,7.16842225e-03,42151213,6.085,2026-08-22T13:39:57.985110+00:00
pennylane-lightning.qubit,0.45.1,brickwall,pauli_z_first_k,14,10,30,420,50,21000,9.49660555e-05,3.72564283e-06,7.38244742e-03,42151244,5.485,2026-08-22T13:40:03.474425+00:00
pennylane-lightning.qubit,0.45.1,brickwall,pauli_z_first_k,14,12,1,14,50,700,9.30491885e-03,1.76085927e-03,3.35666032e-02,42152363,0.298,2026-08-22T13:40:03.778286+00:00
pennylane-lightning.qubit,0.45.1,brickwall,pauli_z_first_k,14,12,2,28,50,1400,1.23330115e-03,3.36857027e-04,1.24790358e-02,42152394,0.515,2026-08-22T13:40:04.297345+00:00
pennylane-lightning.qubit,0.45.1,brickwall,pauli_z_first_k,14,12,3,42,50,2100,6.45101377e-04,1.49305257e-04,1.11655698e-02,42152425,1.012,2026-08-22T13:40:05.313774+00:00
pennylane-lightning.qubit,0.45.1,brickwall,pauli_z_first_k,14,12,4,56,50,2800,5.27751632e-04,1.17121873e-04,9.92905651e-03,42152456,1.352,2026-08-22T13:40:06.670930+00:00
pennylane-lightning.qubit,0.45.1,brickwall,pauli_z_first_k,14,12,5,70,50,3500,4.34515222e-04,1.01278574e-04,9.85900549e-03,42152487,1.293,2026-08-22T13:40:07.968460+00:00
pennylane-lightning.qubit,0.45.1,brickwall,pauli_z_first_k,14,12,6,84,50,4200,3.33858790e-04,5.19531219e-05,9.86447365e-03,42152518,1.141,2026-08-22T13:40:09.113743+00:00
pennylane-lightning.qubit,0.45.1,brickwall,pauli_z_first_k,14,12,7,98,50,4900,3.48925656e-04,8.72945634e-05,9.94824651e-03,42152549,1.299,2026-08-22T13:40:10.417463+00:00
pennylane-lightning.qubit,0.45.1,brickwall,pauli_z_first_k,14,12,8,112,50,5600,2.52725643e-04,4.60716819e-05,9.07579140e-03,42152580,1.420,2026-08-22T13:40:11.841611+00:00
pennylane-lightning.qubit,0.45.1,brickwall,pauli_z_first_k,14,12,9,126,50,6300,1.80419654e-04,2.45155773e-05,8.48701940e-03,42152611,1.726,2026-08-22T13:40:13.572073+00:00
pennylane-lightning.qubit,0.45.1,brickwall,pauli_z_first_k,14,12,10,140,50,7000,2.23632333e-04,4.56998152e-05,8.86206120e-03,42152642,1.762,2026-08-22T13:40:15.338675+00:00
pennylane-lightning.qubit,0.45.1,brickwall,pauli_z_first_k,14,12,11,154,50,7700,1.71429827e-04,1.72552195e-05,8.56820846e-03,42152673,1.983,2026-08-22T13:40:17.325728+00:00
pennylane-lightning.qubit,0.45.1,brickwall,pauli_z_first_k,14,12,12,168,50,8400,1.64824125e-04,2.47211128e-05,8.32302496e-03,42152704,3.574,2026-08-22T13:40:20.903780+00:00
pennylane-lightning.qubit,0.45.1,brickwall,pauli_z_first_k,14,12,13,182,50,9100,1.45604452e-04,2.98982800e-05,7.86157895e-03,42152735,2.386,2026-08-22T13:40:23.294116+00:00
pennylane-lightning.qubit,0.45.1,brickwall,pauli_z_first_k,14,12,14,196,50,9800,1.45667525e-04,1.70684182e-05,8.31202226e-03,42152766,2.580,2026-08-22T13:40:25.879208+00:00
pennylane-lightning.qubit,0.45.1,brickwall,pauli_z_first_k,14,12,15,210,50,10500,1.39683804e-04,9.47612590e-06,8.55383386e-03,42152797,2.750,2026-08-22T13:40:28.633913+00:00
pennylane-lightning.qubit,0.45.1,brickwall,pauli_z_first_k,14,12,16,224,50,11200,1.56380559e-04,1.36739597e-05,8.98710831e-03,42152828,3.062,2026-08-22T13:40:31.700059+00:00
pennylane-lightning.qubit,0.45.1,brickwall,pauli_z_first_k,14,12,17,238,50,11900,1.12052194e-04,1.08266584e-05,7.59563526e-03,42152859,4.083,2026-08-22T13:40:35.787530+00:00
pennylane-lightning.qubit,0.45.1,brickwall,pauli_z_first_k,14,12,18,252,50,12600,1.27630282e-04,9.54068817e-06,8.19876612e-03,42152890,3.148,2026-08-22T13:40:38.939557+00:00
pennylane-lightning.qubit,0.45.1,brickwall,pauli_z_first_k,14,12,19,266,50,13300,1.08586183e-04,5.89899611e-06,7.75744207e-03,42152921,3.381,2026-08-22T13:40:42.325847+00:00
pennylane-lightning.qubit,0.45.1,brickwall,pauli_z_first_k,14,12,20,280,50,14000,9.87208761e-05,6.18896252e-06,7.45373656e-03,42152952,5.136,2026-08-22T13:40:47.466331+00:00
pennylane-lightning.qubit,0.45.1,brickwall,pauli_z_first_k,14,12,21,294,50,14700,9.59942632e-05,5.29402193e-06,7.33917547e-03,42152983,3.810,2026-08-22T13:40:51.280950+00:00
pennylane-lightning.qubit,0.45.1,brickwall,pauli_z_first_k,14,12,22,308,50,15400,1.07431697e-04,5.92249495e-06,7.82458637e-03,42153014,4.143,2026-08-22T13:40:55.428257+00:00
pennylane-lightning.qubit,0.45.1,brickwall,pauli_z_first_k,14,12,23,322,50,16100,8.63813481e-05,3.89044844e-06,7.05286763e-03,42153045,5.555,2026-08-22T13:41:00.988144+00:00
pennylane-lightning.qubit,0.45.1,brickwall,pauli_z_first_k,14,12,24,336,50,16800,9.28391689e-05,5.58302723e-06,7.30315273e-03,42153076,4.408,2026-08-22T13:41:05.400896+00:00
pennylane-lightning.qubit,0.45.1,brickwall,pauli_z_first_k,14,12,25,350,50,17500,8.33079516e-05,3.75378770e-06,6.95674333e-03,42153107,4.392,2026-08-22T13:41:09.798534+00:00
pennylane-lightning.qubit,0.45.1,brickwall,pauli_z_first_k,14,12,26,364,50,18200,7.95809009e-05,4.07026334e-06,6.81970179e-03,42153138,5.925,2026-08-22T13:41:15.727922+00:00
pennylane-lightning.qubit,0.45.1,brickwall,pauli_z_first_k,14,12,27,378,50,18900,7.53592671e-05,2.80897532e-06,6.71306999e-03,42153169,4.769,2026-08-22T13:41:20.504813+00:00
pennylane-lightning.qubit,0.45.1,brickwall,pauli_z_first_k,14,12,28,392,50,19600,8.02737951e-05,2.91162395e-06,6.88824343e-03,42153200,6.302,2026-08-22T13:41:26.810561+00:00
pennylane-lightning.qubit,0.45.1,brickwall,pauli_z_first_k,14,12,29,406,50,20300,7.22695422e-05,2.53366625e-06,6.56733918e-03,42153231,5.329,2026-08-22T13:41:32.143437+00:00
pennylane-lightning.qubit,0.45.1,brickwall,pauli_z_first_k,14,12,30,420,50,21000,7.69061160e-05,2.59372141e-06,6.79583726e-03,42153262,6.104,2026-08-22T13:41:38.251485+00:00
pennylane-lightning.qubit,0.45.1,brickwall,pauli_z_first_k,14,14,1,14,50,700,3.74641869e-03,7.10263862e-04,2.43574180e-02,42154381,0.534,2026-08-22T13:41:38.791443+00:00
pennylane-lightning.qubit,0.45.1,brickwall,pauli_z_first_k,14,14,2,28,50,1400,9.28099370e-04,4.17580301e-04,9.66097069e-03,42154412,0.836,2026-08-22T13:41:39.631705+00:00
pennylane-lightning.qubit,0.45.1,brickwall,pauli_z_first_k,14,14,3,42,50,2100,3.70086514e-04,8.43268790e-05,7.57083339e-03,42154443,0.753,2026-08-22T13:41:40.388539+00:00
pennylane-lightning.qubit,0.45.1,brickwall,pauli_z_first_k,14,14,4,56,50,2800,2.39231730e-04,6.57248366e-05,7.17196761e-03,42154474,0.816,2026-08-22T13:41:41.208953+00:00
pennylane-lightning.qubit,0.45.1,brickwall,pauli_z_first_k,14,14,5,70,50,3500,2.35455659e-04,3.86662071e-05,7.64967391e-03,42154505,0.910,2026-08-22T13:41:42.123049+00:00
pennylane-lightning.qubit,0.45.1,brickwall,pauli_z_first_k,14,14,6,84,50,4200,2.78784942e-04,1.01600654e-04,7.60456594e-03,42154536,1.143,2026-08-22T13:41:43.270114+00:00
pennylane-lightning.qubit,0.45.1,brickwall,pauli_z_first_k,14,14,7,98,50,4900,2.71847323e-04,9.09549061e-05,8.09126760e-03,42154567,1.520,2026-08-22T13:41:44.795318+00:00
pennylane-lightning.qubit,0.45.1,brickwall,pauli_z_first_k,14,14,8,112,50,5600,2.73971606e-04,4.84828156e-05,9.68777940e-03,42154598,1.524,2026-08-22T13:41:46.324714+00:00
pennylane-lightning.qubit,0.45.1,brickwall,pauli_z_first_k,14,14,9,126,50,6300,1.86888191e-04,3.80758577e-05,7.56826927e-03,42154629,1.636,2026-08-22T13:41:47.966131+00:00
pennylane-lightning.qubit,0.45.1,brickwall,pauli_z_first_k,14,14,10,140,50,7000,1.28184705e-04,1.83083654e-05,7.51654268e-03,42154660,2.210,2026-08-22T13:41:50.182069+00:00
pennylane-lightning.qubit,0.45.1,brickwall,pauli_z_first_k,14,14,11,154,50,7700,1.37171490e-04,2.00465431e-05,7.42485893e-03,42154691,3.154,2026-08-22T13:41:53.340945+00:00
pennylane-lightning.qubit,0.45.1,brickwall,pauli_z_first_k,14,14,12,168,50,8400,1.36633868e-04,1.29845397e-05,8.04332058e-03,42154722,2.328,2026-08-22T13:41:55.674223+00:00
pennylane-lightning.qubit,0.45.1,brickwall,pauli_z_first_k,14,14,13,182,50,9100,1.34789350e-04,2.01951691e-05,7.74458172e-03,42154753,2.496,2026-08-22T13:41:58.174452+00:00
pennylane-lightning.qubit,0.45.1,brickwall,pauli_z_first_k,14,14,14,196,50,9800,1.20821804e-04,1.37739613e-05,7.64637182e-03,42154784,2.632,2026-08-22T13:42:00.810514+00:00
pennylane-lightning.qubit,0.45.1,brickwall,pauli_z_first_k,14,14,15,210,50,10500,1.21360772e-04,1.17144616e-05,7.91193163e-03,42154815,3.178,2026-08-22T13:42:03.992974+00:00
pennylane-lightning.qubit,0.45.1,brickwall,pauli_z_first_k,14,14,16,224,50,11200,1.07127072e-04,9.35399728e-06,7.51374510e-03,42154846,3.896,2026-08-22T13:42:07.893402+00:00
pennylane-lightning.qubit,0.45.1,brickwall,pauli_z_first_k,14,14,17,238,50,11900,1.14968694e-04,9.39432331e-06,7.84537127e-03,42154877,3.095,2026-08-22T13:42:10.992399+00:00
pennylane-lightning.qubit,0.45.1,brickwall,pauli_z_first_k,14,14,18,252,50,12600,8.35261983e-05,5.92234355e-06,6.81962265e-03,42154908,3.385,2026-08-22T13:42:14.381682+00:00
pennylane-lightning.qubit,0.45.1,brickwall,pauli_z_first_k,14,14,19,266,50,13300,9.62167671e-05,8.99035672e-06,7.16036324e-03,42154939,4.786,2026-08-22T13:42:19.172233+00:00
pennylane-lightning.qubit,0.45.1,brickwall,pauli_z_first_k,14,14,20,280,50,14000,8.61163788e-05,5.22183828e-06,6.95979551e-03,42154970,3.989,2026-08-22T13:42:23.165052+00:00
pennylane-lightning.qubit,0.45.1,brickwall,pauli_z_first_k,14,14,21,294,50,14700,8.60973807e-05,4.90733194e-06,7.09753916e-03,42155001,3.992,2026-08-22T13:42:27.165225+00:00
pennylane-lightning.qubit,0.45.1,brickwall,pauli_z_first_k,14,14,22,308,50,15400,8.53051740e-05,6.30609190e-06,7.02138680e-03,42155032,4.992,2026-08-22T13:42:32.161757+00:00
pennylane-lightning.qubit,0.45.1,brickwall,pauli_z_first_k,14,14,23,322,50,16100,8.05934480e-05,2.97698245e-06,6.86035197e-03,42155063,4.458,2026-08-22T13:42:36.623936+00:00
pennylane-lightning.qubit,0.45.1,brickwall,pauli_z_first_k,14,14,24,336,50,16800,7.81064272e-05,3.79375026e-06,6.79739819e-03,42155094,4.386,2026-08-22T13:42:41.014666+00:00
pennylane-lightning.qubit,0.45.1,brickwall,pauli_z_first_k,14,14,25,350,50,17500,8.18599050e-05,4.10500324e-06,6.96927032e-03,42155125,5.843,2026-08-22T13:42:46.861667+00:00
pennylane-lightning.qubit,0.45.1,brickwall,pauli_z_first_k,14,14,26,364,50,18200,7.83057854e-05,3.31685645e-06,6.83071130e-03,42155156,4.728,2026-08-22T13:42:51.595206+00:00
pennylane-lightning.qubit,0.45.1,brickwall,pauli_z_first_k,14,14,27,378,50,18900,7.01625388e-05,2.76230090e-06,6.51675987e-03,42155187,5.316,2026-08-22T13:42:56.915498+00:00
pennylane-lightning.qubit,0.45.1,brickwall,pauli_z_first_k,14,14,28,392,50,19600,7.80385896e-05,2.57383469e-06,6.88476783e-03,42155218,6.194,2026-08-22T13:43:03.115699+00:00
pennylane-lightning.qubit,0.45.1,brickwall,pauli_z_first_k,14,14,29,406,50,20300,7.33662349e-05,2.40194604e-06,6.72057004e-03,42155249,5.255,2026-08-22T13:43:08.375363+00:00
pennylane-lightning.qubit,0.45.1,brickwall,pauli_z_first_k,14,14,30,420,50,21000,7.10177376e-05,1.96848929e-06,6.59363024e-03,42155280,6.951,2026-08-22T13:43:15.331128+00:00
pennylane-lightning.qubit,0.45.1,brickwall,pauli_z_first_k,16,2,1,16,50,800,2.70465960e-02,2.94131543e-03,3.61438132e-02,42162287,0.695,2026-08-22T13:43:16.031726+00:00
pennylane-lightning.qubit,0.45.1,brickwall,pauli_z_first_k,16,2,2,32,50,1600,2.99053577e-02,2.46965335e-03,4.96521543e-02,42162318,1.144,2026-08-22T13:43:17.178853+00:00
pennylane-lightning.qubit,0.45.1,brickwall,pauli_z_first_k,16,2,3,48,50,2400,2.07112757e-02,1.46059355e-03,3.95491087e-02,42162349,1.657,2026-08-22T13:43:18.840785+00:00
pennylane-lightning.qubit,0.45.1,brickwall,pauli_z_first_k,16,2,4,64,50,3200,2.59385170e-02,1.49022970e-03,5.01162183e-02,42162380,2.059,2026-08-22T13:43:20.903622+00:00
pennylane-lightning.qubit,0.45.1,brickwall,pauli_z_first_k,16,2,5,80,50,4000,1.99324302e-02,1.39765833e-03,4.48597517e-02,42162411,3.180,2026-08-22T13:43:24.088502+00:00
pennylane-lightning.qubit,0.45.1,brickwall,pauli_z_first_k,16,2,6,96,50,4800,1.79798764e-02,1.04743294e-03,4.59469487e-02,42162442,3.685,2026-08-22T13:43:27.778257+00:00
pennylane-lightning.qubit,0.45.1,brickwall,pauli_z_first_k,16,2,7,112,50,5600,1.56366777e-02,9.27853549e-04,4.29416815e-02,42162473,3.489,2026-08-22T13:43:31.271900+00:00
pennylane-lightning.qubit,0.45.1,brickwall,pauli_z_first_k,16,2,8,128,50,6400,1.63000352e-02,9.90494892e-04,4.53399068e-02,42162504,4.189,2026-08-22T13:43:35.465489+00:00
pennylane-lightning.qubit,0.45.1,brickwall,pauli_z_first_k,16,2,9,144,50,7200,1.13679700e-02,6.72686831e-04,4.03391310e-02,42162535,5.696,2026-08-22T13:43:41.165620+00:00
pennylane-lightning.qubit,0.45.1,brickwall,pauli_z_first_k,16,2,10,160,50,8000,1.21544997e-02,6.93932150e-04,4.09040052e-02,42162566,5.151,2026-08-22T13:43:46.321369+00:00
pennylane-lightning.qubit,0.45.1,brickwall,pauli_z_first_k,16,2,11,176,50,8800,1.09613003e-02,6.19838298e-04,4.07665559e-02,42162597,6.534,2026-08-22T13:43:52.859718+00:00
pennylane-lightning.qubit,0.45.1,brickwall,pauli_z_first_k,16,2,12,192,50,9600,9.57700848e-03,6.81311269e-04,3.82428548e-02,42162628,6.126,2026-08-22T13:43:58.989841+00:00
pennylane-lightning.qubit,0.45.1,brickwall,pauli_z_first_k,16,2,13,208,50,10400,7.37420668e-03,3.73379409e-04,3.61403883e-02,42162659,7.711,2026-08-22T13:44:06.705373+00:00
pennylane-lightning.qubit,0.45.1,brickwall,pauli_z_first_k,16,2,14,224,50,11200,9.17249262e-03,8.04441568e-04,3.81995894e-02,42162690,7.050,2026-08-22T13:44:13.759633+00:00
pennylane-lightning.qubit,0.45.1,brickwall,pauli_z_first_k,16,2,15,240,50,12000,7.06559027e-03,4.79702612e-04,3.48681941e-02,42162721,8.585,2026-08-22T13:44:22.349016+00:00
pennylane-lightning.qubit,0.45.1,brickwall,pauli_z_first_k,16,2,16,256,50,12800,7.84989926e-03,4.62879969e-04,3.63943006e-02,42162752,8.957,2026-08-22T13:44:31.311133+00:00
pennylane-lightning.qubit,0.45.1,brickwall,pauli_z_first_k,16,2,17,272,50,13600,5.99239364e-03,3.02064483e-04,3.36330543e-02,42162783,9.143,2026-08-22T13:44:40.460030+00:00
pennylane-lightning.qubit,0.45.1,brickwall,pauli_z_first_k,16,2,18,288,50,14400,5.94216999e-03,4.01611354e-04,3.30755180e-02,42162814,10.181,2026-08-22T13:44:50.645767+00:00
pennylane-lightning.qubit,0.45.1,brickwall,pauli_z_first_k,16,2,19,304,50,15200,4.80418356e-03,2.37922008e-04,3.07181991e-02,42162845,10.649,2026-08-22T13:45:01.299661+00:00
pennylane-lightning.qubit,0.45.1,brickwall,pauli_z_first_k,16,2,20,320,50,16000,5.19710807e-03,3.98048261e-04,3.09773626e-02,42162876,11.085,2026-08-22T13:45:12.388267+00:00
pennylane-lightning.qubit,0.45.1,brickwall,pauli_z_first_k,16,2,21,336,50,16800,4.02205900e-03,2.69287720e-04,2.90060456e-02,42162907,10.780,2026-08-22T13:45:23.174053+00:00
pennylane-lightning.qubit,0.45.1,brickwall,pauli_z_first_k,16,2,22,352,50,17600,3.94669420e-03,1.88695664e-04,2.83010427e-02,42162938,11.871,2026-08-22T13:45:35.048855+00:00
pennylane-lightning.qubit,0.45.1,brickwall,pauli_z_first_k,16,2,23,368,50,18400,2.96395182e-03,1.67585737e-04,2.56339767e-02,42162969,12.568,2026-08-22T13:45:47.621184+00:00
pennylane-lightning.qubit,0.45.1,brickwall,pauli_z_first_k,16,2,24,384,50,19200,3.34419191e-03,2.20004381e-04,2.68567521e-02,42163000,13.212,2026-08-22T13:46:00.838155+00:00
pennylane-lightning.qubit,0.45.1,brickwall,pauli_z_first_k,16,2,25,400,50,20000,2.45575192e-03,1.62503300e-04,2.38023804e-02,42163031,13.557,2026-08-22T13:46:14.400847+00:00
pennylane-lightning.qubit,0.45.1,brickwall,pauli_z_first_k,16,2,26,416,50,20800,2.68456443e-03,1.47921888e-04,2.38789343e-02,42163062,14.090,2026-08-22T13:46:28.494984+00:00
pennylane-lightning.qubit,0.45.1,brickwall,pauli_z_first_k,16,2,27,432,50,21600,2.20180990e-03,1.25182231e-04,2.26873067e-02,42163093,14.638,2026-08-22T13:46:43.137964+00:00
pennylane-lightning.qubit,0.45.1,brickwall,pauli_z_first_k,16,2,28,448,50,22400,1.95091574e-03,1.19814474e-04,2.10917094e-02,42163124,15.907,2026-08-22T13:46:59.051176+00:00
pennylane-lightning.qubit,0.45.1,brickwall,pauli_z_first_k,16,2,29,464,50,23200,1.73580320e-03,1.05253337e-04,2.03852709e-02,42163155,15.559,2026-08-22T13:47:14.614380+00:00
pennylane-lightning.qubit,0.45.1,brickwall,pauli_z_first_k,16,2,30,480,50,24000,1.94392127e-03,1.09603253e-04,2.13044821e-02,42163186,16.085,2026-08-22T13:47:30.704046+00:00
pennylane-lightning.qubit,0.45.1,brickwall,pauli_z_first_k,16,3,1,16,50,800,2.84797811e-02,2.23493878e-03,4.93709475e-02,42163296,0.746,2026-08-22T13:47:31.455594+00:00
pennylane-lightning.qubit,0.45.1,brickwall,pauli_z_first_k,16,3,2,32,50,1600,2.06748506e-02,1.65465348e-03,4.46098870e-02,42163327,1.149,2026-08-22T13:47:32.608928+00:00
pennylane-lightning.qubit,0.45.1,brickwall,pauli_z_first_k,16,3,3,48,50,2400,2.00391788e-02,1.63731012e-03,4.30646146e-02,42163358,1.668,2026-08-22T13:47:34.281437+00:00
pennylane-lightning.qubit,0.45.1,brickwall,pauli_z_first_k,16,3,4,64,50,3200,1.43100719e-02,1.01776525e-03,4.29969952e-02,42163389,2.175,2026-08-22T13:47:36.461533+00:00
pennylane-lightning.qubit,0.45.1,brickwall,pauli_z_first_k,16,3,5,80,50,4000,1.66305180e-02,1.11685582e-03,4.50938000e-02,42163420,3.807,2026-08-22T13:47:40.274025+00:00
pennylane-lightning.qubit,0.45.1,brickwall,pauli_z_first_k,16,3,6,96,50,4800,1.30713653e-02,8.37359690e-04,4.48386929e-02,42163451,2.985,2026-08-22T13:47:43.263209+00:00
pennylane-lightning.qubit,0.45.1,brickwall,pauli_z_first_k,16,3,7,112,50,5600,1.40718596e-02,8.27201903e-04,4.38579915e-02,42163482,3.458,2026-08-22T13:47:46.725664+00:00
pennylane-lightning.qubit,0.45.1,brickwall,pauli_z_first_k,16,3,8,128,50,6400,1.14867551e-02,8.47923376e-04,4.27343423e-02,42163513,4.562,2026-08-22T13:47:51.291191+00:00
pennylane-lightning.qubit,0.45.1,brickwall,pauli_z_first_k,16,3,9,144,50,7200,1.16511512e-02,6.48788072e-04,4.16474014e-02,42163544,4.987,2026-08-22T13:47:56.283467+00:00
pennylane-lightning.qubit,0.45.1,brickwall,pauli_z_first_k,16,3,10,160,50,8000,9.33671007e-03,5.82029170e-04,3.99490127e-02,42163575,5.133,2026-08-22T13:48:01.420195+00:00
pennylane-lightning.qubit,0.45.1,brickwall,pauli_z_first_k,16,3,11,176,50,8800,9.00359343e-03,4.98032561e-04,3.95658870e-02,42163606,6.441,2026-08-22T13:48:07.865971+00:00
pennylane-lightning.qubit,0.45.1,brickwall,pauli_z_first_k,16,3,12,192,50,9600,6.93158192e-03,3.87066063e-04,3.62695216e-02,42163637,6.002,2026-08-22T13:48:13.872922+00:00
pennylane-lightning.qubit,0.45.1,brickwall,pauli_z_first_k,16,3,13,208,50,10400,8.28780324e-03,4.00691552e-04,3.79041353e-02,42163668,7.612,2026-08-22T13:48:21.490639+00:00
pennylane-lightning.qubit,0.45.1,brickwall,pauli_z_first_k,16,3,14,224,50,11200,6.15634435e-03,4.17614685e-04,3.51140653e-02,42163699,6.915,2026-08-22T13:48:28.410224+00:00
pennylane-lightning.qubit,0.45.1,brickwall,pauli_z_first_k,16,3,15,240,50,12000,6.01950056e-03,3.52766828e-04,3.43808725e-02,42163730,8.459,2026-08-22T13:48:36.875527+00:00
pennylane-lightning.qubit,0.45.1,brickwall,pauli_z_first_k,16,3,16,256,50,12800,4.26201495e-03,2.18208694e-04,3.11750898e-02,42163761,9.173,2026-08-22T13:48:46.052701+00:00
pennylane-lightning.qubit,0.45.1,brickwall,pauli_z_first_k,16,3,17,272,50,13600,4.93904528e-03,2.73853272e-04,3.20953404e-02,42163792,8.816,2026-08-22T13:48:54.877729+00:00
pennylane-lightning.qubit,0.45.1,brickwall,pauli_z_first_k,16,3,18,288,50,14400,4.26027885e-03,2.92574681e-04,3.04425990e-02,42163823,10.258,2026-08-22T13:49:05.140095+00:00
pennylane-lightning.qubit,0.45.1,brickwall,pauli_z_first_k,16,3,19,304,50,15200,3.59168788e-03,2.17471101e-04,2.82552813e-02,42163854,10.596,2026-08-22T13:49:15.743769+00:00
pennylane-lightning.qubit,0.45.1,brickwall,pauli_z_first_k,16,3,20,320,50,16000,3.23140552e-03,1.94233511e-04,2.72669318e-02,42163885,10.988,2026-08-22T13:49:26.736134+00:00
pennylane-lightning.qubit,0.45.1,brickwall,pauli_z_first_k,16,3,21,336,50,16800,3.21199511e-03,2.43983417e-04,2.63361766e-02,42163916,10.706,2026-08-22T13:49:37.446943+00:00
pennylane-lightning.qubit,0.45.1,brickwall,pauli_z_first_k,16,3,22,352,50,17600,2.32527501e-03,1.43018729e-04,2.40885843e-02,42163947,11.406,2026-08-22T13:49:48.857916+00:00
pennylane-lightning.qubit,0.45.1,brickwall,pauli_z_first_k,16,3,23,368,50,18400,2.65260222e-03,1.44478009e-04,2.46878577e-02,42163978,12.799,2026-08-22T13:50:01.661839+00:00
pennylane-lightning.qubit,0.45.1,brickwall,pauli_z_first_k,16,3,24,384,50,19200,2.03442364e-03,1.21302688e-04,2.27271685e-02,42164009,13.044,2026-08-22T13:50:14.710285+00:00
pennylane-lightning.qubit,0.45.1,brickwall,pauli_z_first_k,16,3,25,400,50,20000,2.20473010e-03,1.27862108e-04,2.28430785e-02,42164040,13.529,2026-08-22T13:50:28.243312+00:00
pennylane-lightning.qubit,0.45.1,brickwall,pauli_z_first_k,16,3,26,416,50,20800,1.80197866e-03,9.28585064e-05,2.15332371e-02,42164071,14.027,2026-08-22T13:50:42.273873+00:00
pennylane-lightning.qubit,0.45.1,brickwall,pauli_z_first_k,16,3,27,432,50,21600,1.78655478e-03,9.31972134e-05,2.13200921e-02,42164102,14.660,2026-08-22T13:50:56.938207+00:00
pennylane-lightning.qubit,0.45.1,brickwall,pauli_z_first_k,16,3,28,448,50,22400,1.52878090e-03,1.39492228e-04,1.96225043e-02,42164133,16.075,2026-08-22T13:51:13.016482+00:00
pennylane-lightning.qubit,0.45.1,brickwall,pauli_z_first_k,16,3,29,464,50,23200,1.42278914e-03,7.71735040e-05,1.92533355e-02,42164164,15.545,2026-08-22T13:51:28.564895+00:00
pennylane-lightning.qubit,0.45.1,brickwall,pauli_z_first_k,16,3,30,480,50,24000,1.08367901e-03,6.34984428e-05,1.73706894e-02,42164195,15.715,2026-08-22T13:51:44.284780+00:00
pennylane-lightning.qubit,0.45.1,brickwall,pauli_z_first_k,16,4,1,16,50,800,3.18190340e-02,2.08570001e-03,5.19935796e-02,42164305,0.764,2026-08-22T13:51:45.054575+00:00
pennylane-lightning.qubit,0.45.1,brickwall,pauli_z_first_k,16,4,2,32,50,1600,1.93509384e-02,1.62337751e-03,4.60627842e-02,42164336,1.238,2026-08-22T13:51:46.297143+00:00
pennylane-lightning.qubit,0.45.1,brickwall,pauli_z_first_k,16,4,3,48,50,2400,1.43654053e-02,1.37751028e-03,4.07409293e-02,42164367,1.619,2026-08-22T13:51:47.920696+00:00
pennylane-lightning.qubit,0.45.1,brickwall,pauli_z_first_k,16,4,4,64,50,3200,1.19778232e-02,1.11630730e-03,4.04299203e-02,42164398,2.424,2026-08-22T13:51:50.349312+00:00
pennylane-lightning.qubit,0.45.1,brickwall,pauli_z_first_k,16,4,5,80,50,4000,1.03655278e-02,8.13853416e-04,3.91574269e-02,42164429,3.428,2026-08-22T13:51:53.782923+00:00
pennylane-lightning.qubit,0.45.1,brickwall,pauli_z_first_k,16,4,6,96,50,4800,1.04848158e-02,7.73055456e-04,4.15244463e-02,42164460,3.035,2026-08-22T13:51:56.822721+00:00
pennylane-lightning.qubit,0.45.1,brickwall,pauli_z_first_k,16,4,7,112,50,5600,7.96528581e-03,7.70140145e-04,3.71624606e-02,42164491,3.651,2026-08-22T13:52:00.478821+00:00
pennylane-lightning.qubit,0.45.1,brickwall,pauli_z_first_k,16,4,8,128,50,6400,9.29916839e-03,8.41730569e-04,3.91886519e-02,42164522,4.824,2026-08-22T13:52:05.308556+00:00
pennylane-lightning.qubit,0.45.1,brickwall,pauli_z_first_k,16,4,9,144,50,7200,6.91989744e-03,4.95335692e-04,3.68236143e-02,42164553,4.889,2026-08-22T13:52:10.200880+00:00
pennylane-lightning.qubit,0.45.1,brickwall,pauli_z_first_k,16,4,10,160,50,8000,7.42457315e-03,5.64719405e-04,3.77659320e-02,42164584,4.954,2026-08-22T13:52:15.159947+00:00
pennylane-lightning.qubit,0.45.1,brickwall,pauli_z_first_k,16,4,11,176,50,8800,5.15555929e-03,3.54444949e-04,3.38592702e-02,42164615,6.751,2026-08-22T13:52:21.915536+00:00
pennylane-lightning.qubit,0.45.1,brickwall,pauli_z_first_k,16,4,12,192,50,9600,5.82890394e-03,4.09872880e-04,3.43367727e-02,42164646,6.112,2026-08-22T13:52:28.032255+00:00
pennylane-lightning.qubit,0.45.1,brickwall,pauli_z_first_k,16,4,13,208,50,10400,4.09722267e-03,2.77309679e-04,2.99991431e-02,42164677,7.680,2026-08-22T13:52:35.716904+00:00
pennylane-lightning.qubit,0.45.1,brickwall,pauli_z_first_k,16,4,14,224,50,11200,4.40437949e-03,2.84549149e-04,3.15150938e-02,42164708,7.017,2026-08-22T13:52:42.738573+00:00
pennylane-lightning.qubit,0.45.1,brickwall,pauli_z_first_k,16,4,15,240,50,12000,3.41378645e-03,2.55198744e-04,2.79782464e-02,42164739,8.527,2026-08-22T13:52:51.269769+00:00
pennylane-lightning.qubit,0.45.1,brickwall,pauli_z_first_k,16,4,16,256,50,12800,4.36431186e-03,2.41470395e-04,3.18482332e-02,42164770,9.100,2026-08-22T13:53:00.374498+00:00
pennylane-lightning.qubit,0.45.1,brickwall,pauli_z_first_k,16,4,17,272,50,13600,2.74148344e-03,2.21260261e-04,2.55437539e-02,42164801,8.736,2026-08-22T13:53:09.115385+00:00
pennylane-lightning.qubit,0.45.1,brickwall,pauli_z_first_k,16,4,18,288,50,14400,3.13502364e-03,2.23976367e-04,2.75389289e-02,42164832,10.174,2026-08-22T13:53:19.294482+00:00
pennylane-lightning.qubit,0.45.1,brickwall,pauli_z_first_k,16,4,19,304,50,15200,2.23935681e-03,1.66442331e-04,2.41284139e-02,42164863,10.811,2026-08-22T13:53:30.110264+00:00
pennylane-lightning.qubit,0.45.1,brickwall,pauli_z_first_k,16,4,20,320,50,16000,2.46105455e-03,1.79998740e-04,2.49783657e-02,42164894,11.306,2026-08-22T13:53:41.421866+00:00
pennylane-lightning.qubit,0.45.1,brickwall,pauli_z_first_k,16,4,21,336,50,16800,1.69119137e-03,1.06172366e-04,2.15425460e-02,42164925,11.792,2026-08-22T13:53:53.218380+00:00
pennylane-lightning.qubit,0.45.1,brickwall,pauli_z_first_k,16,4,22,352,50,17600,2.06510879e-03,1.15684531e-04,2.32688358e-02,42164956,12.043,2026-08-22T13:54:05.266958+00:00
pennylane-lightning.qubit,0.45.1,brickwall,pauli_z_first_k,16,4,23,368,50,18400,1.57754548e-03,8.96393763e-05,2.07685014e-02,42164987,12.475,2026-08-22T13:54:17.747010+00:00
pennylane-lightning.qubit,0.45.1,brickwall,pauli_z_first_k,16,4,24,384,50,19200,1.57898817e-03,9.41111991e-05,2.07359849e-02,42165018,13.274,2026-08-22T13:54:31.024679+00:00
pennylane-lightning.qubit,0.45.1,brickwall,pauli_z_first_k,16,4,25,400,50,20000,1.27910496e-03,8.78771051e-05,1.91433250e-02,42165049,13.929,2026-08-22T13:54:44.958736+00:00
pennylane-lightning.qubit,0.45.1,brickwall,pauli_z_first_k,16,4,26,416,50,20800,1.29481710e-03,7.84031232e-05,1.91122172e-02,42165080,14.750,2026-08-22T13:54:59.712804+00:00
pennylane-lightning.qubit,0.45.1,brickwall,pauli_z_first_k,16,4,27,432,50,21600,1.04517711e-03,7.12020163e-05,1.74685770e-02,42165111,14.763,2026-08-22T13:55:14.480772+00:00
pennylane-lightning.qubit,0.45.1,brickwall,pauli_z_first_k,16,4,28,448,50,22400,1.04435023e-03,6.48541546e-05,1.75132795e-02,42165142,15.523,2026-08-22T13:55:30.008778+00:00
pennylane-lightning.qubit,0.45.1,brickwall,pauli_z_first_k,16,4,29,464,50,23200,7.37969750e-04,4.08033771e-05,1.52646841e-02,42165173,15.701,2026-08-22T13:55:45.714675+00:00
pennylane-lightning.qubit,0.45.1,brickwall,pauli_z_first_k,16,4,30,480,50,24000,1.00926489e-03,6.51375729e-05,1.70189521e-02,42165204,15.963,2026-08-22T13:56:01.682909+00:00
pennylane-lightning.qubit,0.45.1,brickwall,pauli_z_first_k,16,5,1,16,50,800,2.50424257e-02,1.69742855e-03,5.12010690e-02,42165314,0.714,2026-08-22T13:56:02.400929+00:00
pennylane-lightning.qubit,0.45.1,brickwall,pauli_z_first_k,16,5,2,32,50,1600,8.94617857e-03,1.03533891e-03,3.17467398e-02,42165345,1.644,2026-08-22T13:56:04.049881+00:00
pennylane-lightning.qubit,0.45.1,brickwall,pauli_z_first_k,16,5,3,48,50,2400,1.11134266e-02,1.18918376e-03,3.67685102e-02,42165376,2.238,2026-08-22T13:56:06.291282+00:00
pennylane-lightning.qubit,0.45.1,brickwall,pauli_z_first_k,16,5,4,64,50,3200,6.84874190e-03,6.50458467e-04,3.26238272e-02,42165407,2.060,2026-08-22T13:56:08.355774+00:00
pennylane-lightning.qubit,0.45.1,brickwall,pauli_z_first_k,16,5,5,80,50,4000,8.52183934e-03,7.68561185e-04,3.66797883e-02,42165438,2.622,2026-08-22T13:56:10.982153+00:00
pennylane-lightning.qubit,0.45.1,brickwall,pauli_z_first_k,16,5,6,96,50,4800,7.23303022e-03,6.19325513e-04,3.67740714e-02,42165469,3.096,2026-08-22T13:56:14.082856+00:00
pennylane-lightning.qubit,0.45.1,brickwall,pauli_z_first_k,16,5,7,112,50,5600,5.65031259e-03,4.14393183e-04,3.28300551e-02,42165500,4.264,2026-08-22T13:56:18.350260+00:00
pennylane-lightning.qubit,0.45.1,brickwall,pauli_z_first_k,16,5,8,128,50,6400,5.13001979e-03,4.78943601e-04,3.28983788e-02,42165531,4.435,2026-08-22T13:56:22.790268+00:00
pennylane-lightning.qubit,0.45.1,brickwall,pauli_z_first_k,16,5,9,144,50,7200,5.92524170e-03,4.45913928e-04,3.47938848e-02,42165562,4.419,2026-08-22T13:56:27.214216+00:00
pennylane-lightning.qubit,0.45.1,brickwall,pauli_z_first_k,16,5,10,160,50,8000,3.70623084e-03,3.26518356e-04,2.88454788e-02,42165593,6.278,2026-08-22T13:56:33.496917+00:00
pennylane-lightning.qubit,0.45.1,brickwall,pauli_z_first_k,16,5,11,176,50,8800,4.22801467e-03,3.15755869e-04,3.10694882e-02,42165624,5.467,2026-08-22T13:56:38.968512+00:00
pennylane-lightning.qubit,0.45.1,brickwall,pauli_z_first_k,16,5,12,192,50,9600,2.90443076e-03,1.76378339e-04,2.70665341e-02,42165655,7.218,2026-08-22T13:56:46.191016+00:00
pennylane-lightning.qubit,0.45.1,brickwall,pauli_z_first_k,16,5,13,208,50,10400,3.76715703e-03,2.94578411e-04,2.90863951e-02,42165686,6.551,2026-08-22T13:56:52.746574+00:00
pennylane-lightning.qubit,0.45.1,brickwall,pauli_z_first_k,16,5,14,224,50,11200,2.64396227e-03,2.62339758e-04,2.56302687e-02,42165717,8.021,2026-08-22T13:57:00.775626+00:00
pennylane-lightning.qubit,0.45.1,brickwall,pauli_z_first_k,16,5,15,240,50,12000,2.44909975e-03,1.36270258e-04,2.53487409e-02,42165748,7.458,2026-08-22T13:57:08.237752+00:00
pennylane-lightning.qubit,0.45.1,brickwall,pauli_z_first_k,16,5,16,256,50,12800,1.95253299e-03,1.48607555e-04,2.30294338e-02,42165779,9.415,2026-08-22T13:57:17.655816+00:00
pennylane-lightning.qubit,0.45.1,brickwall,pauli_z_first_k,16,5,17,272,50,13600,2.07392949e-03,1.35798837e-04,2.34290622e-02,42165810,10.082,2026-08-22T13:57:27.742790+00:00
pennylane-lightning.qubit,0.45.1,brickwall,pauli_z_first_k,16,5,18,288,50,14400,1.60451168e-03,1.18138267e-04,2.13472490e-02,42165841,9.825,2026-08-22T13:57:37.572877+00:00
pennylane-lightning.qubit,0.45.1,brickwall,pauli_z_first_k,16,5,19,304,50,15200,2.07412949e-03,1.59230110e-04,2.35272752e-02,42165872,10.206,2026-08-22T13:57:47.782836+00:00
pennylane-lightning.qubit,0.45.1,brickwall,pauli_z_first_k,16,5,20,320,50,16000,1.20456393e-03,7.70507181e-05,1.89231794e-02,42165903,11.302,2026-08-22T13:57:59.089427+00:00
pennylane-lightning.qubit,0.45.1,brickwall,pauli_z_first_k,16,5,21,336,50,16800,1.54726021e-03,1.15332935e-04,2.05312137e-02,42165934,11.798,2026-08-22T13:58:10.891687+00:00
pennylane-lightning.qubit,0.45.1,brickwall,pauli_z_first_k,16,5,22,352,50,17600,1.06173920e-03,7.03107031e-05,1.79682405e-02,42165965,12.405,2026-08-22T13:58:23.302160+00:00
pennylane-lightning.qubit,0.45.1,brickwall,pauli_z_first_k,16,5,23,368,50,18400,1.25854785e-03,1.14285513e-04,1.87728501e-02,42165996,12.658,2026-08-22T13:58:35.965059+00:00
pennylane-lightning.qubit,0.45.1,brickwall,pauli_z_first_k,16,5,24,384,50,19200,9.48636000e-04,6.81282525e-05,1.68608183e-02,42166027,13.646,2026-08-22T13:58:49.615986+00:00
pennylane-lightning.qubit,0.45.1,brickwall,pauli_z_first_k,16,5,25,400,50,20000,9.32872667e-04,7.75481164e-05,1.67865731e-02,42166058,13.920,2026-08-22T13:59:03.540324+00:00
pennylane-lightning.qubit,0.45.1,brickwall,pauli_z_first_k,16,5,26,416,50,20800,7.75437290e-04,6.98126532e-05,1.54875786e-02,42166089,14.820,2026-08-22T13:59:18.367543+00:00
pennylane-lightning.qubit,0.45.1,brickwall,pauli_z_first_k,16,5,27,432,50,21600,8.09084432e-04,6.20567517e-05,1.55421023e-02,42166120,14.939,2026-08-22T13:59:33.310694+00:00
pennylane-lightning.qubit,0.45.1,brickwall,pauli_z_first_k,16,5,28,448,50,22400,5.43709743e-04,3.48723873e-05,1.34709669e-02,42166151,15.634,2026-08-22T13:59:48.949184+00:00
pennylane-lightning.qubit,0.45.1,brickwall,pauli_z_first_k,16,5,29,464,50,23200,7.22347904e-04,5.13349338e-05,1.47531024e-02,42166182,16.837,2026-08-22T14:00:05.791187+00:00
pennylane-lightning.qubit,0.45.1,brickwall,pauli_z_first_k,16,5,30,480,50,24000,5.19984169e-04,4.43154554e-05,1.29542219e-02,42166213,17.173,2026-08-22T14:00:22.969934+00:00
pennylane-lightning.qubit,0.45.1,brickwall,pauli_z_first_k,16,6,1,16,50,800,2.49052705e-02,1.97891143e-03,4.88561344e-02,42166323,0.795,2026-08-22T14:00:23.771581+00:00
pennylane-lightning.qubit,0.45.1,brickwall,pauli_z_first_k,16,6,2,32,50,1600,7.59086442e-03,1.34676952e-03,2.78268758e-02,42166354,1.238,2026-08-22T14:00:25.015128+00:00
pennylane-lightning.qubit,0.45.1,brickwall,pauli_z_first_k,16,6,3,48,50,2400,9.65068647e-03,1.25963230e-03,3.45334461e-02,42166385,1.937,2026-08-22T14:00:26.956543+00:00
pennylane-lightning.qubit,0.45.1,brickwall,pauli_z_first_k,16,6,4,64,50,3200,6.89146490e-03,8.92811971e-04,3.29346001e-02,42166416,2.177,2026-08-22T14:00:29.137888+00:00
pennylane-lightning.qubit,0.45.1,brickwall,pauli_z_first_k,16,6,5,80,50,4000,5.40132944e-03,4.65365454e-04,3.14794814e-02,42166447,3.240,2026-08-22T14:00:32.382271+00:00
pennylane-lightning.qubit,0.45.1,brickwall,pauli_z_first_k,16,6,6,96,50,4800,4.94592327e-03,4.97646347e-04,3.12696772e-02,42166478,3.667,2026-08-22T14:00:36.054315+00:00
pennylane-lightning.qubit,0.45.1,brickwall,pauli_z_first_k,16,6,7,112,50,5600,3.40103454e-03,2.99027732e-04,2.70414556e-02,42166509,3.528,2026-08-22T14:00:39.586556+00:00
pennylane-lightning.qubit,0.45.1,brickwall,pauli_z_first_k,16,6,8,128,50,6400,3.44045628e-03,3.87086391e-04,2.71803119e-02,42166540,4.338,2026-08-22T14:00:43.929400+00:00
pennylane-lightning.qubit,0.45.1,brickwall,pauli_z_first_k,16,6,9,144,50,7200,3.02187232e-03,3.32473581e-04,2.69302824e-02,42166571,5.920,2026-08-22T14:00:49.854122+00:00
pennylane-lightning.qubit,0.45.1,brickwall,pauli_z_first_k,16,6,10,160,50,8000,3.50436534e-03,4.25095059e-04,2.84358874e-02,42166602,5.198,2026-08-22T14:00:55.056732+00:00
pennylane-lightning.qubit,0.45.1,brickwall,pauli_z_first_k,16,6,11,176,50,8800,2.05411500e-03,1.73000516e-04,2.31759226e-02,42166633,6.932,2026-08-22T14:01:01.993807+00:00
pennylane-lightning.qubit,0.45.1,brickwall,pauli_z_first_k,16,6,12,192,50,9600,2.17597632e-03,1.49652513e-04,2.42128516e-02,42166664,5.772,2026-08-22T14:01:07.770731+00:00
pennylane-lightning.qubit,0.45.1,brickwall,pauli_z_first_k,16,6,13,208,50,10400,1.77628102e-03,1.51240696e-04,2.22190384e-02,42166695,7.568,2026-08-22T14:01:15.342710+00:00
pennylane-lightning.qubit,0.45.1,brickwall,pauli_z_first_k,16,6,14,224,50,11200,2.26041273e-03,2.05212613e-04,2.48742222e-02,42166726,7.121,2026-08-22T14:01:22.468072+00:00
pennylane-lightning.qubit,0.45.1,brickwall,pauli_z_first_k,16,6,15,240,50,12000,1.38390934e-03,1.05013330e-04,2.01171797e-02,42166757,8.492,2026-08-22T14:01:30.964913+00:00
pennylane-lightning.qubit,0.45.1,brickwall,pauli_z_first_k,16,6,16,256,50,12800,1.78685715e-03,2.09707953e-04,2.20179037e-02,42166788,8.459,2026-08-22T14:01:39.428341+00:00
pennylane-lightning.qubit,0.45.1,brickwall,pauli_z_first_k,16,6,17,272,50,13600,1.37390733e-03,1.21341077e-04,2.02244826e-02,42166819,9.112,2026-08-22T14:01:48.545551+00:00
pennylane-lightning.qubit,0.45.1,brickwall,pauli_z_first_k,16,6,18,288,50,14400,1.35049210e-03,1.00855058e-04,1.98394310e-02,42166850,10.246,2026-08-22T14:01:58.797027+00:00
pennylane-lightning.qubit,0.45.1,brickwall,pauli_z_first_k,16,6,19,304,50,15200,9.46103864e-04,6.51039686e-05,1.71778080e-02,42166881,10.219,2026-08-22T14:02:09.020415+00:00
pennylane-lightning.qubit,0.45.1,brickwall,pauli_z_first_k,16,6,20,320,50,16000,1.06717580e-03,9.33887764e-05,1.78249084e-02,42166912,10.290,2026-08-22T14:02:19.315295+00:00
pennylane-lightning.qubit,0.45.1,brickwall,pauli_z_first_k,16,6,21,336,50,16800,6.59310083e-04,5.56779763e-05,1.46885111e-02,42166943,10.661,2026-08-22T14:02:29.979913+00:00
pennylane-lightning.qubit,0.45.1,brickwall,pauli_z_first_k,16,6,22,352,50,17600,8.27272910e-04,6.15800090e-05,1.62819602e-02,42166974,11.933,2026-08-22T14:02:41.916870+00:00
pennylane-lightning.qubit,0.45.1,brickwall,pauli_z_first_k,16,6,23,368,50,18400,5.52069848e-04,3.62950421e-05,1.37799586e-02,42167005,12.349,2026-08-22T14:02:54.271550+00:00
pennylane-lightning.qubit,0.45.1,brickwall,pauli_z_first_k,16,6,24,384,50,19200,6.85846477e-04,6.49050086e-05,1.47737052e-02,42167036,12.831,2026-08-22T14:03:07.106806+00:00
pennylane-lightning.qubit,0.45.1,brickwall,pauli_z_first_k,16,6,25,400,50,20000,5.16547276e-04,4.00589322e-05,1.33540912e-02,42167067,13.447,2026-08-22T14:03:20.559276+00:00
pennylane-lightning.qubit,0.45.1,brickwall,pauli_z_first_k,16,6,26,416,50,20800,6.26962048e-04,4.78197866e-05,1.45256365e-02,42167098,13.880,2026-08-22T14:03:34.444800+00:00
pennylane-lightning.qubit,0.45.1,brickwall,pauli_z_first_k,16,6,27,432,50,21600,4.20434040e-04,3.13722201e-05,1.21800547e-02,42167129,14.318,2026-08-22T14:03:48.767780+00:00
pennylane-lightning.qubit,0.45.1,brickwall,pauli_z_first_k,16,6,28,448,50,22400,4.73449145e-04,3.49978515e-05,1.26551339e-02,42167160,14.714,2026-08-22T14:04:03.486784+00:00
pennylane-lightning.qubit,0.45.1,brickwall,pauli_z_first_k,16,6,29,464,50,23200,3.12789319e-04,2.06925996e-05,1.07834264e-02,42167191,16.261,2026-08-22T14:04:19.752893+00:00
pennylane-lightning.qubit,0.45.1,brickwall,pauli_z_first_k,16,6,30,480,50,24000,4.11269498e-04,3.11791434e-05,1.18488225e-02,42167222,15.831,2026-08-22T14:04:35.589702+00:00
pennylane-lightning.qubit,0.45.1,brickwall,pauli_z_first_k,16,8,1,16,50,800,1.55887866e-02,2.06097424e-03,3.90621358e-02,42168341,0.716,2026-08-22T14:04:36.311827+00:00
pennylane-lightning.qubit,0.45.1,brickwall,pauli_z_first_k,16,8,2,32,50,1600,4.99523762e-03,7.83487579e-04,2.54096343e-02,42168372,1.183,2026-08-22T14:04:37.499419+00:00
pennylane-lightning.qubit,0.45.1,brickwall,pauli_z_first_k,16,8,3,48,50,2400,3.00872168e-03,4.77802354e-04,2.15139477e-02,42168403,1.658,2026-08-22T14:04:39.162107+00:00
pennylane-lightning.qubit,0.45.1,brickwall,pauli_z_first_k,16,8,4,64,50,3200,2.54933679e-03,4.21333998e-04,2.02593049e-02,42168434,2.124,2026-08-22T14:04:41.291168+00:00
pennylane-lightning.qubit,0.45.1,brickwall,pauli_z_first_k,16,8,5,80,50,4000,1.66926842e-03,2.21186761e-04,1.80514232e-02,42168465,2.920,2026-08-22T14:04:44.216869+00:00
pennylane-lightning.qubit,0.45.1,brickwall,pauli_z_first_k,16,8,6,96,50,4800,1.86484528e-03,2.38722667e-04,1.98699482e-02,42168496,3.966,2026-08-22T14:04:48.187876+00:00
pennylane-lightning.qubit,0.45.1,brickwall,pauli_z_first_k,16,8,7,112,50,5600,1.41717940e-03,1.75970253e-04,1.84626349e-02,42168527,3.554,2026-08-22T14:04:51.746941+00:00
pennylane-lightning.qubit,0.45.1,brickwall,pauli_z_first_k,16,8,8,128,50,6400,1.56007107e-03,1.77176907e-04,2.00484942e-02,42168558,3.970,2026-08-22T14:04:55.722269+00:00
pennylane-lightning.qubit,0.45.1,brickwall,pauli_z_first_k,16,8,9,144,50,7200,1.01011207e-03,9.39565288e-05,1.69025231e-02,42168589,5.680,2026-08-22T14:05:01.407479+00:00
pennylane-lightning.qubit,0.45.1,brickwall,pauli_z_first_k,16,8,10,160,50,8000,1.22930450e-03,1.51158772e-04,1.81750805e-02,42168620,4.904,2026-08-22T14:05:06.317438+00:00
pennylane-lightning.qubit,0.45.1,brickwall,pauli_z_first_k,16,8,11,176,50,8800,7.56282538e-04,1.03583215e-04,1.50277158e-02,42168651,6.482,2026-08-22T14:05:12.803481+00:00
pennylane-lightning.qubit,0.45.1,brickwall,pauli_z_first_k,16,8,12,192,50,9600,9.86079147e-04,1.31677452e-04,1.70891163e-02,42168682,6.223,2026-08-22T14:05:19.030134+00:00
pennylane-lightning.qubit,0.45.1,brickwall,pauli_z_first_k,16,8,13,208,50,10400,7.77697325e-04,8.81461639e-05,1.54873076e-02,42168713,7.552,2026-08-22T14:05:26.586277+00:00
pennylane-lightning.qubit,0.45.1,brickwall,pauli_z_first_k,16,8,14,224,50,11200,8.06932245e-04,6.74631179e-05,1.60457685e-02,42168744,6.873,2026-08-22T14:05:33.463954+00:00
pennylane-lightning.qubit,0.45.1,brickwall,pauli_z_first_k,16,8,15,240,50,12000,5.53651893e-04,5.36401084e-05,1.37861034e-02,42168775,8.456,2026-08-22T14:05:41.924780+00:00
pennylane-lightning.qubit,0.45.1,brickwall,pauli_z_first_k,16,8,16,256,50,12800,7.00722671e-04,6.63223274e-05,1.54316541e-02,42168806,8.035,2026-08-22T14:05:49.964877+00:00
pennylane-lightning.qubit,0.45.1,brickwall,pauli_z_first_k,16,8,17,272,50,13600,3.74280023e-04,3.91270886e-05,1.14296653e-02,42168837,9.288,2026-08-22T14:05:59.259170+00:00
pennylane-lightning.qubit,0.45.1,brickwall,pauli_z_first_k,16,8,18,288,50,14400,4.94483543e-04,5.02325996e-05,1.32636344e-02,42168868,9.884,2026-08-22T14:06:09.147987+00:00
pennylane-lightning.qubit,0.45.1,brickwall,pauli_z_first_k,16,8,19,304,50,15200,2.72216798e-04,1.86493393e-05,1.03571382e-02,42168899,10.341,2026-08-22T14:06:19.493522+00:00
pennylane-lightning.qubit,0.45.1,brickwall,pauli_z_first_k,16,8,20,320,50,16000,2.91128264e-04,2.26478925e-05,1.06078114e-02,42168930,9.801,2026-08-22T14:06:29.299820+00:00
pennylane-lightning.qubit,0.45.1,brickwall,pauli_z_first_k,16,8,21,336,50,16800,2.52071174e-04,1.65269055e-05,1.01766565e-02,42168961,11.201,2026-08-22T14:06:40.505057+00:00
pennylane-lightning.qubit,0.45.1,brickwall,pauli_z_first_k,16,8,22,352,50,17600,3.06817518e-04,2.79175279e-05,1.06510351e-02,42168992,11.751,2026-08-22T14:06:52.259376+00:00
pennylane-lightning.qubit,0.45.1,brickwall,pauli_z_first_k,16,8,23,368,50,18400,1.98219224e-04,1.22647964e-05,9.10597726e-03,42169023,12.369,2026-08-22T14:07:04.632586+00:00
pennylane-lightning.qubit,0.45.1,brickwall,pauli_z_first_k,16,8,24,384,50,19200,2.48580994e-04,1.85099865e-05,9.99842937e-03,42169054,12.751,2026-08-22T14:07:17.388632+00:00
pennylane-lightning.qubit,0.45.1,brickwall,pauli_z_first_k,16,8,25,400,50,20000,1.46800473e-04,1.25709255e-05,7.94544857e-03,42169085,13.406,2026-08-22T14:07:30.798658+00:00
pennylane-lightning.qubit,0.45.1,brickwall,pauli_z_first_k,16,8,26,416,50,20800,2.03650315e-04,1.49433873e-05,9.06118229e-03,42169116,13.877,2026-08-22T14:07:44.679407+00:00
pennylane-lightning.qubit,0.45.1,brickwall,pauli_z_first_k,16,8,27,432,50,21600,1.23529434e-04,8.59303572e-06,7.29840924e-03,42169147,14.301,2026-08-22T14:07:58.984888+00:00
pennylane-lightning.qubit,0.45.1,brickwall,pauli_z_first_k,16,8,28,448,50,22400,1.65660187e-04,1.11001946e-05,8.27821205e-03,42169178,14.654,2026-08-22T14:08:13.643004+00:00
pennylane-lightning.qubit,0.45.1,brickwall,pauli_z_first_k,16,8,29,464,50,23200,1.01552147e-04,6.17854985e-06,6.77174528e-03,42169209,15.601,2026-08-22T14:08:29.248861+00:00
pennylane-lightning.qubit,0.45.1,brickwall,pauli_z_first_k,16,8,30,480,50,24000,1.48774418e-04,1.16576904e-05,7.81372547e-03,42169240,16.445,2026-08-22T14:08:45.696469+00:00
pennylane-lightning.qubit,0.45.1,brickwall,pauli_z_first_k,16,10,1,16,50,800,1.13291704e-02,1.71980022e-03,3.58454726e-02,42170359,0.714,2026-08-22T14:08:46.416723+00:00
pennylane-lightning.qubit,0.45.1,brickwall,pauli_z_first_k,16,10,2,32,50,1600,2.03920067e-03,4.08988327e-04,1.52102354e-02,42170390,1.162,2026-08-22T14:08:47.584404+00:00
pennylane-lightning.qubit,0.45.1,brickwall,pauli_z_first_k,16,10,3,48,50,2400,1.29455278e-03,4.29061974e-04,1.23446067e-02,42170421,1.637,2026-08-22T14:08:49.225814+00:00
pennylane-lightning.qubit,0.45.1,brickwall,pauli_z_first_k,16,10,4,64,50,3200,9.57859967e-04,1.72535519e-04,1.35923218e-02,42170452,2.107,2026-08-22T14:08:51.337107+00:00
pennylane-lightning.qubit,0.45.1,brickwall,pauli_z_first_k,16,10,5,80,50,4000,8.61570242e-04,1.39246691e-04,1.36607323e-02,42170483,2.593,2026-08-22T14:08:53.934518+00:00
pennylane-lightning.qubit,0.45.1,brickwall,pauli_z_first_k,16,10,6,96,50,4800,6.12447789e-04,6.95742559e-05,1.27405854e-02,42170514,4.069,2026-08-22T14:08:58.007889+00:00
pennylane-lightning.qubit,0.45.1,brickwall,pauli_z_first_k,16,10,7,112,50,5600,5.03876892e-04,8.69103025e-05,1.15449236e-02,42170545,3.613,2026-08-22T14:09:01.625884+00:00
pennylane-lightning.qubit,0.45.1,brickwall,pauli_z_first_k,16,10,8,128,50,6400,6.91725413e-04,1.10438154e-04,1.38637850e-02,42170576,3.937,2026-08-22T14:09:05.567455+00:00
pennylane-lightning.qubit,0.45.1,brickwall,pauli_z_first_k,16,10,9,144,50,7200,4.37242327e-04,6.82952062e-05,1.14033126e-02,42170607,5.614,2026-08-22T14:09:11.185106+00:00
pennylane-lightning.qubit,0.45.1,brickwall,pauli_z_first_k,16,10,10,160,50,8000,4.29876386e-04,1.02939519e-04,1.08802898e-02,42170638,4.935,2026-08-22T14:09:16.124759+00:00
pennylane-lightning.qubit,0.45.1,brickwall,pauli_z_first_k,16,10,11,176,50,8800,3.21064636e-04,3.98439749e-05,1.07114536e-02,42170669,5.694,2026-08-22T14:09:21.823850+00:00
pennylane-lightning.qubit,0.45.1,brickwall,pauli_z_first_k,16,10,12,192,50,9600,2.50804657e-04,2.89818693e-05,9.37705034e-03,42170700,6.707,2026-08-22T14:09:28.535570+00:00
pennylane-lightning.qubit,0.45.1,brickwall,pauli_z_first_k,16,10,13,208,50,10400,2.16027259e-04,2.54095662e-05,8.98091961e-03,42170731,6.725,2026-08-22T14:09:35.264594+00:00
pennylane-lightning.qubit,0.45.1,brickwall,pauli_z_first_k,16,10,14,224,50,11200,3.06764429e-04,4.79361536e-05,1.03869168e-02,42170762,7.579,2026-08-22T14:09:42.847717+00:00
pennylane-lightning.qubit,0.45.1,brickwall,pauli_z_first_k,16,10,15,240,50,12000,1.81988556e-04,1.87621508e-05,8.60649302e-03,42170793,8.445,2026-08-22T14:09:51.296759+00:00
pennylane-lightning.qubit,0.45.1,brickwall,pauli_z_first_k,16,10,16,256,50,12800,1.88036218e-04,2.02016316e-05,8.64477400e-03,42170824,7.896,2026-08-22T14:09:59.197017+00:00
pennylane-lightning.qubit,0.45.1,brickwall,pauli_z_first_k,16,10,17,272,50,13600,1.31424127e-04,9.08543189e-06,7.58822862e-03,42170855,9.416,2026-08-22T14:10:08.616981+00:00
pennylane-lightning.qubit,0.45.1,brickwall,pauli_z_first_k,16,10,18,288,50,14400,1.71685290e-04,1.87801895e-05,8.33916424e-03,42170886,9.970,2026-08-22T14:10:18.591510+00:00
pennylane-lightning.qubit,0.45.1,brickwall,pauli_z_first_k,16,10,19,304,50,15200,1.20441350e-04,1.34408594e-05,7.23524920e-03,42170917,9.814,2026-08-22T14:10:28.410653+00:00
pennylane-lightning.qubit,0.45.1,brickwall,pauli_z_first_k,16,10,20,320,50,16000,1.25246096e-04,1.14556825e-05,7.40262517e-03,42170948,10.300,2026-08-22T14:10:38.714388+00:00
pennylane-lightning.qubit,0.45.1,brickwall,pauli_z_first_k,16,10,21,336,50,16800,9.14013693e-05,8.53965814e-06,6.49961533e-03,42170979,11.287,2026-08-22T14:10:50.006130+00:00
pennylane-lightning.qubit,0.45.1,brickwall,pauli_z_first_k,16,10,22,352,50,17600,1.19364246e-04,7.92433523e-06,7.31997255e-03,42171010,11.714,2026-08-22T14:11:01.725783+00:00
pennylane-lightning.qubit,0.45.1,brickwall,pauli_z_first_k,16,10,23,368,50,18400,6.96344719e-05,5.46574485e-06,5.76842579e-03,42171041,12.219,2026-08-22T14:11:13.948883+00:00
pennylane-lightning.qubit,0.45.1,brickwall,pauli_z_first_k,16,10,24,384,50,19200,8.05999029e-05,7.32866271e-06,6.14398790e-03,42171072,12.679,2026-08-22T14:11:26.632770+00:00
pennylane-lightning.qubit,0.45.1,brickwall,pauli_z_first_k,16,10,25,400,50,20000,6.15641781e-05,4.18431210e-06,5.44354071e-03,42171103,13.110,2026-08-22T14:11:39.747632+00:00
pennylane-lightning.qubit,0.45.1,brickwall,pauli_z_first_k,16,10,26,416,50,20800,7.16228042e-05,6.95283848e-06,5.78769051e-03,42171134,13.612,2026-08-22T14:11:53.364203+00:00
pennylane-lightning.qubit,0.45.1,brickwall,pauli_z_first_k,16,10,27,432,50,21600,5.68991622e-05,3.47214553e-06,5.37546484e-03,42171165,14.036,2026-08-22T14:12:07.404864+00:00
pennylane-lightning.qubit,0.45.1,brickwall,pauli_z_first_k,16,10,28,448,50,22400,5.37074112e-05,2.49018206e-06,5.22327248e-03,42171196,14.670,2026-08-22T14:12:22.079078+00:00
pennylane-lightning.qubit,0.45.1,brickwall,pauli_z_first_k,16,10,29,464,50,23200,4.01652469e-05,2.83536580e-06,4.54153255e-03,42171227,15.018,2026-08-22T14:12:37.101229+00:00
pennylane-lightning.qubit,0.45.1,brickwall,pauli_z_first_k,16,10,30,480,50,24000,4.86104604e-05,2.81088367e-06,4.95668640e-03,42171258,15.756,2026-08-22T14:12:52.862041+00:00
pennylane-lightning.qubit,0.45.1,brickwall,pauli_z_first_k,16,12,1,16,50,800,5.64647348e-03,8.20006533e-04,2.59519014e-02,42172377,1.012,2026-08-22T14:12:53.879419+00:00
pennylane-lightning.qubit,0.45.1,brickwall,pauli_z_first_k,16,12,2,32,50,1600,1.24724484e-03,2.95358896e-04,1.24894669e-02,42172408,1.524,2026-08-22T14:12:55.410287+00:00
pennylane-lightning.qubit,0.45.1,brickwall,pauli_z_first_k,16,12,3,48,50,2400,6.54804418e-04,1.50958330e-04,9.72424977e-03,42172439,1.592,2026-08-22T14:12:57.006316+00:00
pennylane-lightning.qubit,0.45.1,brickwall,pauli_z_first_k,16,12,4,64,50,3200,4.05870066e-04,8.03090291e-05,8.47475628e-03,42172470,2.052,2026-08-22T14:12:59.062632+00:00
pennylane-lightning.qubit,0.45.1,brickwall,pauli_z_first_k,16,12,5,80,50,4000,3.31717937e-04,6.53964371e-05,8.65468306e-03,42172501,2.519,2026-08-22T14:13:01.585507+00:00
pennylane-lightning.qubit,0.45.1,brickwall,pauli_z_first_k,16,12,6,96,50,4800,2.64816925e-04,4.83168979e-05,7.68517385e-03,42172532,2.976,2026-08-22T14:13:04.566250+00:00
pennylane-lightning.qubit,0.45.1,brickwall,pauli_z_first_k,16,12,7,112,50,5600,2.66991419e-04,5.16028167e-05,8.03587912e-03,42172563,4.497,2026-08-22T14:13:09.067497+00:00
pennylane-lightning.qubit,0.45.1,brickwall,pauli_z_first_k,16,12,8,128,50,6400,2.52114240e-04,4.39170111e-05,8.27633868e-03,42172594,4.020,2026-08-22T14:13:13.091764+00:00
pennylane-lightning.qubit,0.45.1,brickwall,pauli_z_first_k,16,12,9,144,50,7200,1.84055358e-04,3.21215692e-05,7.37351438e-03,42172625,4.398,2026-08-22T14:13:17.493985+00:00
pennylane-lightning.qubit,0.45.1,brickwall,pauli_z_first_k,16,12,10,160,50,8000,1.36086095e-04,2.09126014e-05,6.62217408e-03,42172656,6.017,2026-08-22T14:13:23.515416+00:00
pennylane-lightning.qubit,0.45.1,brickwall,pauli_z_first_k,16,12,11,176,50,8800,1.12457113e-04,1.54154831e-05,6.46896230e-03,42172687,5.429,2026-08-22T14:13:28.948652+00:00
pennylane-lightning.qubit,0.45.1,brickwall,pauli_z_first_k,16,12,12,192,50,9600,9.64427170e-05,1.08470158e-05,6.12461008e-03,42172718,6.910,2026-08-22T14:13:35.863570+00:00
pennylane-lightning.qubit,0.45.1,brickwall,pauli_z_first_k,16,12,13,208,50,10400,8.09180749e-05,1.03455766e-05,5.84209419e-03,42172749,6.332,2026-08-22T14:13:42.199479+00:00
pennylane-lightning.qubit,0.45.1,brickwall,pauli_z_first_k,16,12,14,224,50,11200,9.67247961e-05,1.75145952e-05,6.19598197e-03,42172780,8.085,2026-08-22T14:13:50.288704+00:00
pennylane-lightning.qubit,0.45.1,brickwall,pauli_z_first_k,16,12,15,240,50,12000,6.48217366e-05,5.15372055e-06,5.42566582e-03,42172811,7.532,2026-08-22T14:13:57.825980+00:00
pennylane-lightning.qubit,0.45.1,brickwall,pauli_z_first_k,16,12,16,256,50,12800,8.13877192e-05,8.11466425e-06,6.11490707e-03,42172842,9.133,2026-08-22T14:14:06.964321+00:00
pennylane-lightning.qubit,0.45.1,brickwall,pauli_z_first_k,16,12,17,272,50,13600,6.07315008e-05,9.25639172e-06,5.22144403e-03,42172873,9.755,2026-08-22T14:14:16.724798+00:00
pennylane-lightning.qubit,0.45.1,brickwall,pauli_z_first_k,16,12,18,288,50,14400,5.41651523e-05,6.22024626e-06,5.02666154e-03,42172904,9.682,2026-08-22T14:14:26.411325+00:00
pennylane-lightning.qubit,0.45.1,brickwall,pauli_z_first_k,16,12,19,304,50,15200,4.28721639e-05,4.23123230e-06,4.63034092e-03,42172935,9.913,2026-08-22T14:14:36.328362+00:00
pennylane-lightning.qubit,0.45.1,brickwall,pauli_z_first_k,16,12,20,320,50,16000,4.81245396e-05,4.55064894e-06,4.89472501e-03,42172966,10.950,2026-08-22T14:14:47.283390+00:00
pennylane-lightning.qubit,0.45.1,brickwall,pauli_z_first_k,16,12,21,336,50,16800,3.56185540e-05,2.60335733e-06,4.31464843e-03,42172997,11.225,2026-08-22T14:14:58.513564+00:00
pennylane-lightning.qubit,0.45.1,brickwall,pauli_z_first_k,16,12,22,352,50,17600,4.43030283e-05,4.27656406e-06,4.65397654e-03,42173028,11.763,2026-08-22T14:15:10.281001+00:00
pennylane-lightning.qubit,0.45.1,brickwall,pauli_z_first_k,16,12,23,368,50,18400,3.27572935e-05,2.20052898e-06,4.19463935e-03,42173059,12.302,2026-08-22T14:15:22.587698+00:00
pennylane-lightning.qubit,0.45.1,brickwall,pauli_z_first_k,16,12,24,384,50,19200,4.09101099e-05,2.83717592e-06,4.65228901e-03,42173090,12.879,2026-08-22T14:15:35.472418+00:00
pennylane-lightning.qubit,0.45.1,brickwall,pauli_z_first_k,16,12,25,400,50,20000,2.97840245e-05,1.52025800e-06,4.08355533e-03,42173121,13.425,2026-08-22T14:15:48.902534+00:00
pennylane-lightning.qubit,0.45.1,brickwall,pauli_z_first_k,16,12,26,416,50,20800,3.08906458e-05,1.56128505e-06,4.11955072e-03,42173152,13.787,2026-08-22T14:16:02.693558+00:00
pennylane-lightning.qubit,0.45.1,brickwall,pauli_z_first_k,16,12,27,432,50,21600,2.73317171e-05,1.33330711e-06,3.91394332e-03,42173183,14.563,2026-08-22T14:16:17.261568+00:00
pennylane-lightning.qubit,0.45.1,brickwall,pauli_z_first_k,16,12,28,448,50,22400,2.89823630e-05,1.83567504e-06,4.00951171e-03,42173214,15.007,2026-08-22T14:16:32.273182+00:00
pennylane-lightning.qubit,0.45.1,brickwall,pauli_z_first_k,16,12,29,464,50,23200,2.55396464e-05,1.13350943e-06,3.82340481e-03,42173245,15.258,2026-08-22T14:16:47.535044+00:00
pennylane-lightning.qubit,0.45.1,brickwall,pauli_z_first_k,16,12,30,480,50,24000,2.69239936e-05,1.51546626e-06,3.89239256e-03,42173276,15.957,2026-08-22T14:17:03.496049+00:00
pennylane-lightning.qubit,0.45.1,brickwall,pauli_z_first_k,16,14,1,16,50,800,5.44953470e-03,1.05125280e-03,2.36239380e-02,42174395,1.023,2026-08-22T14:17:04.523929+00:00
pennylane-lightning.qubit,0.45.1,brickwall,pauli_z_first_k,16,14,2,32,50,1600,8.43933893e-04,4.64893974e-04,7.88985224e-03,42174426,1.632,2026-08-22T14:17:06.160092+00:00
pennylane-lightning.qubit,0.45.1,brickwall,pauli_z_first_k,16,14,3,48,50,2400,3.81521502e-04,9.97448501e-05,8.01118818e-03,42174457,1.620,2026-08-22T14:17:07.784723+00:00
pennylane-lightning.qubit,0.45.1,brickwall,pauli_z_first_k,16,14,4,64,50,3200,5.23065866e-04,1.87125061e-04,8.74218966e-03,42174488,2.092,2026-08-22T14:17:09.881713+00:00
pennylane-lightning.qubit,0.45.1,brickwall,pauli_z_first_k,16,14,5,80,50,4000,1.63070512e-04,4.10723156e-05,5.92809366e-03,42174519,2.555,2026-08-22T14:17:12.441214+00:00
pennylane-lightning.qubit,0.45.1,brickwall,pauli_z_first_k,16,14,6,96,50,4800,1.09605634e-04,1.75771529e-05,5.72894174e-03,42174550,3.019,2026-08-22T14:17:15.464702+00:00
pennylane-lightning.qubit,0.45.1,brickwall,pauli_z_first_k,16,14,7,112,50,5600,7.64505929e-05,1.46914864e-05,4.70716539e-03,42174581,4.565,2026-08-22T14:17:20.034245+00:00
pennylane-lightning.qubit,0.45.1,brickwall,pauli_z_first_k,16,14,8,128,50,6400,9.12523767e-05,1.29198042e-05,5.73689198e-03,42174612,4.093,2026-08-22T14:17:24.132562+00:00
pennylane-lightning.qubit,0.45.1,brickwall,pauli_z_first_k,16,14,9,144,50,7200,7.08824283e-05,1.55397909e-05,4.66425191e-03,42174643,4.441,2026-08-22T14:17:28.578980+00:00
pennylane-lightning.qubit,0.45.1,brickwall,pauli_z_first_k,16,14,10,160,50,8000,6.45040307e-05,1.00705194e-05,4.88027722e-03,42174674,6.043,2026-08-22T14:17:34.626205+00:00
pennylane-lightning.qubit,0.45.1,brickwall,pauli_z_first_k,16,14,11,176,50,8800,3.86817443e-05,3.96845342e-06,4.03772493e-03,42174705,5.307,2026-08-22T14:17:39.937819+00:00
pennylane-lightning.qubit,0.45.1,brickwall,pauli_z_first_k,16,14,12,192,50,9600,4.73573940e-05,5.73168611e-06,4.45361661e-03,42174736,7.173,2026-08-22T14:17:47.115733+00:00
pennylane-lightning.qubit,0.45.1,brickwall,pauli_z_first_k,16,14,13,208,50,10400,3.91262221e-05,4.83536988e-06,4.19587824e-03,42174767,6.421,2026-08-22T14:17:53.541848+00:00
pennylane-lightning.qubit,0.45.1,brickwall,pauli_z_first_k,16,14,14,224,50,11200,4.31203065e-05,6.09206921e-06,4.37148050e-03,42174798,7.909,2026-08-22T14:18:01.455282+00:00
pennylane-lightning.qubit,0.45.1,brickwall,pauli_z_first_k,16,14,15,240,50,12000,3.40327809e-05,3.95238933e-06,4.07990143e-03,42174829,7.262,2026-08-22T14:18:08.721101+00:00
pennylane-lightning.qubit,0.45.1,brickwall,pauli_z_first_k,16,14,16,256,50,12800,2.82968474e-05,2.53495429e-06,3.79229110e-03,42174860,9.001,2026-08-22T14:18:17.728145+00:00
pennylane-lightning.qubit,0.45.1,brickwall,pauli_z_first_k,16,14,17,272,50,13600,3.11989634e-05,3.28420215e-06,3.99048313e-03,42174891,9.391,2026-08-22T14:18:27.123118+00:00
pennylane-lightning.qubit,0.45.1,brickwall,pauli_z_first_k,16,14,18,288,50,14400,2.97310011e-05,2.45758668e-06,3.92640335e-03,42174922,9.324,2026-08-22T14:18:36.451596+00:00
pennylane-lightning.qubit,0.45.1,brickwall,pauli_z_first_k,16,14,19,304,50,15200,2.47563487e-05,1.77923434e-06,3.63739059e-03,42174953,9.817,2026-08-22T14:18:46.273738+00:00
pennylane-lightning.qubit,0.45.1,brickwall,pauli_z_first_k,16,14,20,320,50,16000,2.91262815e-05,2.50808306e-06,3.96621536e-03,42174984,10.639,2026-08-22T14:18:56.917036+00:00
pennylane-lightning.qubit,0.45.1,brickwall,pauli_z_first_k,16,14,21,336,50,16800,2.22099117e-05,1.03417294e-06,3.57380178e-03,42175015,11.411,2026-08-22T14:19:08.336005+00:00
pennylane-lightning.qubit,0.45.1,brickwall,pauli_z_first_k,16,14,22,352,50,17600,2.64950944e-05,1.81873814e-06,3.85573701e-03,42175046,11.685,2026-08-22T14:19:20.025518+00:00
pennylane-lightning.qubit,0.45.1,brickwall,pauli_z_first_k,16,14,23,368,50,18400,2.52032049e-05,1.58581529e-06,3.79867769e-03,42175077,12.184,2026-08-22T14:19:32.213652+00:00
pennylane-lightning.qubit,0.45.1,brickwall,pauli_z_first_k,16,14,24,384,50,19200,2.30996490e-05,1.09541909e-06,3.65574153e-03,42175108,12.813,2026-08-22T14:19:45.031199+00:00
pennylane-lightning.qubit,0.45.1,brickwall,pauli_z_first_k,16,14,25,400,50,20000,2.11512280e-05,1.10620830e-06,3.51061130e-03,42175139,12.983,2026-08-22T14:19:58.018850+00:00
pennylane-lightning.qubit,0.45.1,brickwall,pauli_z_first_k,16,14,26,416,50,20800,2.05841024e-05,8.14352980e-07,3.48599054e-03,42175170,13.576,2026-08-22T14:20:11.598888+00:00
pennylane-lightning.qubit,0.45.1,brickwall,pauli_z_first_k,16,14,27,432,50,21600,2.04384990e-05,7.96591336e-07,3.48039789e-03,42175201,13.998,2026-08-22T14:20:25.602610+00:00
pennylane-lightning.qubit,0.45.1,brickwall,pauli_z_first_k,16,14,28,448,50,22400,2.13646589e-05,1.00099921e-06,3.53881138e-03,42175232,14.436,2026-08-22T14:20:40.042795+00:00
pennylane-lightning.qubit,0.45.1,brickwall,pauli_z_first_k,16,14,29,464,50,23200,1.89190057e-05,6.37733458e-07,3.36337189e-03,42175263,14.905,2026-08-22T14:20:54.951590+00:00
pennylane-lightning.qubit,0.45.1,brickwall,pauli_z_first_k,16,14,30,480,50,24000,2.03245192e-05,7.80497236e-07,3.48981872e-03,42175294,15.271,2026-08-22T14:21:10.227138+00:00
pennylane-lightning.qubit,0.45.1,brickwall,pauli_z_first_k,16,16,1,16,50,800,2.03217995e-03,6.59957587e-04,1.39737848e-02,42176413,0.698,2026-08-22T14:21:10.929858+00:00
pennylane-lightning.qubit,0.45.1,brickwall,pauli_z_first_k,16,16,2,32,50,1600,5.89719792e-05,1.72083280e-05,2.66567219e-03,42176444,1.189,2026-08-22T14:21:12.123676+00:00
pennylane-lightning.qubit,0.45.1,brickwall,pauli_z_first_k,16,16,3,48,50,2400,6.78095259e-05,2.22808550e-05,3.01599281e-03,42176475,1.997,2026-08-22T14:21:14.124838+00:00
pennylane-lightning.qubit,0.45.1,brickwall,pauli_z_first_k,16,16,4,64,50,3200,6.26976487e-05,1.38925326e-05,3.52493804e-03,42176506,2.814,2026-08-22T14:21:16.942941+00:00
pennylane-lightning.qubit,0.45.1,brickwall,pauli_z_first_k,16,16,5,80,50,4000,1.31335439e-04,4.02137296e-05,4.63312243e-03,42176537,2.714,2026-08-22T14:21:19.661861+00:00
pennylane-lightning.qubit,0.45.1,brickwall,pauli_z_first_k,16,16,6,96,50,4800,6.23618625e-05,2.04078316e-05,3.62234346e-03,42176568,3.013,2026-08-22T14:21:22.680906+00:00
pennylane-lightning.qubit,0.45.1,brickwall,pauli_z_first_k,16,16,7,112,50,5600,6.49481271e-05,1.21893706e-05,4.42058308e-03,42176599,3.490,2026-08-22T14:21:26.174718+00:00
pennylane-lightning.qubit,0.45.1,brickwall,pauli_z_first_k,16,16,8,128,50,6400,3.97133587e-05,7.21604412e-06,3.70723804e-03,42176630,5.185,2026-08-22T14:21:31.363886+00:00
pennylane-lightning.qubit,0.45.1,brickwall,pauli_z_first_k,16,16,9,144,50,7200,5.81537539e-05,1.24799239e-05,4.40184157e-03,42176661,4.401,2026-08-22T14:21:35.769684+00:00
pennylane-lightning.qubit,0.45.1,brickwall,pauli_z_first_k,16,16,10,160,50,8000,3.80934510e-05,7.45833947e-06,3.60861283e-03,42176692,5.608,2026-08-22T14:21:41.382236+00:00
pennylane-lightning.qubit,0.45.1,brickwall,pauli_z_first_k,16,16,11,176,50,8800,3.53120903e-05,5.63833719e-06,3.68619013e-03,42176723,5.912,2026-08-22T14:21:47.298575+00:00
pennylane-lightning.qubit,0.45.1,brickwall,pauli_z_first_k,16,16,12,192,50,9600,3.80422274e-05,4.84298765e-06,3.99406772e-03,42176754,6.004,2026-08-22T14:21:53.310646+00:00
pennylane-lightning.qubit,0.45.1,brickwall,pauli_z_first_k,16,16,13,208,50,10400,3.87753383e-05,8.30974802e-06,4.01700489e-03,42176785,7.206,2026-08-22T14:22:00.522606+00:00
pennylane-lightning.qubit,0.45.1,brickwall,pauli_z_first_k,16,16,14,224,50,11200,3.59003298e-05,4.02328760e-06,4.08539207e-03,42176816,7.826,2026-08-22T14:22:08.353460+00:00
pennylane-lightning.qubit,0.45.1,brickwall,pauli_z_first_k,16,16,15,240,50,12000,3.17069658e-05,4.32708040e-06,3.89295229e-03,42176847,7.548,2026-08-22T14:22:15.906452+00:00
pennylane-lightning.qubit,0.45.1,brickwall,pauli_z_first_k,16,16,16,256,50,12800,2.68482407e-05,2.34080833e-06,3.70651268e-03,42176878,8.966,2026-08-22T14:22:24.876423+00:00
pennylane-lightning.qubit,0.45.1,brickwall,pauli_z_first_k,16,16,17,272,50,13600,3.00085016e-05,3.34191057e-06,3.92713767e-03,42176909,8.731,2026-08-22T14:22:33.611488+00:00
pennylane-lightning.qubit,0.45.1,brickwall,pauli_z_first_k,16,16,18,288,50,14400,2.92377120e-05,2.43774604e-06,3.93434227e-03,42176940,9.355,2026-08-22T14:22:42.970792+00:00
pennylane-lightning.qubit,0.45.1,brickwall,pauli_z_first_k,16,16,19,304,50,15200,2.60922352e-05,2.12194832e-06,3.75981867e-03,42176971,10.402,2026-08-22T14:22:53.377235+00:00
pennylane-lightning.qubit,0.45.1,brickwall,pauli_z_first_k,16,16,20,320,50,16000,2.25034823e-05,1.69631345e-06,3.51532503e-03,42177002,10.705,2026-08-22T14:23:04.086077+00:00
pennylane-lightning.qubit,0.45.1,brickwall,pauli_z_first_k,16,16,21,336,50,16800,2.19668318e-05,1.43286996e-06,3.53455242e-03,42177033,11.285,2026-08-22T14:23:15.375289+00:00
pennylane-lightning.qubit,0.45.1,brickwall,pauli_z_first_k,16,16,22,352,50,17600,2.57817082e-05,1.88350538e-06,3.79121778e-03,42177064,11.463,2026-08-22T14:23:26.842858+00:00
pennylane-lightning.qubit,0.45.1,brickwall,pauli_z_first_k,16,16,23,368,50,18400,2.16804554e-05,9.02308704e-07,3.56864630e-03,42177095,11.850,2026-08-22T14:23:38.696925+00:00
pennylane-lightning.qubit,0.45.1,brickwall,pauli_z_first_k,16,16,24,384,50,19200,2.21777792e-05,9.76735014e-07,3.62680463e-03,42177126,12.613,2026-08-22T14:23:51.313411+00:00
pennylane-lightning.qubit,0.45.1,brickwall,pauli_z_first_k,16,16,25,400,50,20000,1.99921379e-05,7.07896918e-07,3.44525964e-03,42177157,13.227,2026-08-22T14:24:04.544815+00:00
pennylane-lightning.qubit,0.45.1,brickwall,pauli_z_first_k,16,16,26,416,50,20800,2.03567330e-05,8.16293601e-07,3.49187442e-03,42177188,14.052,2026-08-22T14:24:18.600629+00:00
pennylane-lightning.qubit,0.45.1,brickwall,pauli_z_first_k,16,16,27,432,50,21600,2.08107314e-05,1.30376482e-06,3.51442169e-03,42177219,14.632,2026-08-22T14:24:33.240822+00:00
pennylane-lightning.qubit,0.45.1,brickwall,pauli_z_first_k,16,16,28,448,50,22400,2.01045714e-05,7.65909404e-07,3.48782014e-03,42177250,14.993,2026-08-22T14:24:48.238539+00:00
pennylane-lightning.qubit,0.45.1,brickwall,pauli_z_first_k,16,16,29,464,50,23200,1.90307217e-05,5.49104081e-07,3.38706366e-03,42177281,15.111,2026-08-22T14:25:03.353303+00:00
pennylane-lightning.qubit,0.45.1,brickwall,pauli_z_first_k,16,16,30,480,50,24000,1.90455937e-05,7.20444324e-07,3.40311054e-03,42177312,15.725,2026-08-22T14:25:19.083734+00:00
