bootstrap_id,A,c
0,1282.1264374382595,1.335626222522709
1,752.5361779983136,1.23766203470814
2,684.6846552877827,1.2295880930695329
3,1029.8853523320417,1.3338898178748215
4,2492.7452005816945,1.5559982779924457
5,921.4685047475251,1.3130214233834305
6,845.0201610861224,1.2544232722126476
7,2379.001444025045,1.5014438065279803
8,2031.6062590589684,1.5097406262367892
9,733.5312523244826,1.2584468704525618
10,1432.4341821774674,1.3966675886113358
11,1057.5527143608003,1.336741882984012
12,1675.570931478325,1.4174537894280461
13,991.1696210886903,1.3259891231316878
14,2041.3124944708331,1.4801092997697167
15,1192.1389880162562,1.359395110043874
16,1383.68723518456,1.392401875895028
17,2359.1797464335227,1.523276138107982
18,930.1989775355049,1.3081486436480092
19,885.753034974174,1.2544904081874042
20,5094.332614942281,1.7389632065404206
21,915.9647929266597,1.28793693810734
22,925.8161626051431,1.2753833576428366
23,2251.608760847664,1.5453925450329695
24,830.1797588312373,1.2625066528350253
25,999.6325177356553,1.334102838718305
26,2170.661440168706,1.5051196060309233
27,858.4401926702977,1.2840942775691107
28,914.4246526478315,1.2996853890642652
29,705.0208624317381,1.2124788194730138
30,1168.6522420367808,1.3612068193173141
31,886.9544016948972,1.32694547958007
32,1349.0963095853517,1.4399663234353217
33,1010.9288387537707,1.3359049433710197
34,2039.3772900503477,1.5078021102332142
35,719.759537076818,1.2350893748966887
36,1196.937796435606,1.3701525245294965
37,998.1559479874442,1.333525655916795
38,724.1674206818607,1.2311225058334612
39,1307.2480093179986,1.3764522626804512
40,2521.0978164598423,1.5672130694832318
41,1015.4578905005536,1.3051217188760738
42,1527.8434126880986,1.4092192496045213
43,1204.9344476751858,1.407399116831615
44,933.0572512878017,1.2805893798470669
45,1324.2008170508948,1.3589617832402976
46,978.969176803153,1.3164508312545946
47,931.0686966333284,1.2925673858401505
48,1039.7309537878334,1.334845831310607
49,1690.405562990147,1.4312917880619709
50,1558.0507617529227,1.4402186162393098
51,1021.8758834349032,1.3441355790633585
52,1348.9826356386507,1.4013392848235655
53,826.9527322695084,1.2959757354388115
54,3234.062394293588,1.6205671943873718
55,1637.1479581176284,1.4702653461291852
56,933.039061003452,1.299900927704494
57,812.8836750545782,1.2527777562417977
58,815.1954313047236,1.2545674842472787
59,1253.564481236514,1.4014150855903105
60,1168.687540267337,1.3330839581479224
61,1060.8689067592438,1.313076435339534
62,1259.3736727464623,1.4059709770626074
63,2077.0559447527194,1.5296426729512065
64,1194.3632915972873,1.389180334339779
65,901.086923961733,1.2776332062433076
66,1840.8104799697599,1.4799240489952048
67,776.7858274371134,1.2413041021058173
68,1496.6632606753533,1.3778201433564081
69,1012.8476608527398,1.3272786631461038
70,1347.4177899704518,1.4123804564536158
71,865.794501486621,1.2492389014290992
72,842.5260878973565,1.2612442215024353
73,1040.5743178962598,1.3228501103170365
74,3612.7193173273718,1.6591737057421667
75,1061.2098580218542,1.3458967362912166
76,1510.3056609862047,1.4098621750231242
77,1649.249670099956,1.4640324245703058
78,1709.2298487641904,1.4517873384603535
79,1237.084720555516,1.357845681430441
80,979.2421504644584,1.2933455138587329
81,2623.5842547013826,1.5552259598625604
82,764.1970201972401,1.2130532243530603
83,1212.224800226144,1.3669452037483045
84,674.8630401931638,1.2280180624182182
85,1170.8830646348715,1.3509185203351881
86,1869.1453551741627,1.4616359301450803
87,1682.7189024316888,1.4534042960060254
88,1292.3195467345167,1.3735864333860885
89,1775.8391309109873,1.4607775812789627
90,1121.8341697280025,1.3402841697143304
91,1511.3437883282318,1.420644106244445
92,4476.8860739181555,1.691906851555853
93,668.8344149203596,1.2194599109150053
94,1184.2530094084764,1.3685070041527267
95,1521.1150106987754,1.4158566113227584
96,4499.760643506532,1.711896382298557
97,1188.2970780815672,1.3616857099103599
98,617.2834878674845,1.1647825624938093
99,792.2681351532028,1.2558091956192863
100,1659.5876828521145,1.4302724322850258
101,1938.6013691824623,1.510419959456706
102,1093.62270759426,1.3312723363192647
103,1115.8085779676953,1.3356319890083437
104,863.7565486210854,1.2589595066072556
105,1213.4799224527799,1.335878862776192
106,1553.2614512189018,1.4261122229743621
107,1854.8882121760314,1.4897186419576338
108,1445.6908163573248,1.429339226412291
109,2058.442067757646,1.5239690579507268
110,2110.0438412748495,1.519628607920085
111,1444.787416636073,1.401548465101793
112,1278.7801715168882,1.381292383496182
113,1870.0303489028004,1.4688630800475893
114,952.1577071214281,1.2971862363456643
115,1068.110892808237,1.3209770971580324
116,1018.2703709016797,1.2908700279461296
117,880.1947286409821,1.2822297236370686
118,1019.236930040447,1.3405408812013169
119,1698.2920335668266,1.4736835736960763
120,1342.0576565029141,1.3888714900258183
121,1576.8071051249756,1.4081330491687436
122,1141.6410757076806,1.3450321739882614
123,765.7885622730353,1.2871821657397302
124,946.5954525161077,1.31325191240572
125,913.1061612188847,1.3043591594393062
126,3193.9446436869052,1.615750436061777
127,1784.9934225475163,1.488847713881174
128,1322.5398446332765,1.3783730860281413
129,1115.7800301261645,1.33520962360012
130,2012.6043559106915,1.4898582982958408
131,1457.6559931368288,1.393207384381145
132,2105.8440410207054,1.4906441570101572
133,788.080155203191,1.2470969236438931
134,816.4120024050915,1.2824469147784359
135,2607.6015352814534,1.562765082324742
136,828.3951458372363,1.2510769884545667
137,1177.6042375460372,1.3730420977588362
138,812.3185433214956,1.254323234030525
139,1095.5751233431934,1.3627951654676977
140,1143.3811252940068,1.318323905738555
141,1360.5056212082052,1.4110662856848712
142,1058.4153161256625,1.3315316685546124
143,1327.9407134600629,1.3818427984720782
144,1359.9078555961478,1.430250737479476
145,1280.4966021239854,1.399410954350485
146,1313.8332281406297,1.3434601676706948
147,1602.9399822761588,1.4291799280581885
148,873.8732732140595,1.29366693973388
149,853.7570149992098,1.2632251164016361
150,676.8699823772604,1.1879211413897037
151,1102.6007165682759,1.316059911435121
152,1536.1086428435099,1.4065034845981508
153,1289.9799013504507,1.3937614018894169
154,699.5027548201418,1.2083476773782729
155,794.534759707603,1.2844168383061059
156,612.428553306377,1.1833241980496974
157,2454.8699767110875,1.5263279203804063
158,1130.9114250068412,1.341576700660885
159,1570.4741555418957,1.440760523763138
160,1399.2119679503205,1.408074866672184
161,1000.1708855610672,1.3225332571902066
162,1107.777582231692,1.355975331370429
163,1592.9760284932695,1.4465517752574617
164,2008.7159986099075,1.465437340946705
165,833.5670950038341,1.3119529525034503
166,1627.945205486188,1.4233138588897183
167,1253.1530446748013,1.356518818392582
168,935.5897174497067,1.2960478604619219
169,915.6924641259169,1.2737834841890738
170,889.5116413100591,1.2643925249146697
171,1437.147569832674,1.386604352903389
172,881.0076018632942,1.2905710046909593
173,1446.9899176923122,1.4052194261837951
174,1012.2903104663234,1.3254985779759696
175,2112.793408337462,1.4826338163297161
176,11627.662094304407,1.9160925995793647
177,1638.7725782316197,1.4608036928786607
178,788.5726555769286,1.2904324776599998
179,1348.883122244767,1.3694835350162506
180,1614.7873300332856,1.4429270061959136
181,1110.6571316949137,1.3440742241171075
182,1468.5613533412666,1.4338484846973334
183,778.6452207165794,1.246559347416172
184,951.7598586929498,1.3040318406694127
185,1893.5179870320796,1.4848791639427918
186,892.2806395745512,1.2752818001549482
187,689.9451863772183,1.1945837700084847
188,1070.7171834883545,1.372238377929732
189,844.410816157011,1.2626182259414436
190,946.7281473054913,1.2915405186413584
191,1964.3856721866007,1.4737480016635944
192,833.2827305008797,1.2613956733755236
193,954.7628682318201,1.3140225487021333
194,1580.501264196875,1.4294190353386595
195,2770.8049951977264,1.5645525753980414
196,703.6591848690093,1.2507158012994568
197,1035.700193350131,1.3332408767557202
198,1878.8938173075558,1.4588345792055237
199,1204.9500512270367,1.3704230869336338
200,4440.852702735615,1.6900748324933486
201,857.6485244180253,1.289266982863954
202,1756.4922026620084,1.4430606164835218
203,2323.883862476039,1.524945186816766
204,906.3038860919465,1.279974995009447
205,911.0064450746085,1.2635147220893537
206,1008.3736426824963,1.3356873877768118
207,1014.5090657178732,1.3212214082425928
208,992.9186894899648,1.3038079871696346
209,1087.3089802229172,1.3237676752008154
210,1376.8241196557904,1.398196468254736
211,1254.8868453165999,1.3859482970087387
212,806.9723686462405,1.2375837302355253
213,3566.3572126886334,1.6613770945938604
214,1299.298063662871,1.405280786121135
215,1237.5453973780159,1.3458344795002721
216,882.9654812155433,1.2902902357123698
217,1039.904724716856,1.327655125434057
218,625.8730761583562,1.1832949586653299
219,832.7275293423565,1.3080279606526972
220,1362.6034839970414,1.368714620712477
221,1510.5340789845588,1.4233575619701575
222,2228.604328929937,1.5161588242631296
223,1737.683847279725,1.4861504461211845
224,676.758828784388,1.2205578731940665
225,958.2798753951377,1.3097593151828257
226,1198.4073032435683,1.353973522391015
227,1028.3048495463663,1.352636992319874
228,2257.366731601558,1.525611192913873
229,1111.3864716862581,1.3410502033465637
230,2585.27960249982,1.5349815729236331
231,1750.9262260250187,1.4787512094534248
232,716.1915207176768,1.1933616750120724
233,1437.726446686689,1.397151556492379
234,1228.6991736732007,1.3926736533537727
235,772.4600450378555,1.2283414940507154
236,1577.8591160758233,1.4308109249164502
237,1669.8282639047713,1.431141296091115
238,952.4196686447115,1.305394319272134
239,1595.7955605175773,1.4094041937443897
240,735.1573224039452,1.2328083510017327
241,750.6278596632843,1.2782859993828148
242,1167.8232450842165,1.3578318412389478
243,1817.9358018065698,1.4408703095977247
244,2007.9437316897772,1.4657460888736051
245,983.9874306463827,1.295634037676357
246,2790.959993224749,1.6073615645842272
247,698.659353122525,1.2274199898570641
248,926.9165192763826,1.3087976045837217
249,946.5678652882146,1.3132941506485234
250,2093.564756141861,1.5094829647546315
251,724.5804318531618,1.2282424605070261
252,1490.8940372218885,1.421762942767864
253,975.4450401581898,1.292758974449773
254,1105.825728160726,1.339227064649738
255,845.6739686874394,1.2649400438398217
256,1600.8557552468887,1.4459979795374178
257,943.7604133862463,1.3137444078523903
258,1027.9380379248232,1.3517321747990048
259,1720.4246570929645,1.449109465782299
260,927.5539663252607,1.2920503457942354
261,1137.9677361656234,1.3546728380994604
262,1566.5802330106098,1.4248055141557117
263,1375.6162572174626,1.4032456642116888
264,657.1122165142144,1.1936799083552514
265,1158.7458443832309,1.3607146659074465
266,862.213485652247,1.280808947583669
267,1076.3675695001427,1.3496359994328302
268,1523.6787138372508,1.4264558819697564
269,1933.3696451413985,1.4841137035967746
270,1177.7398652017077,1.3765324781387545
271,1245.250477851714,1.3649891414476325
272,782.8363238831871,1.2380177608574996
273,4966.077384758655,1.7080691675790005
274,876.8341825052064,1.265738235685604
275,1240.308601902628,1.3550752380310798
276,929.3748581840501,1.2944557112063313
277,1679.811468045902,1.437971709374191
278,2543.4389306479243,1.5370954179451086
279,544.479172338968,1.164719424823197
280,726.5517649690521,1.2581672190961803
281,778.2379007028992,1.233060826885406
282,1430.5692460834439,1.3932393525587543
283,915.25533034294,1.2567496638268911
284,1103.0536428145697,1.342187903080718
285,2198.838952135147,1.516886465704507
286,2277.813160959118,1.5095259200030873
287,976.5384843318458,1.3284116570188456
288,1607.4647910711449,1.429316101830653
289,1566.0325080692737,1.4401309629820096
290,758.8537063880798,1.2550033883478044
291,1114.0353579444898,1.3392027310563461
292,4629.216426084022,1.7106235675473689
293,1478.852664357854,1.3832634818447083
294,1382.0972493683917,1.3849847359320222
295,1425.7961434602576,1.4126285320589542
296,727.0922294086337,1.208676514892087
297,1211.0393565758734,1.3645623597535181
298,1879.700874911275,1.472233959095466
299,1195.0550078750152,1.3511761396771231
300,1591.3442658118934,1.4379575394391353
301,1542.5327647268,1.4316846756903396
302,897.320333225477,1.2846481850680083
303,1086.6641432467536,1.3321764171207915
304,1105.8971019663122,1.3298039938205182
305,997.1083858375423,1.3231332794436308
306,861.3655078616314,1.2637768243970602
307,1182.6894260797078,1.3725092366984186
308,1003.5750652235116,1.3166200980213547
309,1808.1903167075523,1.4496963679791492
310,1622.0406582007956,1.4369804753156015
311,1306.0986639172775,1.3509123196123969
312,2762.1354829762467,1.5829962604975434
313,975.7973772419397,1.321511790629786
314,995.3547322469193,1.2887719213472228
315,1706.7075030489173,1.437628336090152
316,1491.0626538371407,1.430215108556024
317,1202.8051625650785,1.3786046452389813
318,1092.5446649851567,1.3433897341583245
319,1044.3895023097093,1.348410034102266
320,1640.4363465623676,1.4464917020344392
321,831.6459866246455,1.268119654535385
322,1748.61352439466,1.4650570115045747
323,1202.4845611252235,1.3512621587788611
324,1152.9991560909705,1.3438964813820893
325,781.6479953909575,1.2110021526962287
326,1250.9762696516548,1.3904034184104517
327,965.5915936781289,1.31087942473665
328,659.991958451348,1.2279120384887747
329,1324.6251164773576,1.3862503975438176
330,1521.451202774251,1.459362136104828
331,2573.721968779826,1.5524983334198357
332,1301.8550479358569,1.3742736731244927
333,1648.432654008336,1.427710125862117
334,1672.1606954307135,1.4509800599822917
335,2203.7005729210914,1.5391927542767363
336,2539.1393507692032,1.5528499049201208
337,1326.8514934630978,1.3861724830768558
338,960.343263772075,1.3102264620925668
339,1150.9525091017656,1.3629376916073788
340,1637.2915836216846,1.4172883497938957
341,599.108942708295,1.161126643183901
342,753.4453406905744,1.2452260601679765
343,1096.6914927861785,1.3207957104284667
344,1084.50557292972,1.3577454751271492
345,892.0418413870399,1.289721767763558
346,889.875815518376,1.2649316386431255
347,2145.9250528138386,1.53473141844788
348,4449.863273518413,1.7413354613852132
349,615.4869118702691,1.1953160106201666
350,1298.7552187468068,1.3707163948141454
351,1084.7675687906708,1.3362809135970244
352,1466.7344511432477,1.4089076017968707
353,1350.2568556880108,1.409127339899329
354,586.3214024914921,1.2008651124567222
355,1466.2314436243398,1.3898993639285737
356,932.0052654724428,1.2964912418421575
357,697.2844473514383,1.2177912343960966
358,2570.70758010676,1.5810652939099439
359,1201.8093773269381,1.3975367266294405
360,1408.8997758150738,1.3905429686824269
361,1368.8961175119662,1.357405755149574
362,895.7961705990325,1.2839946014593449
363,843.6870701256793,1.2740440836444882
364,829.998281252706,1.2662718381866902
365,1343.2619183712268,1.3824265458380196
366,1453.7802524416556,1.3832591422330205
367,2856.609114247038,1.5937331938051702
368,1083.3160436543592,1.3273885830583312
369,3330.9449604285414,1.6249809648713636
370,1197.9739947892049,1.361501939100047
371,716.3788122459167,1.2267259311402947
372,2360.015134863002,1.519082778471676
373,708.2967369684682,1.2083745951255576
374,1261.23364071946,1.3739564219334606
375,689.4113862756317,1.2373415006873714
376,709.5628903674765,1.209046530062691
377,1165.886280807095,1.3620824842732548
378,1917.4527437031354,1.5087709374398957
379,1614.3126634324633,1.4152715452706977
380,885.5503380537715,1.2586576158716383
381,1306.9314768963325,1.4008534532916974
382,1142.0185335217902,1.3523217043582958
383,989.185068983422,1.281585718381387
384,1178.2711898168009,1.3801823458851876
385,1937.9342080676506,1.4814827266938606
386,1120.3864014354224,1.3217076677890411
387,873.1322970376513,1.2737445644098297
388,836.312801278105,1.2648833835000144
389,1165.8689099611506,1.3752297380890661
390,955.544707023403,1.2901131854608827
391,1029.6594971591464,1.31556719427431
392,2231.009382303316,1.5081466769600929
393,795.4585818922174,1.2477917521561286
394,1669.6036340380074,1.4415294563512704
395,1631.2221114476934,1.3950488715470772
396,1206.4164847492882,1.3163492747384336
397,2335.6453915630723,1.5184082104747976
398,741.2343844235936,1.2595702344620587
399,825.7930882577062,1.265635243255359
400,1450.676655131815,1.3928427055078587
401,888.0010841649669,1.2693836178991043
402,4264.265961051095,1.6964985179947631
403,3667.4254524509583,1.66525489556774
404,781.7153051767206,1.2621350618030847
405,1152.434846716183,1.3321405730352494
406,1645.79430446824,1.4361206546367962
407,1247.606242739729,1.3971224577875174
408,1137.1080246187903,1.3476357166552
409,1239.452355686844,1.383831964515666
410,1878.1438482934195,1.4755462801160641
411,1159.6248187978397,1.3659386602912962
412,1543.646725108824,1.4172078930665444
413,905.779554695363,1.3080691807423273
414,827.502805664394,1.2474267942611823
415,1282.5916596450083,1.4131605576657564
416,767.8583467197815,1.2419680883680368
417,2010.4910797359737,1.4936477796007264
418,836.1983237774081,1.2647675691094697
419,1673.5278901325319,1.453061220182258
420,1279.1151557235012,1.386234637007883
421,1078.8862391457071,1.296969867010768
422,903.7174207807632,1.2982612795438309
423,1488.642515370176,1.4003236179304446
424,833.3544484985517,1.2906163578008711
425,1400.1261832809078,1.3867674249045103
426,3414.470915919618,1.6310218853335476
427,900.6180751664544,1.2871343681031924
428,1380.4235131717394,1.4035446294825296
429,1298.2875538650512,1.4015731697773968
430,7133.5245333726125,1.7995011805774503
431,1011.5484811984404,1.3234085742348667
432,1371.421461430521,1.4093395713525432
433,956.3587163918852,1.2777573183413238
434,807.992785562446,1.2713928550658324
435,868.2599803196358,1.2889164121854
436,1280.2892920348418,1.339875225030149
437,1391.058697442139,1.4149152919802581
438,653.3753888424976,1.2135293357909176
439,640.7109918372267,1.2047283941296538
440,933.5875832780209,1.3091038489791391
441,1042.0782924672485,1.3199520324164995
442,1002.0517492056957,1.3068870248427737
443,4622.7562861155575,1.6835923978427287
444,1092.5781586158057,1.347120650848859
445,1245.838667446472,1.3808273620648022
446,2360.587175855586,1.5039024276570856
447,2386.0127629716935,1.5316243300281522
448,1867.3939955330745,1.4768084194113917
449,2276.848333479846,1.5193008474894119
450,1298.2127918012382,1.4116423295217169
451,1066.166283813023,1.3331944328341638
452,724.7190140911541,1.2246850402535392
453,707.9596377909355,1.2374567306006843
454,1015.836225621874,1.3280069176509737
455,3497.72662206041,1.616000111360728
456,1027.5553271685408,1.3057527698847176
457,688.0940019704653,1.1995317929843894
458,1233.4721035595842,1.3714620229381744
459,1003.3494346311068,1.3134325784618002
460,1761.7408404730677,1.4514757153650253
461,1080.5059849160755,1.3581127493618834
462,1885.829274925218,1.4810589856283405
463,2177.77034004966,1.511694509531789
464,1328.224206607444,1.4097855671323527
465,801.865688144457,1.2209270946350863
466,1208.1371337201672,1.3810107025713723
467,775.1609267120068,1.2338761766089779
468,1039.4835134944296,1.3225539683984098
469,1106.485556707142,1.3306103641354246
470,1305.1623993392352,1.3803299033695127
471,1344.8791588583538,1.395724890121788
472,940.3830428681866,1.3135590935428247
473,1636.1501288731447,1.4485197320734757
474,712.5128891909732,1.221555436029608
475,1043.9671858636436,1.3274692650915938
476,560.7426943887186,1.1651185343230477
477,1224.0010727603521,1.3438920930037108
478,937.7181825808458,1.3126388073283843
479,892.685990371563,1.2799482668325624
480,309.46030766208526,1.104470773202532
481,2344.3701204693143,1.5524642373891424
482,1478.3499084105706,1.393997549596439
483,849.011753279868,1.2614641358077234
484,3256.3748629157662,1.6420508059728771
485,1873.8164538842177,1.4622579749430642
486,905.5791943164519,1.3099984255707455
487,1780.8383140964577,1.4579877581637408
488,884.8542135663985,1.2665148293517139
489,874.347660211752,1.2797908947590053
490,949.1347886657597,1.3098587849421948
491,958.0826877919285,1.299059088662273
492,1327.6764570485755,1.395099405600001
493,1096.856512389829,1.3381888864361844
494,916.3192813019547,1.3026752389899863
495,3624.056022524472,1.676777835338451
496,1986.4091199628606,1.5130707494320967
497,1085.6713101283524,1.3330548087442256
498,1404.1210364971391,1.40775616990168
499,1001.429250813022,1.325636186921273
500,1730.2292141032774,1.447341383791936
501,1321.2433206331941,1.3907249627752911
502,754.1934760132176,1.2513104623160256
503,1237.9967327575441,1.3700192196528262
504,2233.0436910484705,1.4976146282717386
505,1628.6340827110168,1.4294152084364262
506,711.124371607228,1.2265292780276156
507,2186.943555138753,1.4818072809367115
508,2455.0809793976314,1.5441996972798744
509,726.5390525588016,1.2517822133094612
510,1114.29699381579,1.3342999907598356
511,850.7835428951134,1.2720054627820898
512,3164.420525677465,1.5851074389320698
513,1412.5301972335335,1.3722918039060183
514,988.2879252844439,1.3165161810912447
515,1726.6256894331568,1.4634983611225363
516,1479.9611352487848,1.4497392785887873
517,821.003399210134,1.2686234104007752
518,1108.236970118824,1.3197568659301346
519,631.9025523702855,1.2201339961455984
520,1094.8604596909674,1.3463264633847896
521,1144.6063342090865,1.3645536088883063
522,1941.1232520461385,1.4759891147047015
523,688.8442816278882,1.2087264850451003
524,1185.0827407685924,1.346669796198524
525,824.1489291021314,1.2962784851436564
526,990.3057927761313,1.322653769240153
527,805.7424000573528,1.279171665074945
528,585.5493297296898,1.1762758890743357
529,1881.8621489141935,1.4996634009562013
530,1470.6220365294557,1.3745993133440648
531,4061.309451534712,1.651248367962337
532,1890.3728519885954,1.4722913225781822
533,5058.810622750737,1.7113876716342746
534,932.9742184553555,1.3008663914122105
535,1043.8302369066237,1.3155719559182644
536,1846.4665346552124,1.4725290653863652
537,1001.7581047928996,1.2921189117774516
538,3826.6425450040533,1.6572970449641589
539,1880.9479267738814,1.4604809047360765
540,980.8258413181584,1.3082608903391673
541,2018.3837393889705,1.461426213977917
542,820.7440280512471,1.2536043516056004
543,1732.1864142764248,1.4786878906018932
544,1652.8558337042143,1.434711746825114
545,892.9122125456353,1.2861192036486815
546,1277.3670329640725,1.3767010302246394
547,831.7080685036323,1.2694723640514263
548,1070.9979171683951,1.3316106773966976
549,918.2124167174146,1.2628905987136771
550,1235.8920405648494,1.4095346339211636
551,566.3263452079674,1.185014015241508
552,909.2238364969404,1.3166528454859066
553,844.8770884784009,1.283311788247232
554,2292.931509518293,1.5267556078219193
555,1037.845880667483,1.3013777425059412
556,874.272262210118,1.346204820481754
557,1318.4811441633133,1.4014824336210197
558,1390.353537277202,1.4235204680977052
559,1122.2109947074264,1.315031728138523
560,931.4887004641811,1.3155440612689164
561,1274.344015858348,1.3739068257216234
562,2054.6163072615577,1.4697236591501281
563,1608.4188764884693,1.4259288555508536
564,993.4035595023927,1.2999463078097049
565,811.8213153693406,1.2585825535277497
566,905.6592496578666,1.3366677066689192
567,970.4920846496994,1.2845786285895553
568,1459.5438743398865,1.3874853726001937
569,879.2015663705527,1.2839226435752584
570,713.7510308929035,1.2360476064328407
571,785.2106809823516,1.2482066323307646
572,1946.9101938460863,1.4606015504809524
573,874.1738829374004,1.2733465299362314
574,1066.6894896192953,1.3024699594059221
575,1704.5103273994953,1.4389332813009914
576,1271.8607396022578,1.402721649059926
577,1205.6709549405123,1.3863878126942824
578,2801.0291264753137,1.5862614255080454
579,709.4650095371636,1.235450196476
580,1559.0914153356805,1.4189917481073757
581,3211.722275216065,1.6205871110197088
582,1115.3521880496087,1.3597326104437202
583,986.1894771739368,1.3075766092329373
584,1153.8626702559848,1.333402656745949
585,1641.5195553204974,1.4350697544781115
586,950.7196900317995,1.2817705499206749
587,1104.5465493402276,1.3602872386547482
588,1374.3673990113728,1.407172858617817
589,1894.2579965378466,1.4868109875772526
590,1808.5695578604216,1.4612471447793967
591,1378.5553442572807,1.3920612106053414
592,3027.421120943521,1.632606788008613
593,2520.7147456898565,1.5683607287987436
594,1864.5562346579045,1.4969929654744667
595,3323.984476102537,1.608473938932964
596,853.9031955727909,1.2918246798196324
597,4480.364440500091,1.6988970557095475
598,911.4050633294535,1.307430935039424
599,1180.6733858461655,1.3814845237894096
600,1702.2464221198688,1.4687712057637043
601,999.068843020114,1.3423538524598597
602,1617.3025509137349,1.431200126443076
603,1969.1011216450001,1.4881548218572964
604,1867.8157106856158,1.491175695838427
605,904.1054438453185,1.302597574111279
606,815.8016693240866,1.242695518716608
607,1070.1608115524814,1.3134499420722148
608,1728.1598054994654,1.4420965512525008
609,921.8899360971384,1.2971972726324303
610,1373.2642546123109,1.4151676882283708
611,824.1334676068715,1.2696419941824866
612,957.9862394661648,1.3131887213740012
613,713.1378007074238,1.2086659438537424
614,1609.890852045131,1.4484151818859157
615,867.6936464683469,1.257773976038203
616,816.7851481402015,1.281669072117958
617,931.9771368992057,1.3008638085789892
618,743.3747388677166,1.2060381565067746
619,3019.9587524565654,1.5642984706571752
620,3226.115292663559,1.5981182860886058
621,1126.9967956792327,1.3440109860637317
622,1204.4632299129034,1.3819681201904725
623,1527.2452616644225,1.412611062084714
624,1288.017856312521,1.3859713068127903
625,958.7967728640776,1.3107228549626206
626,881.849492786148,1.307250638186631
627,914.0395149237678,1.307201754434174
628,3190.279443260195,1.6006900455461994
629,2330.809936628116,1.5415921984590915
630,963.9457180850181,1.3287308861420515
631,1743.1122092514177,1.4455190566091778
632,772.6521805369763,1.2317677911605467
633,1161.7810734169557,1.3418720297995737
634,673.6674958186225,1.2037791790071344
635,665.3146059517732,1.2112401540960267
636,977.7457658122844,1.3070144730859767
637,1012.6778940103914,1.3214630205462923
638,2347.866895966898,1.510288538628043
639,801.2069321759396,1.234185676848096
640,691.3499695432415,1.222762718668367
641,1084.958387090678,1.3370995129546586
642,803.6881368653422,1.2594826021885017
643,587.3420071475801,1.183185309001202
644,3737.613172758747,1.670281349104426
645,1460.0960781851554,1.4298355583955589
646,501.5026926359538,1.1221666818155747
647,657.5199026955601,1.2151258506998421
648,1327.77083023627,1.3784620724132315
649,1326.6041848455163,1.3971525265492437
650,1491.2510249867005,1.4282616634931273
651,2131.7883006881134,1.531744990459769
652,2279.0915539799876,1.5400607121125813
653,1058.957392649706,1.3259584933133035
654,1204.1918852371987,1.360681455026805
655,1644.4912840422824,1.411389256883472
656,1100.9150093694373,1.3333816809888739
657,2111.4119043042397,1.5191598041668035
658,1315.1171533163927,1.3698447932685294
659,1376.5764097324095,1.3968101021504093
660,1498.711997093792,1.4308408122361647
661,1197.9980027496974,1.3632856107753606
662,1070.0994135118729,1.3339056336698583
663,696.8690944999412,1.206523927796695
664,1313.530981934442,1.3938770637350926
665,717.8004735658658,1.2425374167950083
666,1103.6999352367711,1.3227688177619537
667,1358.0102882610681,1.4110448384222356
668,2128.4700071313882,1.510701803644753
669,1425.6165718600043,1.3880847480017116
670,1161.8692056622388,1.3551557061040687
671,1509.258554130372,1.4239381796982336
672,2527.9794335631937,1.5472327046884768
673,1292.9802037271359,1.3850833898433037
674,883.9281201294451,1.2899511659884313
675,1881.1484825716566,1.4861773840448467
676,1296.0258034165313,1.418239527288042
677,1079.6126475962399,1.3269736243656607
678,1655.5161984519068,1.4449360195774017
679,1663.9223972268842,1.459290916204894
680,723.4038030848952,1.1814403836781033
681,944.2885865497966,1.2660087147333459
682,898.4375101413295,1.2680438828570797
683,1057.1049595112017,1.3507169649747135
684,972.6201508748952,1.2969884561483784
685,624.8009208757226,1.1822857321772742
686,1357.5016672367592,1.357061407999849
687,1044.1152199645096,1.3319453666888454
688,774.5120008460947,1.2525920367673646
689,1022.9067343217739,1.3303577430522266
690,2101.6927100703856,1.5126296344377357
691,1396.237062898287,1.415341994010368
692,923.5857612993392,1.2909727427680715
693,930.2112408088191,1.2940183917872838
694,895.5786072478734,1.278969883713498
695,1199.8851299508326,1.3453001161662315
696,898.8690860581102,1.3243788960997835
697,1699.8690087532018,1.4516079449020018
698,699.3050800012346,1.229776131020107
699,1151.5486360206426,1.3469127626611306
700,1320.797005372015,1.374864064211271
701,845.6893358233988,1.286716917436579
702,938.1817322590113,1.2966458046304778
703,1432.900476596416,1.395943447222056
704,1515.4356523319534,1.421184312535617
705,1590.7745099832912,1.446048464310918
706,3422.9615545874813,1.633879916595951
707,820.0900981419003,1.2313420713728394
708,1740.7003866364971,1.4686078446770414
709,895.4076533745352,1.2780877761465343
710,1216.8579886543496,1.3842062597951512
711,555.1803884153271,1.1612007996598877
712,1239.9202846145479,1.3638345946544843
713,1139.5841569323836,1.366812296554667
714,609.5947940516807,1.154095787340553
715,856.9021524090299,1.2707720722230917
716,651.2447037508892,1.1836842509975378
717,734.965207022364,1.239414654259308
718,1296.2137406777194,1.356279156461478
719,826.7225861352736,1.2745172840710899
720,1710.5485914804058,1.452783973488176
721,2026.823517928188,1.4879012208676083
722,1370.1637547740572,1.3787002424692318
723,1282.1257590324283,1.4062504965296547
724,1160.5862712921912,1.3484620892995054
725,1745.3902288943048,1.4813521020572185
726,1324.5728841513844,1.373392037690655
727,1445.7162018964657,1.4261455187012513
728,695.2391016794444,1.2150391475846618
729,1413.2423920836898,1.38901729629595
730,2721.569406318154,1.586912638800839
731,884.7026219389666,1.3386238162956852
732,1138.7718097081117,1.3510217406880758
733,1802.2865889398138,1.4731379044473478
734,1045.8534920027676,1.3233827629453188
735,1276.7431442896395,1.404358915278294
736,2077.2848353134864,1.5182288165317521
737,1184.703164111315,1.3619409227769617
738,1394.408549194574,1.4013219850245944
739,1415.7665402244968,1.3867137763408968
740,1158.4172398891822,1.3394015699542205
741,1060.67094714584,1.2906937811523522
742,833.6012154935474,1.2560344049674759
743,986.612413137969,1.340077189708074
744,974.5771043340752,1.3129626771481355
745,1389.2640928918577,1.422913258937588
746,2408.049487973641,1.5425229340467883
747,1261.0639069726933,1.3639864107457065
748,730.2455502958597,1.2163106815023097
749,816.8959147799459,1.2600449483191092
750,4557.824274120192,1.69529104952483
751,1653.0136956950168,1.429757001543544
752,1116.6109814311646,1.340114170972598
753,1104.9089411269738,1.3208358079887101
754,994.4051772784295,1.3190164348796234
755,1011.5498354015914,1.3073750441166212
756,1007.5016380824311,1.3060970941453556
757,776.4357677147693,1.269082429945292
758,1615.0259812415673,1.4004838297900093
759,800.4201097053242,1.264244991735599
760,887.4567990106123,1.2878892621282552
761,3144.1309390050137,1.6123196018610024
762,1551.3901291147574,1.4095953699173243
763,899.3688949645879,1.288262796737256
764,2508.5071294953545,1.548065012559467
765,1296.3152929858034,1.4249256012939815
766,1495.5853307656566,1.4380174280305948
767,1403.7819476500529,1.3907967115332218
768,959.2693837271827,1.3040240873843338
769,825.8538778800865,1.2793188716942951
770,902.6611208461063,1.276894248182951
771,1815.8981151301982,1.482241250851816
772,1750.1311196451568,1.4441889131774306
773,1019.7312015675224,1.3033113200820263
774,1516.3914107666596,1.414619143699989
775,1618.9692223481643,1.421224927530086
776,1016.1971103479998,1.3461301920591753
777,1887.3974220783393,1.4881162793550309
778,1454.6373001420545,1.3912288054212922
779,1456.10628030244,1.4051119315265317
780,1151.242418629512,1.3435686985780073
781,1670.9589018158267,1.4991586259733614
782,613.7921305426834,1.1788419870498061
783,722.8480866998398,1.224671598466829
784,1667.6828118283872,1.4618150548367552
785,14701.06319163608,2.012857853295871
786,1284.280451274633,1.3587452528767268
787,3253.0165655197875,1.656040020849651
788,1339.580834408344,1.3970417667002346
789,1596.396045903346,1.4424135204362163
790,906.0250390280083,1.2803240507699452
791,1001.0931599290194,1.3086921861010343
792,667.5515473419055,1.1978712033946743
793,985.6869888623748,1.3203413682675984
794,1128.4727384228268,1.3450997197141623
795,973.5359181658388,1.3071434901436219
796,2185.9066797511546,1.5090015366702039
797,2100.0662806563732,1.4943134191806935
798,1067.465665908679,1.3471970081088391
799,2155.618105615423,1.5352094401133136
800,844.0872400511771,1.2906771501623275
801,1404.6425319680282,1.3802052387132313
802,721.8302975846632,1.2252311835684147
803,2126.5375151386393,1.4971650909799945
804,954.1232131603182,1.352786361955684
805,1461.9660833011153,1.4249922682105924
806,1490.331323131985,1.4255500690891914
807,708.0308642730913,1.2138462509585501
808,848.6459709529308,1.2561226295622643
809,1604.8693490233823,1.421018269876229
810,867.6563737408222,1.2757731305883897
811,4422.85602182002,1.6814161645752839
812,1372.4519441601021,1.4134584505895291
813,775.985998687563,1.2284169906069362
814,880.0940226712345,1.274335176382792
815,999.5042817191996,1.3114042480946972
816,886.3390380936243,1.303056107903524
817,791.6372168202695,1.2653868086452784
818,656.0134623710715,1.2149003969305012
819,864.7959346339106,1.252172856290872
820,2604.0673282690273,1.5552773674630878
821,2826.193414573466,1.5754168728195843
822,958.2189562557344,1.3217360859113334
823,1332.3539839691748,1.3775784964683644
824,1112.2535461537502,1.3374456723229173
825,1507.0342756926614,1.411913488178543
826,1271.790740725992,1.3455667779552756
827,1132.5214766257998,1.372842225985233
828,879.0392046969259,1.3049057220274056
829,1492.1124928757072,1.410701678969055
830,643.679886532874,1.2061340502430073
831,984.7761489922516,1.3271771747740948
832,792.0911167254413,1.2550383820493656
833,1311.535255682285,1.3997849803887257
834,1418.8486789945453,1.3927202679675665
835,2624.525950961133,1.5444664011150597
836,1150.9108346750188,1.3718454698737
837,2870.2787535202056,1.5881331570920385
838,1074.4303236731346,1.340129769243874
839,1095.1113906372796,1.348494126209702
840,3980.5050561956195,1.6515128836792439
841,906.5518060444358,1.2502500810047605
842,827.1324025938042,1.275807501673568
843,2145.3006364836697,1.4918227793514847
844,1865.491229385904,1.4597911875070115
845,1666.567188746172,1.4509876937222852
846,1136.0612743750567,1.3537121930993126
847,804.7828560279821,1.2348540397252592
848,1642.5254531167861,1.4230997134651633
849,1086.5508833849146,1.3152548360516527
850,2265.5842626447557,1.5476590694587224
851,1142.2599916330698,1.3569524166413516
852,1085.6270377395972,1.346175026053827
853,736.4502111766119,1.2120421022187309
854,2421.0812003279543,1.537098787278432
855,1217.5001113256308,1.3499394836857004
856,1030.7971565146777,1.343171500325634
857,780.5424116085456,1.245602808394975
858,1081.4918139072622,1.340773005567326
859,751.5119987660929,1.2452732743427801
860,1738.049913811392,1.447033021361015
861,1454.6110053851774,1.3633343431845786
862,1171.8479329363013,1.3511308350004767
863,2377.6851501109045,1.5423821102637454
864,1120.3229074357835,1.3679988111435097
865,1681.2178997194794,1.4319341626256614
866,918.9033615199274,1.2592783116715456
867,942.729384712415,1.324417761161681
868,1156.3143996996926,1.3271173190575345
869,1735.829718261017,1.458349663484022
870,685.0518187128505,1.201315595838231
871,1503.199055810135,1.408785189443702
872,1407.5455965730007,1.3810702237001033
873,2079.414168597593,1.5150239743914207
874,1219.7420235846873,1.3508890752866451
875,1434.6584221922665,1.413339027258594
876,756.9274032147325,1.205725527190157
877,2479.5307618285165,1.543994535627058
878,1268.6522301127088,1.3864097372629987
879,3585.8810674679708,1.673209434749306
880,1580.4106543850382,1.4315697679301032
881,1404.1886963548625,1.4076377816174086
882,886.075569350442,1.2689590280634608
883,1172.6217525766997,1.3570455121484406
884,2379.6004792142567,1.5676712512988074
885,3227.824445714473,1.623171541532742
886,1027.8052175960918,1.311804638777997
887,1379.6699335594515,1.4116964052177354
888,673.9871433567386,1.2016416251240285
889,2325.105507644351,1.520050177014905
890,686.7356467478413,1.2053361926444943
891,2224.518954226599,1.5357583481644022
892,903.5994924324898,1.2988509969619975
893,1219.1562479090844,1.3531103859397589
894,820.8418660916936,1.275453106136179
895,2725.502362321625,1.5749778207546072
896,1656.59687284374,1.4449711383019137
897,674.3686119465762,1.2123741785367772
898,829.8530428596611,1.2538352067118796
899,951.6200030152307,1.3032534458869056
900,2484.5266818244,1.535640478205133
901,1504.2305355633737,1.4442415406711389
902,1912.5597924604183,1.4722335133133466
903,795.6350414467105,1.2459384083460443
904,673.7726557350484,1.2260341914109885
905,1021.0668004743297,1.3280394979560923
906,1656.8466863399483,1.4605684443458888
907,1677.3231820184828,1.4428094682801602
908,569.4888790147271,1.174727806961846
909,2591.9199135601693,1.5687424464590383
910,885.8538829316111,1.2580453514816987
911,979.242603050869,1.3565750938428163
912,788.3922889465059,1.223615359068207
913,1140.9684581979243,1.3703066907375974
914,1332.1702502097367,1.4161723316230461
915,1134.9648418188872,1.3444108405993693
916,678.1198563776491,1.2303448452329608
917,813.2019859558241,1.245158426568965
918,895.1097886472971,1.281420891615698
919,1153.3059275178111,1.3320491031240669
920,840.4502519407631,1.2834266874400857
921,1200.6170045452232,1.3448956342693408
922,1318.295015850982,1.4037677835980396
923,1040.6138363317734,1.3479613220452957
924,908.9640875137777,1.2910205019305516
925,1078.9707963538365,1.330547847112684
926,886.0375515833845,1.3085782014550698
927,1713.0539474907064,1.418899588214626
928,795.7794683826083,1.276937965201298
929,1236.8539238933424,1.3742224889892853
930,725.8949919712857,1.2479286819672462
931,1000.1142884919083,1.3118397938627742
932,783.1684036024213,1.2580286331918022
933,2472.980904926369,1.557899491087312
934,986.4973598842822,1.3253995099450915
935,996.1794207584181,1.3084477582016163
936,1407.8854861444386,1.4073773086270374
937,3901.1182993412344,1.6515855707809264
938,2852.261585989693,1.5755260937014652
939,1038.8069232007222,1.312246201086492
940,2442.3253776075508,1.5531139304441317
941,713.255729655576,1.1983057276134403
942,1644.589264677871,1.415095060352669
943,3026.686248835931,1.5776002448312052
944,892.025911765019,1.3142573198295833
945,1149.3281385116302,1.347703483838079
946,1174.0095915907668,1.3764902435550717
947,851.8630832955926,1.2355878013218398
948,1395.6623819072752,1.423687229414857
949,3365.10728287489,1.6591902077003124
950,1105.5333405196805,1.3257371304573613
951,1444.6569086902516,1.4087688348501184
952,1559.668995498082,1.4325915569444256
953,1045.739313221529,1.3334447798055482
954,1122.2797139495647,1.3352073688124342
955,1142.580760049361,1.3436224087157764
956,805.8417317328472,1.2483847613794483
957,876.5690223811218,1.2806136188028365
958,2455.6637572839836,1.5736924373344607
959,2404.2114741729524,1.5370238287949185
960,1554.4618798976464,1.448745235573211
961,1187.9645065023265,1.341044061765013
962,1859.8334462126,1.485146487728516
963,1118.2363022338334,1.3491163649997617
964,1078.2282835166118,1.373059295197449
965,1081.6160703660973,1.3449050515375687
966,879.1127752955016,1.296955063808228
967,843.6868411241985,1.3159746630613032
968,1168.762459969361,1.3532813740315683
969,2482.7787173368433,1.5745671538457877
970,2257.9683668420703,1.521881846056557
971,1747.3370135881353,1.47964935196945
972,690.5032621708242,1.208297972005149
973,1153.404901628247,1.354312587171509
974,912.0971937884781,1.2910261975464905
975,1158.7093756843492,1.348359979246823
976,1447.7247606288483,1.381093390871165
977,1231.4586666041503,1.3761046761199613
978,695.1077505871745,1.2064640186439493
979,740.1484924792585,1.2252289590809724
980,3296.3421955101467,1.6182686117039873
981,911.2809351371592,1.3136192356591823
982,1020.2818798757601,1.3044255103088136
983,1397.0654803988025,1.3637962213069557
984,1003.8781946930666,1.3048278693935254
985,1142.175399185857,1.3755246871819293
986,2767.2345503880993,1.586594641952074
987,1040.93162079224,1.3590005832359953
988,852.790252972269,1.29846696971362
989,958.325493216918,1.2622945367801153
990,510.4129931064208,1.1091842212556784
991,823.9364423351437,1.2886900807504127
992,1322.4002916147786,1.3898889422904086
993,897.9595468893452,1.2968106454979953
994,1976.995993925699,1.4961654394417914
995,1329.1058700594479,1.3842101596274767
996,1074.314305294227,1.3451888350319992
997,534.3852876170514,1.182441515460797
998,944.5548449449484,1.2840231758680987
999,1248.3784527814964,1.3670567594174807
1000,4718.786657564972,1.7051880118357543
1001,1491.247387778861,1.432620293134829
1002,1322.7655618321803,1.4062818349102273
1003,1015.7025015703547,1.318373878585976
1004,1100.8925661967432,1.3501807902933718
1005,6995.7622127684635,1.807397311906422
1006,1103.7908145396457,1.3496039507889181
1007,1376.4429837851599,1.4007572745238657
1008,1118.3291208390917,1.350922721691558
1009,1746.1140795134183,1.44834605455721
1010,1424.0032876160808,1.3775445305721135
1011,843.5342719745072,1.2624643163345113
1012,1022.3834434274952,1.3196553311331654
1013,828.6293286555571,1.2548460029864497
1014,1002.410680675979,1.3276119463023257
1015,871.5873056811112,1.2796666365815275
1016,1544.6923363134517,1.4180172425483943
1017,1025.9393636048517,1.3339258208105014
1018,779.5483491523273,1.2556755984986896
1019,1798.5918815906625,1.4456477838922346
1020,704.0722955586061,1.221736797017277
1021,1299.875751405368,1.3785454236701862
1022,769.6033325539181,1.2360165405697074
1023,1033.6050132089088,1.3140701463316928
1024,1660.3583737799024,1.457721451819241
1025,944.3792279226031,1.272986315738309
1026,938.2753895077772,1.275053344138533
1027,1056.7870416717703,1.2961950943180691
1028,1689.253682083558,1.4769703674212715
1029,1385.2402004491748,1.3767444332546601
1030,2137.16109460709,1.5165133576481784
1031,6721.5960136738795,1.8017964269102325
1032,2528.767819893342,1.5416093877888581
1033,652.1513960133339,1.1853687705815088
1034,1204.7805938553865,1.3586329549316687
1035,1654.1349950003469,1.4454417733877118
1036,2841.266422701337,1.579224760291925
1037,1233.2870564752943,1.3577295951218478
1038,801.7741408271802,1.2647637241126155
1039,902.1164464772615,1.2864468026076943
1040,1383.959887249358,1.3911842828340808
1041,1542.1770516703116,1.4162308555979009
1042,789.3973611948269,1.2488732817933343
1043,759.3557302050733,1.308949820998283
1044,1966.7289970572842,1.484072857297484
1045,1262.2639272710244,1.3609541477548663
1046,1216.2836625721195,1.3771341152115883
1047,1457.9957795447715,1.3773152442343917
1048,1246.8083038315237,1.3774986915219258
1049,817.9455059485132,1.262375451248774
1050,1277.2700047365543,1.4049319871055717
1051,1209.6181756043345,1.376852374585833
1052,1187.4389747764537,1.3455703985679062
1053,1223.4425132667193,1.3739654526052865
1054,1066.136787968582,1.3211391459220254
1055,1485.7561723612491,1.4246850353247693
1056,995.9988736258581,1.339722314186402
1057,881.4418133597833,1.2904418002326985
1058,935.4851038875165,1.268947162987433
1059,909.40373243745,1.2955205717517335
1060,1479.5093319933492,1.4083984649102539
1061,1322.1461047955372,1.3977185012149216
1062,648.9461701545353,1.1885501257528985
1063,1282.559766294605,1.4031771528906147
1064,1143.0753744191875,1.3623792115846465
1065,845.0079343786689,1.260016852051979
1066,1347.132014692038,1.3952806959137938
1067,691.8697106940149,1.2132930214696134
1068,1137.510061155909,1.3179148931056694
1069,1295.5956320395755,1.3711006967164578
1070,1796.520185618999,1.4561864978212054
1071,1120.0798199721648,1.3534267452187072
1072,1571.8666969785177,1.4669628836523785
1073,1206.1705591210011,1.3809296781553702
1074,749.6260687521676,1.2212712493000768
1075,1056.762057357583,1.337517100227933
1076,1518.0589960438363,1.4146519254783474
1077,1311.6351633964828,1.3940335336630911
1078,1923.692731475605,1.4934071189851585
1079,977.1749635094728,1.2807950256239025
1080,1169.477974494573,1.3635066645359382
1081,2770.266996438219,1.603241725645631
1082,952.4256413060881,1.3010031186170574
1083,995.6757852586211,1.2968843760063915
1084,618.2630750617237,1.2004596224629283
1085,2580.1227292624253,1.5486990041242876
1086,759.6407845220592,1.265470526584507
1087,833.7023069597878,1.2652217006250737
1088,486.64301778436715,1.0815761722747421
1089,859.638834645955,1.295345884664147
1090,1111.7111401180496,1.3405927949906982
1091,884.4496680988726,1.2829975843344663
1092,1118.6280954201222,1.3306413236119348
1093,719.2897329916079,1.2633583067973673
1094,522.7830613404228,1.1664221798154384
1095,1614.2665928448964,1.4232334261072008
1096,1103.3238824002094,1.3548656815077609
1097,815.6394204566697,1.290393346933726
1098,2036.5534734302387,1.4968389240474276
1099,754.4707051836765,1.2421484529808646
1100,1058.8829073738607,1.3248296270406572
1101,2091.681161265358,1.5054083224056725
1102,1646.736245950247,1.4472951659855702
1103,1658.1571714389302,1.4117927776695778
1104,2681.9085582061875,1.6017708825011336
1105,2017.2923025047705,1.5178825557641045
1106,4257.822178868318,1.6875689484863114
1107,1162.874122720921,1.3642250563894867
1108,1551.00283844749,1.403296453471015
1109,817.301226002469,1.2502180444076227
1110,1605.5949861409551,1.4525145302612692
1111,1405.1397979893748,1.3822281522209192
1112,932.8344881503532,1.3084975221634179
1113,1687.8889057090694,1.4455802974866916
1114,1233.3316240936608,1.348909167125661
1115,1454.6709829398226,1.4199158800990246
1116,910.7156938260196,1.2933046870596994
1117,1400.5600419920077,1.4031081899785542
1118,973.8895906791412,1.3084620346675375
1119,1047.4110496652015,1.3684338370845852
1120,1675.2345318929567,1.4673932445405184
1121,976.3651695080425,1.3078502416459272
1122,1442.0471932987912,1.395787248332232
1123,1333.6155271532402,1.3997617691133717
1124,787.6824201044434,1.245725814661099
1125,1442.6101979925143,1.387566715782225
1126,1953.8198158378186,1.469206473578844
1127,1355.1243993852283,1.3958068395421541
1128,959.9800337011936,1.298697606446216
1129,2331.5918747407595,1.5243710808555444
1130,1872.229465096382,1.4718097010220959
1131,1530.082352692088,1.4728104314149102
1132,1055.075000619855,1.3084218212870211
1133,1930.2715553511305,1.5013793093091357
1134,1183.1666468743529,1.356293959361558
1135,1186.4752866303852,1.3729520088218388
1136,745.7169433518619,1.2253335857360372
1137,1975.0704404137305,1.450353208037674
1138,927.7913091411241,1.3046739925343067
1139,1605.316186367115,1.4300691730574784
1140,1272.5511313404736,1.3875988084241742
1141,1243.7151634012196,1.3803429872547044
1142,1191.084178827125,1.3300452100985696
1143,990.2923990676949,1.3033791953627514
1144,1202.5004908688015,1.3582476876749172
1145,1319.790530868686,1.3798347114880947
1146,823.0774937729985,1.2873155360880129
1147,2443.040393643072,1.5326622268894339
1148,740.2040772693309,1.2048243670471879
1149,1529.7958627511637,1.4342686156121431
1150,2176.724490888489,1.5329630403427175
1151,1815.8219031902975,1.4544279555787525
1152,1691.718193343496,1.4538589075702417
1153,739.5920550785988,1.2419718036560181
1154,772.6540017887826,1.226003550017196
1155,1132.7732760589847,1.3327345208659787
1156,2028.334735442625,1.4761920447539743
1157,1211.3978037150446,1.3383663000061057
1158,2559.703485072317,1.5475143296335994
1159,1183.6005876754573,1.3964132802423237
1160,755.22266895787,1.241714659891172
1161,1225.786865196833,1.364525112894433
1162,1931.4942339394206,1.4908196274456764
1163,932.5023577592291,1.2842435672834769
1164,1485.9846220664836,1.4475810517196732
1165,4399.016143929409,1.7229153211443045
1166,1534.8499034939136,1.4549573181024766
1167,1344.1603373667738,1.4023114713661031
1168,1391.6580042414216,1.4227019095898692
1169,2267.4254991195357,1.5165945748910432
1170,752.668077586049,1.2357820206122558
1171,3369.582522543391,1.631771081278045
1172,519.966185030007,1.1014402079851144
1173,787.3890789491762,1.217301824968216
1174,834.3861865380045,1.296017508003471
1175,785.0236918663571,1.2333258714540578
1176,1394.574379978659,1.363780749082472
1177,1828.7150904165449,1.449207883637371
1178,1110.075976054933,1.3720917794966532
1179,1304.846980312577,1.3676798333343243
1180,1402.7516895632396,1.36820861972706
1181,1454.621198283034,1.444532753137263
1182,6344.896589336909,1.7980381621062105
1183,918.6999223550455,1.2939838418735963
1184,1520.0225906017117,1.408255344610526
1185,1882.000019974572,1.453311166417155
1186,1734.517038258923,1.46393198279073
1187,1184.2032522714503,1.3661340160391282
1188,1020.5288699539448,1.324933281659772
1189,989.5040812533834,1.3225571974352568
1190,2955.1309196544844,1.5829653862940314
1191,2293.8273247631987,1.5299281911799294
1192,1311.455685619867,1.3855049178300447
1193,825.9709388342987,1.2571995149031172
1194,950.3154169577866,1.2810333161312724
1195,897.0422487499895,1.28786216335043
1196,2125.7548296766913,1.4863039349510831
1197,872.3028586848196,1.259563196527756
1198,1644.7306938340944,1.4561195578184611
1199,1234.7154522821718,1.3550928885583244
1200,1142.0654391553458,1.3812681521643655
1201,2999.927309143605,1.6119065138924111
1202,1247.7490102256597,1.3839076531920051
1203,1725.4544201008316,1.4391852931148177
1204,762.8681072134405,1.2480648767280618
1205,1679.9064825899923,1.4223658402836887
1206,1336.1338505876674,1.3991263402641838
1207,996.5617716389132,1.3024782256935297
1208,1283.7711207751972,1.3492413171097646
1209,1149.1745410353371,1.37121096331914
1210,1323.5716767600627,1.4136212204522018
1211,904.8239055242734,1.2615032008782407
1212,506.9028814676427,1.1196332916729252
1213,1369.602749754624,1.380226107845425
1214,1077.5043702861149,1.294347733414422
1215,1142.9247972134467,1.354918187025761
1216,811.6179712860421,1.2456101842155864
1217,1158.2421825008264,1.3265690841918192
1218,781.2550451469427,1.237649044040778
1219,1683.0906257749507,1.4643549869627204
1220,1227.751552219038,1.3563841034832234
1221,1014.919541319199,1.3111544081234647
1222,791.1013739232279,1.2737654476716904
1223,2501.891977033126,1.5647524007144777
1224,1305.2539567000845,1.3691881023835615
1225,1462.4321536834602,1.385228124983294
1226,1022.6779508729278,1.3663257785402854
1227,1870.2274307485686,1.4452122748840819
1228,1512.6463881097409,1.4256494032774305
1229,1270.3471766890884,1.392402692156653
1230,1164.2810317461822,1.363767205478685
1231,1203.934711041938,1.3542482920788514
1232,1371.523688387761,1.3777238654032533
1233,1148.6957845234729,1.3374451163853616
1234,916.8790222721274,1.2985865870257771
1235,934.4112383258339,1.2912005976439198
1236,992.647764794633,1.2976322046336237
1237,1303.178318604307,1.3794558099700687
1238,3909.128795572486,1.6383773705182265
1239,1479.4142763657758,1.4267497684858526
1240,3256.284337604302,1.622007034224444
1241,1725.438172736158,1.4497811971626962
1242,2345.5374146126906,1.5846882568148761
1243,806.9173739386048,1.271943387165866
1244,2290.948857193487,1.5184281834970632
1245,1187.604288910113,1.385502624294793
1246,1549.9845506885404,1.4594174643601137
1247,1143.12953819215,1.3633843156766636
1248,1321.4285180167196,1.3945258169314878
1249,1064.407022618024,1.3272936294203597
1250,783.879688188706,1.2385298834826917
1251,1266.318603194245,1.348296263148289
1252,1339.674696672254,1.383946703164011
1253,826.1487475942885,1.2472983690696446
1254,1045.379535804648,1.3330854934753091
1255,824.8057913299375,1.265053903085232
1256,824.249744518875,1.2685525764674739
1257,643.8901787686572,1.1606467728000047
1258,2242.338478278334,1.5242363380677628
1259,1004.0372172433565,1.285620833265002
1260,1253.6455513325889,1.3561199708351963
1261,1187.665986687607,1.3640009926961374
1262,909.8912603584423,1.286758891611905
1263,1315.414354714892,1.3958156068442615
1264,904.3531740543704,1.2919886609018196
1265,1082.3645743613927,1.2991318885766614
1266,1141.7343554929723,1.3619540647539332
1267,1448.611120434457,1.4076371288512406
1268,1345.9048395179973,1.412144893078263
1269,979.5241115384686,1.3224199690919027
1270,971.2988730510499,1.3088293007288119
1271,1216.1118615097193,1.3675662279022356
1272,832.6284092661067,1.2533811131852008
1273,826.7751787266006,1.2695234220125937
1274,1075.964233222866,1.321034278183222
1275,680.5496323645141,1.2238331708091545
1276,1714.6336086178976,1.4541239607324874
1277,976.9472274705106,1.3390280780462598
1278,880.8293521837032,1.2903882428487434
1279,1136.451028252098,1.3487665719289976
1280,1184.692840304052,1.3477041457897105
1281,946.6408296028098,1.287997129010644
1282,893.0076502396912,1.2876055166030362
1283,1134.2598116662025,1.372255700993941
1284,2046.0976402409365,1.4661165378617438
1285,866.8099000960389,1.2683559594956584
1286,1108.3647602796011,1.3321030159624054
1287,721.972851076588,1.2307682456387323
1288,1413.9837943639166,1.3911290024130347
1289,1155.9857276270632,1.3515917409784766
1290,1627.877301804416,1.4322462813030308
1291,848.1670986747649,1.2895837584010537
1292,1213.9110523929064,1.3796223450944483
1293,954.8558395116075,1.2782367951530738
1294,788.8491967895866,1.2897523492493344
1295,1326.8486818146841,1.387302861285148
1296,1216.5591418784797,1.365493153997928
1297,1079.7399465181427,1.3381594712518357
1298,2414.3069737755804,1.5549076414644534
1299,890.0074580341319,1.2836079029743257
1300,1178.0513200532282,1.3326029259085266
1301,1055.6865793482132,1.3376010255192532
1302,1037.2357421184063,1.319132730405578
1303,827.430524888771,1.2584658844641448
1304,946.3002354677434,1.310322060528363
1305,907.8360006225405,1.2789800113872476
1306,1171.822546326657,1.3706334473199868
1307,1713.1672175160902,1.4361271980023667
1308,1142.9524543894518,1.3372075796325338
1309,837.470388657536,1.2368882535200005
1310,748.6342292805855,1.243666111180011
1311,449.5100642578123,1.0823930460227107
1312,2025.1438815389986,1.5202750345217668
1313,1794.4663708565304,1.4579855180276338
1314,979.3284819271337,1.2981704049433367
1315,1084.6271248893595,1.3225553599705435
1316,2433.7711596461936,1.5552319860801858
1317,1216.8384622603662,1.3740816038170125
1318,1081.708010367224,1.3270865949679405
1319,1486.2722522822974,1.4199749287259573
1320,764.3410410959516,1.2722718991872903
1321,1340.7008055570493,1.3716840086081945
1322,773.3339680116022,1.2811502302605189
1323,1148.1414197657025,1.3287372429800626
1324,1242.6917705241176,1.3504336413248743
1325,830.7961905123819,1.2600402355631166
1326,1073.3152629045314,1.3323011951904213
1327,2551.0578882445925,1.5333998210402022
1328,1275.8785963797113,1.367211722144341
1329,1103.5778958163266,1.3881738796934968
1330,959.5434014717523,1.2957996770961155
1331,4312.548280537555,1.6996248004341903
1332,1512.6091333301372,1.448242563135871
1333,751.6319893992446,1.2404463359524944
1334,2229.628647140441,1.527241852957622
1335,1288.7145042927887,1.383857393231874
1336,897.360642581849,1.2711797885007856
1337,666.9837270096812,1.1851522731785917
1338,793.0431464471517,1.2438178373765265
1339,2594.0671050204046,1.5450527389089765
1340,1271.269556448726,1.3853089736668913
1341,865.9721669391184,1.2769854158544278
1342,911.1187867443281,1.2672138741784646
1343,1845.6258549819247,1.4673287926544074
1344,1166.1563916226255,1.3687625686700033
1345,3603.427191755328,1.650369042257625
1346,1585.3356217607457,1.4314941749173953
1347,1829.67217984789,1.429296902655967
1348,1002.1947687434568,1.3317435346317967
1349,1797.0184278388,1.5002229355681502
1350,1042.722581011005,1.3147222873951812
1351,1199.8343577003877,1.363106039185587
1352,3250.840205599382,1.6180615248416117
1353,857.6088610019372,1.2556409874600496
1354,788.4224874587327,1.2493141457165948
1355,876.2112651328723,1.2666174853164636
1356,1667.7793302833295,1.4608337331969832
1357,838.4517190587202,1.2707086983882596
1358,729.2475244611131,1.249851703165596
1359,506.1760777610171,1.1068960911472694
1360,832.8116997420155,1.2685816219711552
1361,1825.2189304230556,1.4460608636500587
1362,1203.9380745089284,1.3865958843711317
1363,944.1631154387702,1.2970657776308006
1364,808.7241830299223,1.2757868801919214
1365,1235.2792748798713,1.3707394970795248
1366,756.239357169898,1.2256843280873015
1367,2899.511801226738,1.600211051966297
1368,2126.377520617545,1.5102801394801866
1369,2348.213833000269,1.5322835516523317
1370,930.1926928590823,1.2907167863318634
1371,665.9208427558788,1.1859160198334262
1372,939.7092134057245,1.2633989914249488
1373,994.9657750353609,1.3209627227221477
1374,933.9826401784843,1.2678165739528864
1375,2458.414135861336,1.557601416197955
1376,1066.7460660012705,1.330541704696633
1377,895.2809118485907,1.2631644199038288
1378,1466.6717823454799,1.40258105409634
1379,985.4488437308045,1.31711438967275
1380,1806.0154944823162,1.472237910234965
1381,764.395665503182,1.268576005087297
1382,2422.800660934131,1.533451970137389
1383,3653.2611417084145,1.6264056732220111
1384,778.0472875200537,1.2188007078399399
1385,1720.8378485411329,1.4401057201632625
1386,2558.1631686971377,1.531723211041553
1387,976.1868534278125,1.295380520938931
1388,1135.1983619350938,1.3302752702204905
1389,1022.3798016597691,1.3095523581584028
1390,1506.1401439647477,1.4228468648019088
1391,1293.2790441749726,1.3732449682140655
1392,952.736531105796,1.2633838236559432
1393,1260.904527020423,1.363346133301793
1394,1790.3141201751293,1.4818973823094055
1395,1469.0648852707554,1.4059783216306616
1396,760.5660530434014,1.2497296081568945
1397,3263.775021739996,1.5937292658584363
1398,660.4771541274731,1.1950699298777119
1399,798.7530680844447,1.250835549365279
1400,1362.297037747287,1.378821710145004
1401,2063.572564232157,1.5286167707117737
1402,1084.723309703561,1.3277030576422335
1403,5662.742229155319,1.7484754758634882
1404,1153.617153788059,1.3378705950744672
1405,1200.9332770265398,1.3840530696611157
1406,969.6263930815895,1.3226479302658873
1407,1218.94962046705,1.3642973005553045
1408,1210.0109174432457,1.3687863683635082
1409,1741.081656910339,1.4340017070395765
1410,1504.8013547661806,1.4206896435213379
1411,1157.6589709278874,1.3777728642225275
1412,1412.1062724492028,1.4059184934947508
1413,2175.7392410774555,1.5289347098869
1414,1006.8462520891876,1.3242666477247755
1415,2029.096216978185,1.5025221667426993
1416,1298.399017585294,1.3905611944568403
1417,1043.8952275953145,1.3283323291956703
1418,6069.068933792609,1.8028195391722923
1419,1366.3088836105183,1.4095246085980258
1420,1532.6442603616338,1.4174319181401556
1421,1057.4609387449414,1.3357731842450877
1422,1900.9767084335883,1.4860984309292709
1423,801.9655882447765,1.2611760200044575
1424,975.0747747966606,1.3006021148954219
1425,1188.0346414918822,1.3399345240100728
1426,1031.6394098154447,1.3243122241414127
1427,991.7745356549478,1.3409981618046123
1428,1361.235398419185,1.3854769679211374
1429,1081.5623295053824,1.3245150077864754
1430,1229.6376982148572,1.360155081725451
1431,729.093525867268,1.2267859446999283
1432,898.4329631479208,1.2850781303928251
1433,1868.5813497547229,1.4786356548576933
1434,1120.5379046985988,1.3656331151760872
1435,2696.299710103748,1.5953254654363744
1436,1117.4158006983553,1.3338054368535035
1437,1049.1048780820986,1.3176591918647096
1438,722.8986443289358,1.2535844411064838
1439,1779.3560877612858,1.4474249590480308
1440,1344.78334487626,1.376995749661142
1441,1717.9783949791447,1.441463893184727
1442,1207.4149486220626,1.3696421290244567
1443,1868.3373378369863,1.5002082651328883
1444,1430.4820959736226,1.4180934058287873
1445,3059.1874250052765,1.6184341720100417
1446,1384.0128945291676,1.4150867653310333
1447,1733.1797497108514,1.467317595255035
1448,4095.0103375579415,1.6523929968246915
1449,2578.6981354545546,1.5608189648757154
1450,1044.458857669617,1.3128471178992356
1451,1626.1028772896545,1.477498838100973
1452,1558.8010106541085,1.4310405165975788
1453,960.2003067657388,1.312620533259745
1454,700.5856703348309,1.2594795303806263
1455,688.9210436949029,1.2176961569130322
1456,981.1838804745845,1.3223530728651658
1457,773.1910492820928,1.2458673832605256
1458,1150.887845777911,1.3467444747720858
1459,1276.7496888864066,1.3668786674945506
1460,1018.0040665305136,1.3323898321784111
1461,1245.9514376304842,1.3393629007667192
1462,2338.144558299218,1.5283518386005386
1463,774.7627092536021,1.2300041074311547
1464,1096.1952952419615,1.3540446148221479
1465,4485.179020456647,1.7102233159846332
1466,1170.1041434165097,1.3702525041521532
1467,1250.7017130319434,1.3763348369885837
1468,1350.216690388904,1.364314847342623
1469,582.9591868615478,1.1779102575507305
1470,1920.9041403816539,1.4665398124560929
1471,1854.2130895543228,1.4653820829447606
1472,874.1056312733941,1.2830531857666085
1473,1357.8420167520028,1.416128173932999
1474,1326.836664062399,1.346586552257902
1475,1321.6948593411548,1.345146042560617
1476,1641.536678798802,1.4461838333808985
1477,940.1825420375411,1.2711590234063948
1478,1041.3616668258733,1.326322356858804
1479,877.3821851671253,1.2590830364247867
1480,1317.9628617598082,1.4030189619215772
1481,767.252687685538,1.271675048638873
1482,1233.3147940154906,1.3696863475901706
1483,784.2869756763276,1.2542307833779736
1484,1198.821376276737,1.3657123740059924
1485,525.5915950395931,1.167623564710964
1486,1069.8732235684756,1.3187787405545675
1487,1727.5168772615104,1.4726175523054397
1488,1831.7157828514269,1.437408264863283
1489,847.1650112409675,1.2882203556395035
1490,1389.3435061463886,1.4077377061403529
1491,1409.0240799004664,1.4109160424117593
1492,901.793506640655,1.2891414262689571
1493,1055.8652212276393,1.3338896106941507
1494,11102.510381689111,1.9372566357842347
1495,1491.5162590067507,1.4261857693533608
1496,2271.269336980217,1.524066716229188
1497,1056.8857284860069,1.3130171960352903
1498,1866.634441965665,1.4812837877010576
1499,810.2574332205797,1.2324731760703702
1500,872.8853792562127,1.2729957121822182
1501,1154.8224734318856,1.3682457401395953
1502,1324.5464766148705,1.363233334859142
1503,873.5305677505571,1.2908853866009935
1504,821.2656867189582,1.249149777420817
1505,1892.5859371733868,1.4788909171250928
1506,785.5384121217305,1.2439574456015279
1507,731.6679288519136,1.2156376788185859
1508,1397.3212827462385,1.375009349557371
1509,902.2674329892376,1.3031534354349767
1510,726.9745446984818,1.2429783007675512
1511,626.9439997451035,1.1635149310166255
1512,793.6124975966384,1.2666480490959686
1513,967.0286310347884,1.3111031754923386
1514,2093.951503703584,1.4997283364207539
1515,1108.2542729579454,1.367037415719399
1516,975.4413167341729,1.318024007460484
1517,975.6833609134525,1.3018943643065792
1518,788.8818092660345,1.2485285926453704
1519,1620.600249656994,1.4671729173151609
1520,1299.3021300819187,1.3714345196820183
1521,1106.2830553872934,1.356975351155032
1522,1439.7054450998417,1.4063060685724353
1523,1488.4196928199513,1.3984082027060178
1524,2506.4863608065957,1.5611216008543074
1525,1191.6842863846894,1.3643285944889882
1526,1336.4260735608254,1.3662743688436596
1527,888.345113924167,1.288405256162795
1528,1756.564964892272,1.4797617877693243
1529,1013.3035651902352,1.3120572991876216
1530,1383.280777226837,1.3875661461644015
1531,1367.5368687694022,1.3759787081159125
1532,763.6077256039081,1.2140543357916271
1533,968.0481718139172,1.282463971795991
1534,1210.5237152633954,1.348609263356576
1535,1285.0663568843677,1.3779345361917552
1536,985.0590318476704,1.3317254017905475
1537,874.0334057572718,1.2762770676511923
1538,2449.9577649671587,1.5452883465319358
1539,1021.8594164246585,1.3151621213649354
1540,2850.686089082917,1.5578742441611997
1541,2970.290792554529,1.5973380859400492
1542,1191.8419861319999,1.3480894256405296
1543,1131.9565434694184,1.3448590545537398
1544,3706.2532355320777,1.6208664785239806
1545,1072.7647368067574,1.353465189431813
1546,1284.9848226009933,1.3907630057749785
1547,811.3459987049971,1.2561559860774518
1548,1234.1189164079049,1.3695647084968714
1549,1522.854051988928,1.4179630804448795
1550,1524.6892662027349,1.4307992295865517
1551,1264.2182823429268,1.3537531906359508
1552,1025.3241372172308,1.322788242860721
1553,932.1234067473507,1.2962410576513992
1554,615.6700718684725,1.146492349392352
1555,2368.718204431674,1.5064240411520586
1556,1217.5327850817848,1.3530851462891382
1557,989.5295161585199,1.2885217743097854
1558,1619.474978682205,1.4039596571326614
1559,1947.1650179121186,1.5128153444717969
1560,851.2274339644621,1.259177355028494
1561,966.3061573855535,1.290055653470782
1562,1130.1261620485898,1.3095891854958617
1563,922.7931170229721,1.2731606898353514
1564,1321.0625345484164,1.3615678583943172
1565,1088.8470724913716,1.3488154829257755
1566,684.9563803197168,1.2282150934666884
1567,1279.0171424982625,1.3880962147622686
1568,5629.294922058206,1.7206487545893125
1569,976.0507137616187,1.3223355597313065
1570,1916.2096341360145,1.4489982216227604
1571,2496.27361051366,1.5262192220874051
1572,3318.093570314252,1.6314399598113776
1573,2090.2168683108007,1.5012932160441341
1574,1069.7681719768345,1.3236260642141138
1575,746.6451491859476,1.2177400107425647
1576,1029.9279600149398,1.3153688743097756
1577,1657.851475191062,1.455895027475831
1578,942.8541055762503,1.3105513056095475
1579,1019.8753469727341,1.3423930956409267
1580,1325.7009864941379,1.369398244455714
1581,1270.4474984426224,1.3491699829127037
1582,1339.6791562571686,1.3930140659996417
1583,617.2185995100596,1.16414843921637
1584,1737.0298460357394,1.4605331815750453
1585,639.7022268924538,1.1904495853348354
1586,1237.839256667655,1.339510859769856
1587,2696.549824517417,1.5465665033452103
1588,986.3538977036213,1.3052882583990462
1589,1795.5971129614525,1.4688489664194677
1590,1041.342652192938,1.3131365716480021
1591,1063.2155760394369,1.3337243928066207
1592,932.6794143652995,1.3071940334249152
1593,945.5091707307786,1.3107016853609106
1594,1111.1517723961242,1.3419660420975257
1595,1161.3530427495507,1.3389847566440256
1596,721.8463183328084,1.2270113656286183
1597,2041.9137454045058,1.4794960542567028
1598,1154.8974156197642,1.3364883232997102
1599,1521.6932411678179,1.4167728795278478
1600,994.1872544448256,1.3239766679975093
1601,1126.6280243379667,1.3387843395294012
1602,1134.9152894341146,1.3532450570915033
1603,921.8577758516467,1.303931930477885
1604,647.7986622215368,1.2527133857658281
1605,1032.9872590346513,1.3214139730839842
1606,1671.8264305616754,1.4592372056290945
1607,596.6044549469347,1.1599219002590544
1608,1420.392751557864,1.4199859633899423
1609,951.311056743084,1.3002260644103572
1610,1891.4776123188367,1.4762394663313616
1611,1340.5639478981668,1.3807961011262415
1612,1939.4399628314698,1.45958960979942
1613,872.9964273548874,1.2948330482910138
1614,1841.6640586690307,1.4930178990258312
1615,951.1815844539573,1.314999235531333
1616,1182.0458608510353,1.3366991228360672
1617,1894.2882761419414,1.4806638184197973
1618,1236.5218377504227,1.3736314579583346
1619,1175.8632480213435,1.3752555462617815
1620,1348.8307717904436,1.3979011147513092
1621,811.2843280682507,1.2680442557907163
1622,615.0546213019206,1.1975018235591157
1623,768.4653983568228,1.2312216176992732
1624,863.7938101293372,1.2951342667090715
1625,1208.9387783034472,1.3711306050434917
1626,2279.018656107763,1.5478851759377044
1627,2138.5487774310395,1.4790362284881569
1628,1241.994968528595,1.369724605396724
1629,846.3560506956464,1.2579716293135872
1630,969.147770179776,1.317216013393645
1631,1068.7351340097189,1.3500152920399913
1632,1010.4408602032715,1.3107171057892661
1633,777.5933035146637,1.2440977986450228
1634,2217.588049053386,1.559069705889935
1635,5075.211741374303,1.7187593476086618
1636,912.4917849284561,1.2788341445369409
1637,701.8367606202428,1.2321321858260361
1638,1069.2797409840714,1.303702673418479
1639,2926.085340143962,1.5973036763189354
1640,1922.8655875210472,1.502129626937619
1641,1452.533977812086,1.4183980924122577
1642,1288.5176480326559,1.3830508437025384
1643,1321.3191209365634,1.3738096660495487
1644,2066.2799288938554,1.4804179274518574
1645,1302.1153045755707,1.4017919664203577
1646,925.4867553039617,1.2931126681975547
1647,1108.643995669369,1.321663455072375
1648,873.1738741045283,1.2466525412103262
1649,1157.169078953987,1.3327144172989742
1650,696.4119102254763,1.2424533005887404
1651,1218.2956418884496,1.3541776669790475
1652,608.6640466380671,1.1717152719346657
1653,1340.959913183957,1.3779318832727614
1654,962.4950053723572,1.3133147247520227
1655,1391.3809928619849,1.3933952097268758
1656,1042.8278515431296,1.3257841093990512
1657,629.3736287130079,1.1702257375817562
1658,954.6669986982151,1.2868641266467746
1659,1054.6398977028887,1.3281273078250568
1660,990.6932095337613,1.2806429809155093
1661,1035.672764864502,1.2988578658523462
1662,747.8943899505728,1.2324107767073464
1663,1039.9688403982157,1.3173736455994838
1664,1168.8907395635551,1.3605243568828718
1665,750.0502908072034,1.2333189936271465
1666,2051.3320529643697,1.506627377997579
1667,952.4334381811311,1.2973001906643444
1668,832.7106053714001,1.2760934877532581
1669,1260.4426679409685,1.3920415759924425
1670,1222.4548868780016,1.3643035605682403
1671,798.7911479238966,1.2209774145016021
1672,1266.45614510603,1.4068337302227016
1673,859.2412142168446,1.2711739575003345
1674,1738.8147013108119,1.4681410574375329
1675,764.2378926274456,1.251484121595708
1676,1256.3990791560375,1.3756718467494546
1677,882.7017138866155,1.272174746989852
1678,1276.0601942172113,1.3570149423338318
1679,859.8912744805995,1.2749601731841307
1680,951.3580473574866,1.2967271949802373
1681,1103.3288721669346,1.349883558859578
1682,1005.4601288247596,1.3158584343418027
1683,1111.8515504256904,1.329212997987532
1684,1808.4822277546102,1.4773809877268917
1685,1550.8570458926627,1.4194438970030272
1686,844.7183036074524,1.2596571666082608
1687,1346.1313347771377,1.3823374378924287
1688,1258.6992995335384,1.3550061487784686
1689,2452.3827843237295,1.5740086006811003
1690,1688.0619279490984,1.4740818633818733
1691,1590.1370434285175,1.4429244984901692
1692,4336.945452782676,1.6774341238461943
1693,995.341100845094,1.2866832224861435
1694,1336.085361036423,1.3826280546522614
1695,1527.9653822613363,1.4392909717137365
1696,1447.209717325384,1.4277607337290947
1697,2091.3590496490347,1.4911507452534085
1698,1727.238267042251,1.447877169263032
1699,1277.9653395150378,1.38827653562785
1700,1032.5359133298566,1.310710358150893
1701,1653.9032087452176,1.4251829326273115
1702,1060.1302773551824,1.3140872771019814
1703,1433.3138415713825,1.4035474713827916
1704,1208.979537946101,1.3670654425765476
1705,548.4925521782477,1.1347638046331245
1706,1152.762759598347,1.3559950663003648
1707,945.9876136743275,1.3087041165294397
1708,2994.2962862899253,1.632862566625017
1709,693.4719801137301,1.1986348996719731
1710,871.8811755013394,1.2644951331769776
1711,1549.2692552321494,1.4444852380413356
1712,2237.580542367591,1.538305856980365
1713,903.78461952646,1.2591835670100013
1714,881.5334827766973,1.2905962786169967
1715,1092.4259718044946,1.3556900994206658
1716,1417.3098966512507,1.38203790338321
1717,2069.4882255726848,1.5044750734547436
1718,3989.632756402988,1.669345805458136
1719,3172.1593854008315,1.6228067829656911
1720,1950.7876658862049,1.5251563736412208
1721,866.941713576065,1.2559142159406442
1722,960.5956054530749,1.2889583413909442
1723,1075.7670884915804,1.3374388953172536
1724,647.3615212776999,1.2055297159713079
1725,1735.3183151506964,1.4465150627518415
1726,2608.9411692222557,1.5651948200649335
1727,802.1338212691236,1.2629899829971165
1728,1274.6359832049657,1.3850989259144622
1729,936.3394655608887,1.2758379423268165
1730,1420.961975230374,1.4195453158973261
1731,1205.5528940235513,1.3665003428163607
1732,1433.8511262308962,1.3998220627890656
1733,807.5612969126263,1.2249504695132603
1734,1314.0792092522283,1.3974628736690784
1735,1490.7441194345633,1.4278577491211208
1736,1728.0121465671843,1.4398331525056214
1737,1929.6955811323626,1.4659350160785551
1738,896.7692723039557,1.2950078171781452
1739,854.1184432283684,1.2500733003098494
1740,1253.0583483683888,1.3836040584083413
1741,1024.0775050041134,1.2932963221699962
1742,798.529619253484,1.2705188962059957
1743,1188.8118057059014,1.3576206808367512
1744,1735.0034720801173,1.4752700805889223
1745,996.5835379536134,1.2974800571977005
1746,1124.9898178451624,1.3513116559215592
1747,1162.3700602788497,1.358552680329215
1748,1813.246482449219,1.448418597168768
1749,1522.5562535432093,1.4100088152938048
1750,1030.8729656694175,1.3380814471049582
1751,3480.3833419733082,1.6535786436303093
1752,755.447694979906,1.2269406384887234
1753,2673.7220885067236,1.5731548105656281
1754,1446.0669592688923,1.4338455436880428
1755,1911.7134618533985,1.4685151803886374
1756,1945.855690928273,1.4778119621280428
1757,1837.218058195722,1.4970211608241284
1758,978.9780064185604,1.3006205544799525
1759,746.4774634567731,1.2459879919925814
1760,844.9784528575725,1.2654362239475763
1761,1526.2472216104534,1.4232797751605548
1762,1009.7477109645537,1.3071321489903818
1763,676.6466064598393,1.1920671204965172
1764,1768.930264302175,1.4749016846046024
1765,1921.166987636505,1.4992199730214268
1766,1057.7850007037505,1.354736657327459
1767,1063.2877288492627,1.3139491896429212
1768,1453.8965564552389,1.3928803319241785
1769,1354.8975828197392,1.4068478961621753
1770,1743.628168968053,1.489170431026534
1771,1944.7760391416464,1.46982066023869
1772,1048.101690667042,1.3035910556627388
1773,1705.5214562364897,1.4628055219023621
1774,1554.8860969413847,1.42902850724168
1775,1192.1986342175505,1.3761420929018484
1776,662.395002718048,1.200257094554726
1777,4089.282281889662,1.6441850321788862
1778,1077.1344499774075,1.34406937088249
1779,1656.5799196643839,1.4240002779974026
1780,964.0061360602073,1.308798923493041
1781,1136.45018851617,1.3440647288765024
1782,926.1043697734402,1.2931681068217866
1783,1023.0818477528844,1.3404634939837714
1784,1832.1522235732673,1.485016978403888
1785,1066.5841556654038,1.3507356168630562
1786,759.0496114375226,1.226780288028987
1787,2093.233272218765,1.5048810795475238
1788,987.3865101220296,1.3166136410417977
1789,2275.245407421168,1.5486793657486082
1790,663.555794079347,1.1881844018765664
1791,1224.8598688635388,1.368896536306285
1792,1360.2175636799134,1.3690127798796843
1793,1264.4776870357994,1.369378192386189
1794,1119.2499725531036,1.3272172101533732
1795,925.5339958901297,1.2863658704402898
1796,1023.9276624888525,1.3324681133938352
1797,1135.7258305556886,1.32018865779224
1798,1123.912587862669,1.3580285572357187
1799,814.2804368508724,1.2547288137799866
1800,2015.816669074526,1.5280104752162949
1801,1739.0780574508838,1.4123227164773002
1802,3382.9992097405084,1.633574024015801
1803,1671.2611320362876,1.4748617630914207
1804,1287.1747659208559,1.3747067841569904
1805,1093.5391726526245,1.3306631224298677
1806,778.7934801371879,1.2437427305381952
1807,1916.2983532637716,1.4848606706738716
1808,808.079244024038,1.2736772130526943
1809,1202.535312495855,1.3417043728059066
1810,1347.6191354284667,1.3838931386499496
1811,1006.35654474722,1.3062296613860211
1812,1250.7734625939077,1.3536605193034834
1813,1698.2704775572338,1.4530988733041725
1814,948.9278903246058,1.2992985148561453
1815,1317.2515803785234,1.4143224906269496
1816,702.7743357042431,1.2106035519035458
1817,2021.3402442300671,1.4822625297119503
1818,1346.2579583469987,1.3996647397173274
1819,1677.8745935722864,1.4694678968523824
1820,949.8071824658659,1.3000394957004453
1821,3171.050180868534,1.6007454504681633
1822,1350.0032187506579,1.3934144662539183
1823,739.4262277312733,1.2659794487058063
1824,1917.078946636829,1.4795586848518165
1825,1561.3326256139685,1.4167639153509555
1826,984.7655914010109,1.3427054962132556
1827,1254.0580238258865,1.370703101887263
1828,1170.6608621130383,1.3611627003624698
1829,923.1120860016499,1.2934148352261994
1830,929.739627269608,1.3075817555675504
1831,900.3364049228231,1.2970329023248601
1832,1161.8797448816683,1.3561048105373508
1833,808.8825548394235,1.2588334763566427
1834,665.4411519256606,1.1947142817370286
1835,1888.905271804544,1.4805713869292785
1836,1755.742959597854,1.4479093514770016
1837,1039.600528850222,1.3417590869701064
1838,894.7333417773192,1.298889432199058
1839,1096.0682046396812,1.3230096292454658
1840,4774.9805425556815,1.7421401952887523
1841,1963.24376097409,1.4785061053847033
1842,1512.7994381064861,1.4350908243314233
1843,2047.8842593564234,1.5028040654465575
1844,826.567978405371,1.2750624357280662
1845,996.8194891741592,1.3101343755661972
1846,1342.2359717221314,1.4029763116087008
1847,1477.0171456628404,1.407236915361078
1848,1134.8949417734793,1.33080051232657
1849,831.080233312606,1.2990721664956475
1850,1157.6086840970142,1.3489392190168368
1851,1764.514443658934,1.4811357286691498
1852,713.3009105586735,1.2296795106714185
1853,1037.2420433884604,1.3386334484171902
1854,1130.0665960450253,1.3674337641656011
1855,866.1674358340452,1.2281089233978737
1856,3743.425677372354,1.673488345522373
1857,1072.2793545698971,1.340287759162716
1858,789.7754726908231,1.259483504988201
1859,1520.2863348770973,1.4345603694468272
1860,1008.6065056006516,1.3171022319407588
1861,915.425920353921,1.290807261088151
1862,1216.5986197510538,1.3658134616682
1863,1214.0126671275366,1.3947855825981712
1864,791.2419608368659,1.2449171016325857
1865,2207.9458762363256,1.5485243772979118
1866,2388.3409903904053,1.5446234196833417
1867,2083.9162302991276,1.5233701682870224
1868,1806.25997065814,1.4986269172953104
1869,1556.3423791414366,1.4246069774318262
1870,1050.7263691845405,1.314957280691824
1871,992.6338119349209,1.29271046518938
1872,1588.3847210284036,1.4586790811279753
1873,1010.0934185064526,1.3414563596323152
1874,991.0610025443933,1.2793575128193078
1875,2624.8084056182693,1.5931127731358357
1876,2608.339521713299,1.554545653308275
1877,1975.946833448172,1.506300481819122
1878,1970.0310268990306,1.485886718184241
1879,1003.978843173695,1.3044211994792108
1880,840.4906729300305,1.270732442780489
1881,1343.6556247905407,1.3738144225472846
1882,1132.070709030862,1.3416830679595237
1883,1041.1680358870658,1.31605138882003
1884,1542.129146532079,1.426733197290159
1885,2032.428051832604,1.514926200488489
1886,963.4481162176652,1.2746980039158697
1887,1509.8661755246314,1.426408454596626
1888,683.3961258921539,1.206021594160839
1889,1202.6999444530873,1.3633098740977112
1890,2154.4898596700614,1.496682631276002
1891,1282.7832750748735,1.41106235788681
1892,1175.565191497402,1.3404133502548008
1893,1427.4963934544244,1.4093383283527428
1894,664.6851558156881,1.2013405608443897
1895,710.7567216189706,1.2177978678868187
1896,838.5440712839884,1.3037677875513591
1897,888.8818304274688,1.2784732208826262
1898,1082.7942038975646,1.3470755520125632
1899,1140.3490949974612,1.345732986053358
1900,723.144498965984,1.2292971977245204
1901,1223.172591150911,1.362731134604629
1902,2260.4987514855407,1.5006872384491377
1903,4315.444829551623,1.679312963819591
1904,917.9078673158634,1.311289238958133
1905,3261.363717677416,1.6071086053252117
1906,1739.8469046034177,1.4869590822586438
1907,825.392080602006,1.2242886302886309
1908,1083.1843708812887,1.3444810453363119
1909,1100.9827331927265,1.3296578401324277
1910,1198.798122879441,1.3333715034261293
1911,1318.7720680329007,1.3576675868730905
1912,1163.1825342612144,1.33244122635452
1913,2539.345714209955,1.5482139211424055
1914,1472.6150358303637,1.426150621443894
1915,660.8928168600802,1.2090511373649917
1916,1633.1809751588821,1.473086349657537
1917,3703.8373742518047,1.6993489104936652
1918,1431.205841944688,1.400198454380295
1919,1096.2118581480647,1.336215239170592
1920,3031.4694392557544,1.602505541056179
1921,812.6965616740915,1.2241370144561792
1922,2647.9360019094775,1.5412056442447037
1923,917.0671440407074,1.295703628940803
1924,1396.954996546232,1.4079909845496317
1925,1073.2440463619446,1.335064233057102
1926,971.5987455403895,1.293962231346109
1927,1918.4618584420114,1.4659582771992201
1928,1916.84078768903,1.4904531186842636
1929,1483.8985845895356,1.4248935108570968
1930,666.1079190282081,1.19659783949512
1931,1870.5095451165228,1.4898174706717089
1932,1375.496633803252,1.3815998891973913
1933,649.6019074648515,1.2128170671187677
1934,1029.6442549690023,1.3160114859393937
1935,936.2626267672525,1.2996639142676374
1936,647.9672876818132,1.1965400851089882
1937,1196.657598973967,1.3331742694518285
1938,834.8211415353646,1.274154765418406
1939,1316.17425270162,1.3909284855585167
1940,1359.1090769391742,1.4044669016061144
1941,1001.1032843884578,1.3265293256376707
1942,673.6188020561958,1.216458932877324
1943,1063.348596616659,1.3130890766802994
1944,3018.448943386715,1.6073977678182387
1945,2705.3857566870706,1.5820551691212426
1946,3156.841373896351,1.5989763916076676
1947,933.8557082595378,1.2982339402700862
1948,1199.0591797132843,1.3724136427735238
1949,893.3219629686191,1.3081537116718962
1950,973.0434546385874,1.3184938860341053
1951,1570.0625082160739,1.4177958367342063
1952,875.9766294340351,1.3110810119887613
1953,1246.4527238378287,1.34688712253699
1954,671.8962581684668,1.1918912362410656
1955,1500.8625548433697,1.4163155857000789
1956,986.9811843192188,1.3113709479161055
1957,1046.6418906086578,1.3021253652254403
1958,1325.139372043497,1.370322440208854
1959,993.6969605012589,1.3419868526333438
1960,726.0179200802277,1.2388048728453345
1961,1035.3025045872646,1.3445574600137526
1962,669.7612730693501,1.1943337503932965
1963,1582.9572655918214,1.4315203529851885
1964,1201.5880129911316,1.343487912533164
1965,1072.0734204976486,1.3595951164996647
1966,825.89282127615,1.239381979625425
1967,1544.6654007906245,1.4497276616798747
1968,1290.2186067646398,1.371933583579542
1969,2329.1453137838857,1.5246048282162177
1970,603.6111193205238,1.1939532540819742
1971,997.2129328269274,1.3475995466745347
1972,2750.672818819734,1.5895765657256644
1973,1144.9370968325302,1.3579981099978464
1974,1969.9505060134024,1.5026047935619624
1975,1472.2239274629273,1.4142733348793692
1976,2607.505748781061,1.5753649480373404
1977,892.9885277233835,1.287025505740438
1978,785.9826511363993,1.273488931779908
1979,756.0791715172259,1.2368885231785685
1980,1212.062089312451,1.3740845205512067
1981,4392.737701497777,1.6514427685097444
1982,1743.2008960260036,1.4547797230340995
1983,1073.4176720553166,1.325218920505341
1984,1595.3026573326817,1.4244825982217055
1985,1201.1583646416382,1.3410240581101611
1986,2140.440695289575,1.5202219310952354
1987,640.2683382385627,1.1744747660011623
1988,852.1817000027324,1.2441790894440155
1989,1702.0539308170144,1.4774886657555633
1990,1244.8569999606973,1.3590779454528055
1991,904.2805364420911,1.292444043970983
1992,898.3239913232231,1.2846751207592917
1993,1467.9932203604803,1.382070266169691
1994,2882.0955818695033,1.6003657362314225
1995,1112.370390381461,1.2974081571575047
1996,1769.316010386475,1.4717190660154864
1997,1864.5071779398731,1.4794601191162766
1998,1372.3611363848652,1.4166715968637074
1999,874.8385184484637,1.272694102581352
2000,10287.484386054906,1.8984603945941152
2001,1466.9426596173396,1.4391636797619378
2002,601.3825866587997,1.1814666666838236
2003,1736.6463451911097,1.4700511403330914
2004,1274.2791213392063,1.3925721329311977
2005,2135.7921498655332,1.5480956938435204
2006,1079.1876752511655,1.3365298727405974
2007,1283.74420645778,1.3855712223002767
2008,885.0080028080235,1.2960722331516978
2009,1098.8740638188842,1.3369917515005783
2010,1004.5278125101458,1.298498581670378
2011,943.9832100132378,1.3296800848221813
2012,1403.1144396990196,1.410751848692039
2013,1119.8853009354473,1.3167568585845058
2014,2254.688536601023,1.5266831573554482
2015,1989.1250440150247,1.5207428513832117
2016,1207.490124087709,1.3715795859976387
2017,1169.3847925941677,1.346768528967814
2018,1208.6827704417956,1.3710321922037298
2019,1201.9143253633708,1.3605243321573355
2020,1051.789806370777,1.3295656758053498
2021,886.3284042194363,1.2764193177935699
2022,2098.793910351596,1.5074817704948884
2023,1656.6766891956036,1.4488900448443167
2024,940.4482605395568,1.2689749141590856
2025,527.0112004294416,1.0949936064411052
2026,1062.8969300113413,1.331971077444835
2027,758.3688748683608,1.2830220791403888
2028,1086.651370711002,1.3428942321530213
2029,1661.1852317500015,1.434555605350871
2030,962.5113633375138,1.3190530975468842
2031,898.7456135068805,1.2755783085165262
2032,924.2446008101487,1.2956813284308828
2033,1907.4843125499608,1.4988223819354682
2034,1254.5662922977692,1.370537077859191
2035,1014.0176062067259,1.3244545489331703
2036,1222.6908775793854,1.3599796562895832
2037,602.1490605222485,1.180547035522247
2038,2241.8650910985643,1.5084645269930463
2039,991.5858510386498,1.2886360366491276
2040,694.9970974570577,1.2265819080180314
2041,1018.9551090470692,1.3106067902521221
2042,1516.2002081259357,1.3980178858460408
2043,734.435418572995,1.2418700035813404
2044,859.5810033261243,1.2434608462182324
2045,2453.617054823299,1.551782276972754
2046,733.0579638059538,1.2083037760162945
2047,525.6384523294221,1.1621795306365406
2048,632.4199703033397,1.196640997203417
2049,857.7090097442499,1.2970343131588922
2050,1958.6339034870186,1.4895586200648883
2051,4090.8773769300915,1.702629572339878
2052,687.6302995226041,1.2265632805358528
2053,1761.3913269943926,1.4549327919396509
2054,3047.0397855023675,1.6175973053280246
2055,710.0042930878784,1.2294881401406397
2056,943.093627009542,1.290803549873291
2057,3747.7167229443353,1.6375256163712313
2058,1686.0521260004116,1.4466169058731768
2059,776.0528452726489,1.2543441117694833
2060,1043.8739789089836,1.303930989814958
2061,1218.5341892864515,1.3891834806682228
2062,1703.8791732278598,1.452562398213364
2063,1124.5962624031522,1.3516197444326163
2064,2513.1929127158905,1.5473152218885105
2065,876.5037118475844,1.2922386989754822
2066,1911.6911687115878,1.4678740269742971
2067,1525.8133223563225,1.3995906000985967
2068,1847.4256032037972,1.473046920538353
2069,2054.5844627888364,1.5151807206347163
2070,1191.9341947230878,1.3592303467424502
2071,930.1671572078441,1.268733208508705
2072,2954.8385453470773,1.6143753796240845
2073,1022.9950391907768,1.2640513990424536
2074,1607.943343092626,1.4382773786083247
2075,497.6079026706284,1.096966881765777
2076,938.4640788830375,1.2907873398107033
2077,845.6669262481751,1.297670640232608
2078,794.7030194192141,1.275581291785745
2079,1469.3685578192294,1.4242009514822258
2080,577.768256097384,1.1556871478659168
2081,2189.2519217206477,1.514966318640091
2082,1266.769718176614,1.39646367095546
2083,814.7982910103073,1.298933899538358
2084,1095.2212472622314,1.3258931463133106
2085,730.2563746405783,1.2201301687737922
2086,1396.584306759332,1.3911071609721923
2087,803.7369587000992,1.235089507917802
2088,1680.1390765354602,1.443463747535481
2089,1441.2839819069,1.3986876371983181
2090,1025.9226530949818,1.3067077961056348
2091,1028.8015537923395,1.3265400038113522
2092,886.5941287871726,1.2631351843767937
2093,2314.811627871869,1.5036863225239567
2094,774.3273457497647,1.2859420056634172
2095,1369.39212501575,1.4263308678530764
2096,1248.2360974418511,1.3524190688736257
2097,1016.8278837046157,1.3066855617562394
2098,1206.7127511619487,1.3886598108558756
2099,1039.3958626749395,1.345239546427001
2100,1282.5059989855454,1.3681529688585754
2101,1397.6210086970282,1.404249929961355
2102,1714.4870686523655,1.4649407364626759
2103,2960.178390522314,1.6119500514162526
2104,2180.074614746677,1.502816633879545
2105,1184.2377736869687,1.3659627072068943
2106,1149.5620879453797,1.368425953104831
2107,1679.0893137198689,1.426345438686423
2108,1628.7965733626058,1.4257922354496502
2109,819.7573303093759,1.267052022023921
2110,1143.7268667053177,1.3766408983828098
2111,1028.7955942310314,1.3262100041025968
2112,737.1008272076969,1.2407106998967565
2113,776.6671944597558,1.2721407710182329
2114,814.3318302312017,1.2534916175715733
2115,553.2456791940903,1.1327954569598326
2116,1212.351672381609,1.3624075228152066
2117,853.924627947139,1.305205790553658
2118,1414.3475050697396,1.3955673710020973
2119,1110.8025359202343,1.3388112817334794
2120,978.3604625669336,1.3149785645491883
2121,1413.4655247229027,1.4515910083719108
2122,772.4005162636305,1.2166965842040396
2123,1621.3835989984166,1.472732132880362
2124,912.1016360564006,1.2655077997087294
2125,1272.0201231509157,1.392579729483889
2126,799.824423322523,1.2709053352821875
2127,1651.2013256303835,1.4533142367951861
2128,767.4293378344164,1.2154425132382802
2129,1704.0327189335017,1.4410955836170818
2130,953.2598506994547,1.3188489384842277
2131,630.8801219386356,1.1973246751099214
2132,1389.5499776605232,1.392038142143733
2133,2752.6104416117714,1.5868136688124412
2134,1587.7230938005305,1.4339567776870574
2135,997.8399326874511,1.347332168452656
2136,1894.988288810978,1.494305197230815
2137,1921.9572952359558,1.5003144084253979
2138,6987.448458902898,1.793840505605345
2139,611.9625567023354,1.169097937078239
2140,993.5079678639778,1.3036090628318746
2141,768.7687937604767,1.2254375053079833
2142,1137.2318738788795,1.314038169192174
2143,740.0365948992597,1.1912069718470046
2144,2066.493029836672,1.5181098859548752
2145,744.3172393068738,1.230056502739262
2146,1051.724019844896,1.3373368364339402
2147,1153.6806469892222,1.3145301531093518
2148,1107.6339035538479,1.3500468317085734
2149,2232.966936167192,1.5380513424990365
2150,1659.3225964573926,1.4359221867775886
2151,898.6543644059896,1.2851938594200343
2152,2253.5445467324353,1.5004140176035436
2153,1170.395915905302,1.3323231753301212
2154,966.6307354774701,1.2964594747269118
2155,2964.6725219326963,1.5970049662899946
2156,973.3705827979255,1.3049078058568895
2157,1178.6561829004913,1.319949452172015
2158,3286.763135703594,1.6210359552226976
2159,1809.693147045929,1.4878315144849108
2160,1267.9634267816898,1.3720087955348563
2161,935.0631868595165,1.2872194476399865
2162,996.4866626902451,1.3459532560120613
2163,2328.1645098097806,1.5449468157880752
2164,3094.0173388515936,1.5651197107017827
2165,2524.2967759934945,1.558053300623199
2166,949.3694844439729,1.3148487103007447
2167,1763.2874307642674,1.4344357466756685
2168,2060.074638460625,1.510105657391704
2169,1808.9367887785709,1.4734919006973521
2170,1941.855085500285,1.4965335740743033
2171,2308.961687396686,1.5263628860339546
2172,2219.3542354656965,1.5307689340073798
2173,1071.0541915634458,1.3201972748414512
2174,1688.776962167512,1.438658685121307
2175,1851.5269581524838,1.468114535079667
2176,1118.5064438051238,1.3101086484038806
2177,1338.7352152555166,1.3781430935858467
2178,755.8559979554556,1.2257192582390348
2179,728.7943131874292,1.2283481045270037
2180,749.5726593698395,1.24451332830048
2181,1050.8053799768188,1.3048729820831697
2182,2594.8134521569086,1.5696349351000878
2183,952.3052700601618,1.3289272996379025
2184,1009.9299792916262,1.3144458432790713
2185,2335.321641271109,1.5588456408104405
2186,1740.4538604431043,1.4592812659107555
2187,1561.5334455389604,1.4056916298217528
2188,1540.1607866536408,1.4174122706391057
2189,1309.8780809300918,1.3926645219788838
2190,1317.6518540508953,1.3703616684335225
2191,943.687077700368,1.285843911809542
2192,2032.3827560156362,1.4959796567599768
2193,2735.477159610047,1.5507383833378448
2194,1780.9992102803994,1.4635981344313662
2195,1997.7377349387486,1.4869687632760624
2196,658.5823627243362,1.182935264680587
2197,1381.9042463994383,1.3607134016968292
2198,675.1709365888157,1.1935640024655285
2199,680.1162969550726,1.242961141184588
2200,735.0914847321349,1.2106785928966477
2201,1016.1080416971871,1.2909045479665626
2202,732.5948855821134,1.2451350549297038
2203,700.543539081808,1.2372945389435486
2204,1788.4833455408318,1.4585337838283967
2205,1494.849054928243,1.425617072492575
2206,663.6816872490376,1.1849346417350053
2207,1242.3353545785087,1.3641138132004005
2208,1108.386599940862,1.3566352400007091
2209,776.2393892567375,1.2303298753386134
2210,1566.2163327014446,1.4372246794746701
2211,896.7659126368478,1.3124550969223336
2212,863.6508989131356,1.2646002218594148
2213,1044.193357332082,1.295163189710873
2214,1587.883517116851,1.4557603212503902
2215,862.3667524010183,1.3033244929786092
2216,6096.38130590899,1.7731076158832522
2217,864.0735067987367,1.2963215375815347
2218,1563.0178960244893,1.426701269263154
2219,761.8818135363024,1.2302726258281136
2220,1689.1646571475424,1.4236718129032504
2221,1383.9550283030399,1.3854279000177971
2222,1694.892862574575,1.4809611268260081
2223,3217.1378368233027,1.6082741421858417
2224,852.3810443184981,1.2960523015904848
2225,771.5661976269338,1.2303918515386933
2226,1194.5545923761515,1.350945927898153
2227,2441.546253536763,1.5579758464019844
2228,1699.1466889720587,1.443706192210468
2229,6721.902168116542,1.8007112047494425
2230,1726.77196081257,1.4801202783020664
2231,802.2215702378118,1.2557356781293263
2232,921.1849260450159,1.2876360357101737
2233,1246.3079249888006,1.3752674365974624
2234,1199.0639454623151,1.4061165828052185
2235,1534.691264665656,1.4718513512570552
2236,1297.666288091535,1.3813751303153894
2237,1581.6085221563594,1.441967272596845
2238,1449.400618915364,1.4168010633550374
2239,1101.9518565716758,1.350377367587142
2240,1243.3829603071642,1.3396358203780272
2241,817.09861651807,1.2734939120227369
2242,1020.7146675183512,1.3075546188095413
2243,1173.6883798543379,1.3602022452431248
2244,1686.0135671223197,1.430521648581645
2245,867.8780755356601,1.3049165354162526
2246,1114.8574461454978,1.3447752227084404
2247,1688.485854538083,1.4422762552839488
2248,1171.9068999865838,1.3377379084001997
2249,1805.3704157645354,1.462734673321202
2250,1393.1425489338783,1.4205308257331437
2251,1733.4038735911347,1.4579061552462595
2252,1534.5516082208837,1.4535772760897334
2253,2534.8068463224317,1.576484661051761
2254,569.8073210477887,1.1825244744358716
2255,791.3042313230104,1.2635584941869848
2256,586.0942392124578,1.1649551567753
2257,1108.9426618269126,1.355993766519996
2258,3990.0045286147088,1.6670523307661984
2259,1317.525901556093,1.3832795242965306
2260,1008.2787437212153,1.3489869655407576
2261,769.1409292878968,1.241407039128135
2262,401.2008488390633,1.0321408662612852
2263,1390.6805538556248,1.3724748002574108
2264,486.460152988966,1.088846805026986
2265,1069.541661744519,1.3288622420722775
2266,699.6348994200589,1.2202931907943486
2267,3843.0750626741683,1.67528975894538
2268,1149.0705575342624,1.3261677516050432
2269,1766.3801887400527,1.4841098515701427
2270,989.2113786868732,1.2963391034913594
2271,1066.8031738835716,1.3527425778108813
2272,664.014901802107,1.2088791559254701
2273,1667.5417503339656,1.4540349192818143
2274,1162.1139188165291,1.3724370145382008
2275,877.263298267662,1.2637602368928464
2276,3201.871756743206,1.6071955523623762
2277,1375.1917033608672,1.3796441345520918
2278,1178.5335305517754,1.3543254465259404
2279,1482.877105582707,1.4298007175997747
2280,1555.8802446507189,1.4201333981947715
2281,1107.0248065637722,1.3380813544952534
2282,1182.0527117760023,1.3491714345572232
2283,1226.3626083305057,1.371778966148808
2284,1020.428229893784,1.3281402286687378
2285,1238.9847124212345,1.3707797692086205
2286,1574.2527842424747,1.4556631412786414
2287,908.5368208377492,1.3097778135202556
2288,3448.1395564511477,1.6247154950730947
2289,1272.4597860247438,1.356771415381063
2290,1379.1511802324449,1.4102476041839698
2291,1570.2118541601187,1.423015306521331
2292,821.0506620341528,1.267980675203076
2293,808.1637114889226,1.235558170902148
2294,1003.7820191533098,1.294794314124527
2295,2913.7960507075036,1.5876971771049773
2296,1007.5211266989686,1.3547830468841544
2297,2792.8419707076364,1.5714650037572508
2298,818.3349239959389,1.2407382249010448
2299,777.0279065708385,1.2587359472041537
2300,837.0185998545087,1.2476226278552422
2301,848.2478657925495,1.2794349595096839
2302,1270.7701140712484,1.3735724317845663
2303,991.4776834894355,1.3134384171828668
2304,667.8332452935268,1.1641880263812112
2305,870.3089529250698,1.2814446520871197
2306,560.0451167710488,1.169047191357602
2307,1670.0220183091078,1.4438569568973183
2308,1219.651691703981,1.3834357939416821
2309,1622.1958443414105,1.448843509249734
2310,763.9366612175845,1.2483197342471801
2311,868.9958651953137,1.2987361062379046
2312,737.98927506013,1.2103094414405025
2313,1759.7264543294598,1.468114865191334
2314,520.9114151385656,1.1150771626364824
2315,5440.675168707651,1.7773101915831315
2316,1327.2831468976156,1.3866258785789762
2317,1429.1517402661457,1.4222943255405973
2318,1056.8319084624725,1.3265369664724331
2319,1247.896397471171,1.372681497520521
2320,1132.5374874259312,1.367971649323658
2321,693.4486771918183,1.2137352883949983
2322,1662.4031052127473,1.4448097209410584
2323,851.4453515029164,1.2415298844666498
2324,1439.045558952018,1.419887838652318
2325,1003.3499402534716,1.2906706338330385
2326,1703.7342162358043,1.463217731389817
2327,1203.6845193847587,1.3347245413821491
2328,1091.2535405974982,1.3375751733526744
2329,1641.8799391887496,1.4305185352103462
2330,709.6571215104179,1.218392171989266
2331,602.2579241120952,1.2183649981190954
2332,1919.5066065721828,1.4885998151340119
2333,1127.9865220515999,1.3679542151302837
2334,1144.1422672409851,1.3429103900145676
2335,831.9745687875081,1.2785777616936813
2336,513.4623388288343,1.1030392498174835
2337,1690.4616078929953,1.4549277699320036
2338,661.3817573650891,1.2097261765777652
2339,1436.926754949797,1.4004702890005762
2340,1430.1638388702927,1.4196837947909537
2341,1562.8455688227432,1.4501428119851545
2342,748.6647604339742,1.244245776275507
2343,3269.2753948521995,1.6146202608146871
2344,1021.6144345423846,1.315045854196147
2345,1671.9355987106505,1.4357311912058617
2346,1128.965596289417,1.3632755132159977
2347,705.6820962312546,1.2285894022938617
2348,865.0903236734811,1.302738341000567
2349,1603.2997347369826,1.430651774690155
2350,940.7695225331723,1.3185390252710765
2351,895.9058685152609,1.292384943293366
2352,1665.068597367744,1.4271421092570264
2353,1237.1269667749384,1.3552859434286848
2354,947.1671280730719,1.3030856134796862
2355,975.5889280001744,1.3449569375238941
2356,822.8071729062857,1.2973550476639815
2357,1081.0501316145858,1.3381573387973675
2358,814.5779117290347,1.2610180603082373
2359,869.3495575589658,1.2659956242703325
2360,1320.2574138496013,1.3778093510062128
2361,609.1175400923971,1.1844496907868534
2362,937.1508893161318,1.2941059437729008
2363,757.020022169671,1.2437211264762997
2364,1230.4906300352447,1.3573133874757457
2365,929.3658041536021,1.293916863258935
2366,835.1901892350477,1.256781260331423
2367,801.3056867506928,1.2687042941283249
2368,1069.3451530008033,1.332533862599413
2369,1461.6700607747744,1.4594419939607846
2370,3327.192382265851,1.6204168704592805
2371,791.967437873921,1.238890470255312
2372,1342.6906532065063,1.3855954661234369
2373,2228.80482778783,1.5248438105148232
2374,824.4292617624943,1.2621784901480197
2375,757.5503724612786,1.2448744093823643
2376,1066.3773241990239,1.347615571852888
2377,726.4128986623637,1.2327828658187607
2378,808.8517963729927,1.266921914161132
2379,1566.4022694105147,1.416568326434585
2380,1825.75763199965,1.4844854878602107
2381,675.2789585292693,1.1815537176318687
2382,1800.046581899132,1.4477409910465004
2383,1339.820611165088,1.3642325564213684
2384,1058.1687543312014,1.3036073090153115
2385,1449.1214695045492,1.4116551323898219
2386,1994.205862534486,1.4835637370478971
2387,626.5826790671994,1.189783072800084
2388,3626.2623769888173,1.633102260627805
2389,1158.929311898685,1.3494446896902126
2390,1890.5499046150653,1.508032766535225
2391,1171.5419471677803,1.34457369315395
2392,1562.5359728554372,1.4462499780240274
2393,1134.0250452619598,1.3496525178713756
2394,364.49870212504385,1.0095025718762627
2395,1234.9499102817886,1.3770874657704455
2396,779.1887042934392,1.2359085917241832
2397,1065.5436906482632,1.3163603592674238
2398,1309.1629007146894,1.3836761571889262
2399,1076.0714081144972,1.3323202355616581
2400,883.7159581449852,1.282063688084594
2401,1297.617175920813,1.3712135233427334
2402,1449.9419158391786,1.3931661317849728
2403,2194.389730706552,1.5127177970593941
2404,794.9611891600814,1.250447063808307
2405,816.4037461041265,1.2525914540668852
2406,1133.4362267393283,1.3695537569606322
2407,2107.406792486824,1.5275818307236468
2408,1721.669921463632,1.4889879424193495
2409,2718.157076466671,1.5541605344454132
2410,1859.9446302556464,1.4909987369770932
2411,938.9880116459851,1.2812421779695566
2412,1558.4189550692745,1.4407047767483752
2413,1803.5195162154275,1.4466345111279642
2414,1080.0741613743307,1.3207931795848467
2415,1089.8076852436543,1.3741836307224582
2416,1102.4327957675466,1.3261256766517682
2417,837.4832612377362,1.269945493981163
2418,892.4562337363916,1.2910011969946444
2419,5662.20123824259,1.7742630067631942
2420,892.0043809227144,1.263238715371199
2421,1262.357642458286,1.3985660116402103
2422,2488.370329503737,1.5485057368358888
2423,1096.7425094880139,1.3192319936645474
2424,1252.2924980989205,1.3539676693241862
2425,814.9983749833696,1.2737241150591572
2426,2083.0560362841434,1.5104895356001926
2427,1436.2184089856041,1.4132683809321702
2428,2092.93911495312,1.4952153521467275
2429,1890.3622858449157,1.4753961459498166
2430,825.5158603126629,1.2793123041390757
2431,959.2711764509273,1.269779118268693
2432,1345.7132425609304,1.371059343437819
2433,1424.9260665243396,1.382618164215552
2434,1286.1567723584014,1.3411071374650132
2435,1864.4113279854796,1.4812446852844912
2436,879.8128196356218,1.3039535102165418
2437,744.2847301056496,1.2443397653686201
2438,1956.3275071290248,1.4797945096040854
2439,1133.0725971476197,1.3389934680791664
2440,1030.2313977913839,1.313920600418472
2441,905.0113840073802,1.2825454961013296
2442,556.4299823312974,1.2279860788990258
2443,1418.0165831256345,1.4256598586262677
2444,1617.9443703564468,1.4470175228984126
2445,1462.0536497461912,1.4011929903317988
2446,1036.2954257982813,1.3372586557126953
2447,1795.156587065382,1.4897857470302531
2448,1780.7996459692574,1.4598217274319687
2449,1021.0092179139282,1.3411485373255552
2450,1297.6776816701486,1.3955486682195783
2451,878.0682677311297,1.285350370586581
2452,6908.271128328578,1.8474267107975335
2453,720.9924345142826,1.2093177380426987
2454,1687.7787047992936,1.4383595909412357
2455,914.1136503282471,1.298304281020534
2456,2338.5908313182017,1.5052457223965081
2457,1028.1744666449422,1.3443291676789328
2458,1261.580026116842,1.3694263952735741
2459,919.7644155890456,1.288987264141957
2460,1431.5252548795343,1.397961360179244
2461,1239.852272401922,1.3945124892967538
2462,1399.979635306906,1.4119146857584695
2463,760.2162276460474,1.2167219977683732
2464,741.0883507357681,1.2673533273598756
2465,5499.221391072163,1.7949673036322649
2466,1302.1328477957172,1.3650141011268835
2467,963.3848677657868,1.3056736851158923
2468,2199.2458449684764,1.5249638665442997
2469,2069.276372386558,1.4642270174350116
2470,540.7544661563315,1.1759540802218555
2471,1074.000408644446,1.3319195123187562
2472,998.6393209282495,1.3029497263713716
2473,1683.4338269640002,1.4142503082232325
2474,1180.6280035365935,1.3627777825552256
2475,733.6235844263659,1.2208706161569847
2476,1334.9851617672657,1.3581445304230564
2477,622.9308586524193,1.1869921488432547
2478,1703.939418254889,1.4516767861293944
2479,2589.899768922612,1.5669466111382249
2480,881.1413412963022,1.2685690864465704
2481,590.0130262565647,1.222237612918808
2482,1162.7356777624896,1.3606607748216544
2483,1137.1444191133062,1.3521727204428045
2484,727.776126368981,1.2278517696066458
2485,1292.3871126743595,1.3834822070053763
2486,1704.1220767632922,1.4530966827949459
2487,847.6950136210058,1.294034788157464
2488,1419.6323900767054,1.38981350834544
2489,1041.0405353874676,1.2982462616787962
2490,917.0270792504259,1.299871719951936
2491,769.9985233863932,1.2494459748061146
2492,718.7066667483435,1.222601166110573
2493,1116.7379505977126,1.3687188110202078
2494,753.2535507213462,1.237550446890322
2495,1338.4251200688375,1.400461320080106
2496,1130.5097506131478,1.345253291354083
2497,991.1788594623802,1.2894963970108257
2498,2648.576017207211,1.5636204174445592
2499,1023.2106932847573,1.2888077767057018
2500,1184.4808771763057,1.3478830863841544
2501,1068.0260595345255,1.3317434876497876
2502,939.9375660684976,1.3028495506350017
2503,1399.584734460385,1.4178505520257392
2504,1389.8237119118928,1.447522766560882
2505,877.2471073870834,1.264323354894694
2506,1415.6545031982585,1.4182236440135192
2507,1414.6136705552092,1.4077197351466346
2508,1745.3802910560123,1.425259701269685
2509,898.4045839782407,1.297915697207004
2510,2336.9986149622146,1.5244076596410698
2511,3174.731038485779,1.6325613434540438
2512,862.0107114413765,1.28703425923312
2513,1565.8823168491679,1.4535709406975212
2514,2012.3837207280003,1.53074176657072
2515,1156.0278512438372,1.3586296001614766
2516,1906.179959404522,1.4719991521874183
2517,683.6995833313733,1.2353276291477147
2518,1074.9811109083048,1.3299903381685794
2519,3333.504681451003,1.6256647087850664
2520,1208.6254691963175,1.37932478248004
2521,3050.653719059026,1.614024853645685
2522,1138.9036321592027,1.353827080198662
2523,1268.879626016252,1.3585978728227595
2524,1275.7994587636977,1.4328460585910492
2525,810.725290045767,1.262905683245249
2526,814.3266051236415,1.2362217807092142
2527,838.1102606247953,1.2900159807221523
2528,808.4041975401769,1.2761970941193717
2529,1214.0171385634578,1.3530963023054088
2530,1076.5024916060866,1.3501837381413284
2531,1175.3445226193776,1.3535654582862688
2532,1109.8558982573652,1.309636099087405
2533,970.7099598054922,1.2953009368732245
2534,785.5582710190943,1.2537149560181604
2535,1212.3063755606538,1.3841581124798257
2536,785.8424578176035,1.2396834406706465
2537,1311.9764440062227,1.3690981130217161
2538,1043.4496291032337,1.3586289292733185
2539,1260.952336985438,1.3794287778011003
2540,1238.924039712565,1.367171464324004
2541,1271.8719417238806,1.3656439927734523
2542,1763.8447663001677,1.4361469553207764
2543,844.6517713485532,1.2665081596694192
2544,849.3963054865976,1.2689568529600825
2545,1354.265420323666,1.37339553066824
2546,783.219364764748,1.2574160203597282
2547,1111.9838582028026,1.3623378687829713
2548,602.9945189771797,1.1508777592091324
2549,1352.6046789411391,1.378699304458593
2550,619.3309741779912,1.1477037961191785
2551,887.2922399545633,1.3184452209252329
2552,1723.193423618052,1.4661358891316434
2553,2260.0454014992097,1.5218616754431582
2554,963.3669462882575,1.3103745423804272
2555,1804.978349087741,1.495928353364067
2556,1343.3268242426084,1.4033457088145151
2557,878.8647371013144,1.2644571182325757
2558,828.4498063643026,1.2650870396792901
2559,1077.7733167981291,1.3266114878070299
2560,964.5700944183674,1.331197133646657
2561,701.1979782025385,1.230834699240045
2562,1369.5957000185767,1.3830487242424352
2563,1447.182868402916,1.4058782142119035
2564,2298.582399756023,1.525588812884818
2565,938.4751884836942,1.2989523853048999
2566,1128.8372981886764,1.3645020532022205
2567,1713.9998009005697,1.4264434770515395
2568,627.9175984286919,1.1821913699845041
2569,6037.192976940905,1.7822055008058362
2570,851.5005660704628,1.2828071244514474
2571,1518.3804001227131,1.4218481284489315
2572,835.7051540243151,1.2763576825168246
2573,800.6887621168795,1.229550970036855
2574,1498.467305916483,1.412629642491102
2575,528.0378635050882,1.158197900089096
2576,863.2958324411512,1.2401072947031853
2577,1451.9629059309036,1.4285910184337294
2578,1902.15817505324,1.4621796261364968
2579,3265.4311647812115,1.6142597948278143
2580,979.2661221990423,1.3193607151548137
2581,904.0574383078658,1.2585403450049262
2582,8172.665477732422,1.8615253636275018
2583,771.8364329282934,1.2480719368757491
2584,1160.9026311857385,1.3378311221452537
2585,715.4964873252067,1.218120766649766
2586,1537.1076135138837,1.4270514692772558
2587,685.6192680501321,1.1940276973870207
2588,1789.256799930269,1.4709044644848455
2589,1703.705048881158,1.4329402673947078
2590,1509.888144583791,1.4070422833210652
2591,1050.9030725293403,1.3292259778195978
2592,782.468735610224,1.2445337256547322
2593,707.5445965144677,1.207957387823168
2594,879.7107290478601,1.2822647200477306
2595,635.5150161786617,1.1863200260392162
2596,1628.3134651542143,1.44995524568936
2597,1261.3109582528314,1.3619422635130005
2598,1724.2081252481346,1.4619319835607087
2599,2998.0987500014003,1.5874950111808492
2600,1777.4623901930777,1.4322793476606093
2601,2376.0706780563637,1.5550723663460262
2602,1339.6024560375436,1.3821585122818996
2603,726.9352761450358,1.225201076676813
2604,2799.856206871956,1.577404014540637
2605,938.8319776154127,1.2854333175472383
2606,2583.411935875097,1.568127951982931
2607,1377.0585864139885,1.397461992939307
2608,1011.1463594722393,1.3380241384760223
2609,1005.7552465007213,1.3160165873965621
2610,936.3022881480117,1.303977182022356
2611,1180.9971511644162,1.3483859612699065
2612,1648.3417530306483,1.4480500715948847
2613,1102.7720261272407,1.3246672263301629
2614,974.9864988144316,1.330482306094892
2615,2175.2258689411096,1.5495189133571825
2616,936.6639948630292,1.319280654050472
2617,633.0278631083279,1.1796667147875026
2618,1764.9769848776598,1.4638302506965648
2619,1564.8642391214887,1.4150126988771974
2620,1828.6203671781655,1.468407642966266
2621,896.7441442243339,1.2756349469459278
2622,842.9237239097611,1.2793889842917423
2623,1105.999641866868,1.3504962703872105
2624,1343.7448471235502,1.3743662324166814
2625,1457.6019587059916,1.3987271575236058
2626,1640.1747779785867,1.446134583775255
2627,4302.611630597093,1.6906758255933965
2628,655.6301197078807,1.1912506385601362
2629,951.2374177813957,1.2645379197521862
2630,805.2656958555914,1.2420386718053114
2631,1373.7787699105693,1.3892538982437457
2632,956.612585366534,1.313454684167977
2633,1583.814597694854,1.4150179754703305
2634,2051.8890614024417,1.5190386420654525
2635,1121.7473282628864,1.348178005691961
2636,4341.63091940946,1.7098314808375552
2637,1056.507543827116,1.3570594664136044
2638,1076.574418258147,1.3260554269444194
2639,1277.6182631047634,1.3677444451265233
2640,845.8029836610752,1.2696236889253565
2641,1264.9985500753498,1.3706088284315263
2642,759.2009246918974,1.2386662907233306
2643,1375.4500564023385,1.3958370548234378
2644,2033.9224084517577,1.477054436633572
2645,1348.4346731427947,1.4018139791803654
2646,564.8890764294074,1.1723391621437924
2647,3847.505765315466,1.6541474614277798
2648,4662.301296157453,1.687102017128543
2649,1406.6124387679786,1.3942294990791129
2650,652.564833339108,1.2072388744805547
2651,1095.04699050771,1.3480438803612766
2652,2032.905910294888,1.5070191341591648
2653,1797.341772658913,1.4391142399893289
2654,878.1297520572972,1.2955787474250997
2655,1033.8922799727354,1.3109355087522443
2656,1383.797427765627,1.4251313146918334
2657,955.2832278126754,1.2750281020077132
2658,1631.1211377784166,1.4155439686991529
2659,1693.8540173360861,1.4365026262302458
2660,1324.3838291897375,1.3887340582359609
2661,2193.662519140492,1.5503338858871427
2662,1572.509806263814,1.4192669468664167
2663,2087.476100877967,1.514173875597542
2664,768.1019674629912,1.2381570949031138
2665,1018.1689963595455,1.3232222986777153
2666,1629.3852349179117,1.4617101067063145
2667,5180.816170753527,1.7371476724145187
2668,798.2463962133107,1.2376066468550893
2669,1212.0511544764056,1.3710018649387472
2670,963.6602135100967,1.3164839392726673
2671,2525.828502556951,1.5584043771924698
2672,1815.143773493969,1.4849303292815785
2673,817.9984337831033,1.2272208731537
2674,928.5719911082903,1.279835081123172
2675,1055.4236712121194,1.3132235779364432
2676,824.4324125265626,1.2749746604595549
2677,3165.9445044185577,1.5959816158090432
2678,19173.65286267889,2.089776982357654
2679,1054.473022063608,1.3288206867488845
2680,1499.446246154257,1.4072922399980525
2681,1466.3817102401451,1.4104020724810005
2682,1706.295899477131,1.4571083442484583
2683,1042.134501158663,1.351586162251711
2684,1023.6353628846146,1.3296341422091769
2685,2006.6033158940209,1.5127439813969963
2686,1428.2618702215027,1.3974339659825625
2687,1094.0924420918905,1.3462483269166996
2688,2644.620522954058,1.5735139700745364
2689,2112.0550335634202,1.5098704266295007
2690,1441.1432867972558,1.402776268187939
2691,2541.5010598984272,1.5414605302589963
2692,773.3599352149414,1.2271363418295347
2693,652.7048750588448,1.21015234165537
2694,1262.1737186449293,1.3634905776185284
2695,2123.2300381286086,1.4889100588738649
2696,2128.7981866894347,1.510225711974805
2697,1035.2952768996465,1.2952194550774825
2698,1953.8135072206505,1.4911440555980102
2699,1405.388040110222,1.3573251795177486
2700,1177.8081074485974,1.3503910966520045
2701,1237.8071231872348,1.341676220893839
2702,960.6785658752191,1.3437930224675247
2703,982.2227580301784,1.3197787165164931
2704,1591.7224893531168,1.3928474934635013
2705,1590.2506216805496,1.445200594871095
2706,1241.541890675913,1.3528834623087524
2707,808.8135586237242,1.2635686021465637
2708,1132.6339046851683,1.3549866810236557
2709,689.0765835191919,1.215650632557999
2710,1245.792511964793,1.384737070669685
2711,1366.2795645616543,1.3905590054335926
2712,1442.8828663892407,1.4283043146758663
2713,3789.063438367301,1.6682565130359768
2714,2400.5777079109744,1.5286037008303486
2715,1455.921868096172,1.4039121491532325
2716,660.5903498656223,1.1899446109601954
2717,3630.3341834588837,1.633599079582175
2718,1604.0509655675978,1.4093721655079652
2719,1033.0387444298885,1.3176607263522027
2720,738.3970625169511,1.2337450159118124
2721,1213.949437761691,1.3577231742561477
2722,1384.7305711574925,1.4012058128971094
2723,1086.0477284503936,1.3505549563616628
2724,751.4331583557616,1.2317169821166514
2725,1038.1548335567873,1.3333207135559801
2726,1249.5094210998814,1.3747703676917011
2727,1639.3971594991383,1.4339491489445166
2728,1661.5138791294448,1.4584309583304942
2729,666.1400703299242,1.18879066792895
2730,1036.7168490535678,1.3022807275911132
2731,1043.2170153600186,1.3354004858305386
2732,756.7230437288317,1.2451461046851318
2733,1026.6315205895655,1.3279338694933223
2734,816.0439892903632,1.258569284162874
2735,4344.337909703774,1.6800421027901502
2736,1221.5122055375716,1.387131901274933
2737,1191.2089325060265,1.3227019291381148
2738,1017.2819161731317,1.3173084273287987
2739,2698.127431762832,1.576110073138231
2740,1925.9036267518143,1.4358359030283405
2741,918.5160013928779,1.295406686275248
2742,612.8888897636645,1.2129811121002014
2743,887.1501345665824,1.2607493399063674
2744,829.0780236927033,1.2862462150721519
2745,703.1457520406647,1.1902826597265774
2746,842.2715844464161,1.253561481471609
2747,674.1188653939514,1.230378338538672
2748,1010.6302505883239,1.3148491411768906
2749,2894.5708600764083,1.5771657148884728
2750,1128.4399681698037,1.366132105453677
2751,1622.233300508274,1.4549551855203595
2752,933.8944800851197,1.2848302705611623
2753,1004.029689497732,1.3220979152735968
2754,1080.8976490645337,1.3208187788129215
2755,1097.2107618967507,1.3310016526734005
2756,1441.0644221983944,1.3970718622586837
2757,1193.1556364972691,1.371945668307387
2758,896.4675395468339,1.2879699662933088
2759,1743.5808628974096,1.453496205463389
2760,1403.7505434950767,1.3822399880303111
2761,1350.2030809743235,1.3980596091280255
2762,1004.6746090798796,1.2997469569278113
2763,2061.2133904504544,1.4930035754681754
2764,854.5683267559231,1.2582164925255088
2765,2009.0488498466532,1.4623211829042677
2766,1941.308135213793,1.5097805286161181
2767,1398.1073684434143,1.3911398614455166
2768,1036.145896017379,1.3047957529292378
2769,808.1247537654779,1.2288492008281862
2770,1816.0396985624564,1.4422084443921188
2771,3369.23677178346,1.6101818582001017
2772,562.4416273316106,1.1651404230306672
2773,1597.3901902509067,1.426867556827479
2774,2126.7212436542627,1.5032681820973468
2775,768.631603458217,1.2618312499948987
2776,1011.4424076846598,1.3020185728942508
2777,1362.3309614450015,1.3747814639946565
2778,1834.5238610520075,1.4616623180224648
2779,1759.7816793931993,1.4492607926288894
2780,1783.266772603816,1.4618182816778957
2781,1297.4012897988002,1.3674782385920439
2782,894.9097627152453,1.2924926544196935
2783,2066.0991082230858,1.4802719052513307
2784,1037.9006508930427,1.3180347572150888
2785,925.1705743809217,1.2859707974482744
2786,1155.3504344046148,1.3219901191018375
2787,1233.133238522962,1.366944823476015
2788,1215.570589961268,1.351133943744795
2789,4981.401795032705,1.714398526215127
2790,1347.7336768640791,1.4107449671696872
2791,831.6532617025542,1.2999292696295754
2792,1985.420614820946,1.4671762053176287
2793,1057.1777819276795,1.3094760931344882
2794,864.2710064337523,1.2497629317324919
2795,859.1910119416341,1.2876667842704503
2796,770.8872932945114,1.25960051592078
2797,1042.0197670774005,1.3091925856273283
2798,2593.235423669962,1.566427513736657
2799,1399.1603668671025,1.3824247154974476
2800,1052.3615476014472,1.3242433694417626
2801,5970.535540408094,1.7697853892373838
2802,917.2215185744276,1.2811607541752714
2803,751.3958570249143,1.223389098445242
2804,1915.399627963108,1.4791237694620092
2805,1299.2998005999766,1.3573053913370479
2806,1319.9148180237253,1.3874762883754261
2807,1082.6262620371838,1.3430310926801095
2808,1830.9785261840746,1.4920313948815902
2809,1555.5455422608647,1.4417494570146907
2810,1340.1046962823723,1.3763043467237337
2811,2425.871896418198,1.515187558039343
2812,2240.156172938896,1.5352314048495401
2813,1463.4136114579765,1.4081768875526308
2814,2330.454455347665,1.5449893418194374
2815,1885.2101497920476,1.4919808817595341
2816,1330.2015764488797,1.3802950223104906
2817,1292.145179633593,1.375472862768706
2818,2464.4909206486695,1.5243082153141365
2819,1739.92396518326,1.455323163772437
2820,1455.4879374390596,1.4035801105623344
2821,2427.5168256968086,1.568521559381493
2822,1196.5804880354783,1.3625412355555457
2823,701.8169376773974,1.2567579419203576
2824,2409.8547227377076,1.5471606096366717
2825,761.7628476248005,1.2747692704586204
2826,1060.2926811798566,1.3039390892042162
2827,717.1605563165699,1.2300793928823641
2828,2096.800166768172,1.5186806603680862
2829,2181.195058417394,1.5250399019648897
2830,839.7647157547945,1.2754910818276728
2831,1157.0135466485976,1.3347621288328197
2832,906.6560609837406,1.2976590619117792
2833,600.7127706165446,1.2057359196577626
2834,848.1731272756031,1.2639803969777883
2835,809.3511726072463,1.237991039450907
2836,1082.19878422587,1.3298411813432738
2837,851.1927491068059,1.27325135642517
2838,2150.289099156341,1.506372522273124
2839,1691.3064012905463,1.4251066538864101
2840,1769.3080387929967,1.4426464571905047
2841,1668.7074828360862,1.4723098510353543
2842,904.8261738983055,1.2930627259555199
2843,879.4119215336805,1.2701572146902793
2844,1855.3913344938187,1.4440891148264008
2845,1231.9605722954493,1.385219373874639
2846,1467.8384595327116,1.3934272031839303
2847,1555.2055858843871,1.458062648339261
2848,1399.736450145063,1.405789921707045
2849,772.2642127902286,1.2317798787093022
2850,1470.9177079207989,1.4445358828970916
2851,934.6770784593983,1.3341293839896866
2852,1177.64282524085,1.370319062133056
2853,2493.117043740767,1.5609859006216915
2854,1617.6637826262822,1.4492483917394194
2855,1102.0280865838681,1.3418219976896795
2856,1382.4162682486085,1.4132328646455605
2857,1721.7982529728781,1.4534489365191798
2858,702.1587042095836,1.208998155987605
2859,927.9128831856839,1.3196667294312046
2860,1702.8410225586135,1.4667465100832346
2861,2156.901292711101,1.4871473193826965
2862,1183.7664822862844,1.3354190124942416
2863,469.653166768006,1.065687169835618
2864,917.1310719207454,1.2597685120559299
2865,1404.6155513290553,1.4157877402354133
2866,608.0592599389928,1.1894872497933096
2867,937.3718188655831,1.2742000056838174
2868,897.8460875809016,1.2806089210447147
2869,845.9411778182831,1.2675823762194016
2870,984.4907670844105,1.2896340783622242
2871,1432.743771912902,1.4122025716179396
2872,1748.4093177248687,1.443077292944278
2873,2367.096827367431,1.5619820812771348
2874,1051.9675222542642,1.3207842096452533
2875,1112.242851024713,1.350944123573971
2876,1241.8134616774712,1.4065227894297891
2877,1085.6483359198078,1.3524346731059442
2878,1768.4735369748678,1.486548771102803
2879,1556.407544635814,1.4666077828536987
2880,1442.9025785314545,1.4429767869451842
2881,2035.5844449987978,1.5377998792209884
2882,1070.2445332319016,1.3259017305689431
2883,648.3715183612321,1.168840250300847
2884,3077.536398581772,1.6137107885419544
2885,1187.164748754567,1.3693147900122673
2886,700.7608902359854,1.207471917186362
2887,543.0957871158655,1.1623116587980078
2888,3529.7750839650116,1.6257135338595272
2889,657.0815782214013,1.1992414026713916
2890,1237.216156416253,1.3749180265279433
2891,717.6954712627253,1.2194629774213137
2892,2672.266380363553,1.5957475987878629
2893,702.6263800507338,1.2291772539843442
2894,1045.2172374585084,1.3270650632231173
2895,1575.1640335222532,1.4633873672772475
2896,1084.2829232245444,1.3094598749714095
2897,1103.4282433166738,1.3277584454709068
2898,2130.6721158570735,1.4992826615606438
2899,2825.1935372609255,1.5679957757569647
2900,1131.1102094498963,1.3341763922915355
2901,1970.6256589285624,1.469524589091263
2902,835.9760906425297,1.2652133444204432
2903,819.9639582698939,1.2490224631603783
2904,1041.070339213815,1.329502101940979
2905,1343.9041158438683,1.3838877359423176
2906,1061.2119091101692,1.3468520709603313
2907,2079.5016521354046,1.4902092499913888
2908,1412.088093900579,1.4281912495030091
2909,1048.1447800327674,1.3469751782009904
2910,908.3428860460251,1.2928805264732106
2911,941.5055293580792,1.2871684647671744
2912,3073.7025350732147,1.5855975274188705
2913,773.7820138227439,1.2320670320788556
2914,895.3391106419784,1.2785041553387635
2915,814.2214684539717,1.2256466640984973
2916,4192.3247710917,1.7069932903977758
2917,753.18226782333,1.2338293771147728
2918,2858.3034098616436,1.57808059114864
2919,1562.6840667470958,1.4205896458031866
2920,698.7702654967615,1.2367078717347186
2921,1162.1100314055595,1.361502795032437
2922,974.3091782767332,1.3138862977267656
2923,902.794647455916,1.2694337889637624
2924,1460.0933876515862,1.422525323824844
2925,1404.0011752013943,1.394327303587073
2926,1320.9453102390103,1.3949538236523278
2927,865.3688514405322,1.2792112187981497
2928,1326.802284800655,1.3785203609823453
2929,836.490070587784,1.2494086340236095
2930,1088.4890686441224,1.3432295826082052
2931,1011.8533664928046,1.3099713504073214
2932,970.9406133863417,1.3247530335325692
2933,731.8249752198868,1.2009611066596084
2934,1513.4276410021296,1.4160774354199128
2935,763.7692933846305,1.2027713303978456
2936,1003.2179018610774,1.3239576588991504
2937,1396.7748931558422,1.4007896230813426
2938,1134.5756584824824,1.3402471429115033
2939,1604.9406122281932,1.4790426849379745
2940,1491.2091495337647,1.4565777777343054
2941,1302.599873914326,1.370567368084513
2942,707.9856825007531,1.1966650853810648
2943,1554.1315776258616,1.439568506957497
2944,1142.5397231308893,1.3305505869097891
2945,1015.1877490579393,1.2987580907661647
2946,2470.3729174734076,1.5613000129122439
2947,3126.2706645701533,1.5890875211093256
2948,1372.6285486567253,1.3821055014408208
2949,1743.9272700830727,1.4684425803588093
2950,1105.8346296782524,1.3738102445443947
2951,1161.471226852913,1.3313589406065873
2952,628.8437460424118,1.2014692460496927
2953,1261.0612444493966,1.3648938962300132
2954,1051.7328204878606,1.3158977677157941
2955,1142.9778146509584,1.3450659445884379
2956,2522.8868900841367,1.5490687054491212
2957,1156.3442652377312,1.3536368620391857
2958,1397.491437482795,1.3941554590772045
2959,1104.108250645414,1.3321650095473572
2960,1759.361667608502,1.4647167652678534
2961,1659.1915425153522,1.434088179755838
2962,1254.6517241504675,1.4185473909998736
2963,889.3154744928464,1.2842473347817382
2964,1396.0946627994801,1.4008077458015045
2965,1300.6754406417745,1.3755420142341321
2966,1222.6263226027336,1.3905167958530935
2967,1860.1321732099832,1.4764066562208793
2968,1824.8840835224275,1.4568129736006148
2969,3995.473719222238,1.658326964542702
2970,1769.7510749869348,1.4476357203979697
2971,715.9513435487976,1.23075920217967
2972,1048.7334190991373,1.3228210126488404
2973,851.2699694505765,1.2559080367141993
2974,992.6062873942528,1.2762994923852162
2975,4690.477227077357,1.6956382392378313
2976,1128.0696193772035,1.3525317536165387
2977,1053.2907163528046,1.3362119764447795
2978,1722.1327471381203,1.4507692708642816
2979,968.9574354486994,1.3084168125975675
2980,1090.9362411228792,1.3076955099868681
2981,2556.4360781421847,1.5372987282196877
2982,1348.1488855237128,1.4114042738395982
2983,836.4655564850441,1.2419234638580727
2984,770.6848011463005,1.2427252371949122
2985,606.9489499262985,1.1908855503109559
2986,1325.8054219823457,1.3689527547980993
2987,2181.8988696800398,1.5336402526050705
2988,1351.1891107777042,1.3851713402459231
2989,1373.9078271846972,1.3887209621291574
2990,670.4507081543078,1.2296612539770164
2991,1382.5305582838794,1.4008074355707505
2992,1540.5476266122353,1.4225416886395306
2993,1434.3914650919482,1.412774538344569
2994,2274.6915144295253,1.5141213715593451
2995,793.0767602336633,1.2667069123748897
2996,942.8783470088428,1.294802614357561
2997,759.8414836498351,1.2228634194763612
2998,1788.2375218447107,1.4795700570198098
2999,1025.7542810849018,1.286483010170052
3000,830.6833528850743,1.2444371531984975
3001,739.2211816832292,1.2479478990538553
3002,1998.386196253438,1.4772140238551832
3003,579.5679862795505,1.1693285510654583
3004,761.8124506998672,1.2416692480372553
3005,1288.9328766381448,1.3886653054008793
3006,961.9414025515292,1.2924647154210127
3007,1533.1491739927658,1.4381278316292614
3008,2295.1136892011004,1.5327988416928084
3009,1119.290480750597,1.3358326793358792
3010,1106.937976809769,1.3423316127830414
3011,1758.5828008658932,1.4529639417851097
3012,3172.025518457043,1.6195001517839065
3013,1200.8095388497575,1.3501257694631184
3014,1630.377259987344,1.432035197829808
3015,792.062215391378,1.2253350732790222
3016,967.9565388763048,1.2852976203150315
3017,1135.4938410800705,1.3475342230127492
3018,707.213727338393,1.2260945220591846
3019,545.024170861959,1.139399484200208
3020,711.8177510092455,1.2418842305935638
3021,990.5891203823187,1.3087043518688841
3022,1200.1388899442663,1.3679141075525714
3023,705.5795754605465,1.2165503961690383
3024,1406.1048308614406,1.4143364273768075
3025,2158.0488297241795,1.5072797025047846
3026,940.0430433722811,1.3004343750447764
3027,593.9755143235836,1.1752021036349354
3028,1120.629566122216,1.3454859493513116
3029,1146.9535041971244,1.333144221930771
3030,1033.941393862259,1.3225448013120047
3031,1063.013188113454,1.3211659081020892
3032,1014.4836460858968,1.334223829307606
3033,3216.663061497548,1.59992449489513
3034,949.9035963640896,1.3362360223726153
3035,942.8224780648783,1.285558689888234
3036,1924.3789741247142,1.4486618104624174
3037,987.6429778820822,1.324183742377723
3038,1301.569848074866,1.34867690786894
3039,707.2266794892785,1.2054853163577952
3040,997.0400504858234,1.3168288210331975
3041,1011.9203276578045,1.2855417889088603
3042,2029.6019196389427,1.5245201467212082
3043,1405.649091794893,1.3911613421869578
3044,1411.3618140678066,1.4004941317804533
3045,617.4678189265695,1.1685422946640218
3046,1687.475546112521,1.4197433324342963
3047,935.9725677177415,1.2728918766122215
3048,799.7624800047412,1.2492718741490356
3049,1192.528999102412,1.348907694373069
3050,1230.209208002345,1.3560943535940155
3051,1943.1139902317486,1.4674602518011486
3052,999.3142304678563,1.337676365516114
3053,420.3127536820722,1.0372933028355331
3054,896.7111841091605,1.250312736709307
3055,2251.497022781384,1.5294109476441768
3056,1282.2044528676668,1.3929903746571966
3057,695.6882809481675,1.2432703913717478
3058,867.8376244407605,1.2600490463404201
3059,797.7937408063891,1.2581324373031824
3060,644.2803063342354,1.211281559589374
3061,1013.9454781188614,1.3385462642547992
3062,1388.0222510244882,1.4006540804521164
3063,1572.9413883472919,1.4274891563533783
3064,758.1841854943659,1.2353186518326185
3065,1139.1707728769518,1.320138205488147
3066,908.4003299513951,1.26666490441593
3067,1104.351749066059,1.367736217866742
3068,1179.2912856048147,1.3663269502810045
3069,2522.958878509031,1.5393247098719893
3070,1179.8066094868277,1.3389651782680376
3071,1009.4550442881197,1.3117613201212366
3072,1246.0036960217794,1.3748181232487138
3073,830.3693999617064,1.2586722882071029
3074,1141.1331030270487,1.3751122926860737
3075,1524.363889758635,1.4447285077096639
3076,1287.3012267011368,1.3705162630886287
3077,1580.87263327186,1.4260042606510988
3078,1458.603027080793,1.4007565682695493
3079,1200.2435667742748,1.3688774955900513
3080,801.8724316064026,1.2760871179511168
3081,808.0559408858414,1.2689903765891424
3082,3350.7702769518132,1.6269046960934546
3083,746.9956740510443,1.2404393182833926
3084,1378.1478753386498,1.3918650419541423
3085,1274.7722901774762,1.3841923764708908
3086,1836.6595278053917,1.4796587230785307
3087,1132.895489329273,1.3532623171295968
3088,2685.515285025332,1.597416269557182
3089,829.8298749864821,1.242332730617146
3090,1470.7360830458654,1.4253755371483916
3091,1144.409053108867,1.341655123251604
3092,837.8221069036773,1.2665427423121745
3093,1306.4180406439948,1.3826918390014729
3094,3278.2874328250414,1.621627059277291
3095,1649.162111615855,1.4498774802286152
3096,623.6719781544882,1.1754740184354946
3097,1129.1080682485385,1.357927629651653
3098,1117.5166060935235,1.3175061992357073
3099,2950.573329465244,1.6159768597645519
3100,2008.9659769910631,1.5027261282127886
3101,797.7495223885979,1.2433391742760496
3102,1072.3253939106198,1.3392620487193168
3103,967.7572135651852,1.314063943663402
3104,982.9184231940993,1.3158976730414644
3105,1069.134275757595,1.3512994535314564
3106,526.7587855623607,1.1248119126127767
3107,973.5956992771447,1.31162680081765
3108,1206.5214802276244,1.3636096797681443
3109,712.4222084604393,1.2205849551951715
3110,747.8408167646252,1.2458347209421237
3111,977.7517958984814,1.3161672481202842
3112,863.8142556428861,1.2785211751825205
3113,1089.5900908664482,1.3249614479539236
3114,1298.5960598368576,1.3789923050731394
3115,988.7674697974485,1.2804993523161299
3116,1427.0328245313985,1.36578793646055
3117,878.2292284586599,1.291459300221502
3118,1070.5224430925093,1.3143516827232213
3119,1662.6555456854096,1.415771104135568
3120,2045.0735460387134,1.5047819863327274
3121,1910.40751375628,1.50501960393304
3122,995.6082191894029,1.3226989316073945
3123,1265.3592084127547,1.3869748430745734
3124,11642.695088322133,1.9585526431416376
3125,1641.4531204214854,1.4510444372392302
3126,977.5844358593552,1.2969412720170723
3127,2372.2311634633074,1.5037174349846163
3128,2456.0900312997346,1.5982764040592556
3129,986.6743208310777,1.3160254260647763
3130,708.2040534694687,1.2013558822600279
3131,866.0632077092303,1.2775191653148503
3132,810.1776704026272,1.2452950601594044
3133,796.2641254638103,1.2520443070475105
3134,1107.7662824992592,1.3450168129206947
3135,1094.9896416136419,1.3382703391700574
3136,1016.15952792488,1.304492708245088
3137,1374.5679873230513,1.3941024473173094
3138,2794.654819819337,1.5753759188308116
3139,876.5572940836433,1.253260579399824
3140,1113.8631498036295,1.3524526893174116
3141,772.6012643154642,1.2430540429252444
3142,2088.5789804949472,1.5032335451069405
3143,629.8067363231231,1.193600069116962
3144,2401.4698151358175,1.5220471545477738
3145,710.8942506918955,1.2087759579716464
3146,6229.852805029406,1.7821772011741883
3147,1730.7816622497658,1.4493418046419353
3148,941.970721884073,1.2860094259230566
3149,1355.1654475183632,1.406313041508347
3150,664.0567955533605,1.1987342206624063
3151,919.2727468060887,1.2392229447748269
3152,966.7243571655521,1.3021342671045633
3153,6286.803340297019,1.765844445392862
3154,1729.6287320529657,1.4674019356267307
3155,2521.8351613142036,1.5997153236452282
3156,684.984357342281,1.1829108722909227
3157,1338.2958157214275,1.3866526451878962
3158,1538.5878005458515,1.4361393316081268
3159,1000.803682260417,1.3048457492023442
3160,1424.1892132870155,1.407038505140707
3161,961.9974139728861,1.3038786926140291
3162,763.2057673848813,1.212341049441629
3163,2570.6334665855393,1.5851419843397947
3164,1314.1635452040673,1.358310808370389
3165,1589.4600017046519,1.4507501529307891
3166,1759.5330268576024,1.4583036462985053
3167,1763.6032941350577,1.4580554026340262
3168,1753.9698502373756,1.4669406402367888
3169,1676.8748695325655,1.4596459220909985
3170,2251.180594871169,1.5421531615184114
3171,2011.811461373785,1.4858221705547403
3172,915.3805395431885,1.3079771104864497
3173,1097.4977908159435,1.30662529645203
3174,1501.111936081007,1.4193905288971604
3175,869.2632782188601,1.2724629959561036
3176,880.2511382515852,1.2755131435850282
3177,1055.1931185735123,1.344261534674646
3178,1351.49370353583,1.3613392738657402
3179,1490.3408041772334,1.3907515018690002
3180,1071.8851326974764,1.3245853353244204
3181,918.2630290627236,1.2653591174612557
3182,2581.160272547962,1.5664574765507167
3183,3686.940977650841,1.6457480263397446
3184,1014.0378547600402,1.3485121860413172
3185,1325.5640528966026,1.3579520860652274
3186,1360.5050385352977,1.406479322217409
3187,621.2661092407329,1.1877460664427246
3188,914.17951160012,1.2733582004894066
3189,490.81153423709526,1.107874269078101
3190,1846.4411989141856,1.466993264426694
3191,1573.4288969265863,1.456507262645759
3192,880.5947501585728,1.2884264902368323
3193,1009.6514364770675,1.3129584971003831
3194,2253.428408847547,1.525275232440551
3195,1011.6277163450437,1.3122602624904969
3196,1460.9784879530707,1.3858514415584027
3197,1936.106647271175,1.497437112115888
3198,1634.7658069638658,1.4319652150806845
3199,1327.9994292220351,1.372364011581542
3200,539.8114950752322,1.1478862880114642
3201,1032.2937550708298,1.3003437455060516
3202,1145.2228899839604,1.345085144149931
3203,1034.698569576723,1.3082116267325603
3204,794.5454693088429,1.232783774275051
3205,2549.1416204528114,1.54140867098845
3206,1377.00227272546,1.3748972491172606
3207,2747.3874441501575,1.554843780418925
3208,1933.1589612994978,1.4930371419311763
3209,2568.576942295878,1.5412641829338043
3210,1939.1533562635843,1.4882160661145918
3211,601.6532092688022,1.2029434109621238
3212,1000.5776447270025,1.306985954422253
3213,1648.156349471653,1.4363562841187247
3214,711.0094041119237,1.2000847893472049
3215,1284.465323705518,1.3950747530490557
3216,913.1368037259286,1.305887378813627
3217,2793.4438666085457,1.6495313604682083
3218,685.0295423303384,1.226347229790185
3219,1056.2152542279396,1.3243997132242846
3220,868.1105102375981,1.2672318218051717
3221,594.3639166400552,1.1543819053401945
3222,1366.555358501715,1.4107695925661576
3223,1008.2257400273616,1.3115334148025264
3224,1357.3234214944687,1.3846630498420123
3225,805.8854481719767,1.2587826710222665
3226,1135.0455376810637,1.3494385505436917
3227,838.2960689863085,1.2701714929266852
3228,1726.3634017764396,1.461433701205795
3229,958.1613469655377,1.2865592276269362
3230,1550.8865454307602,1.428414605668697
3231,1396.6266739158266,1.3979921054442799
3232,1200.7522202509947,1.3877900528150258
3233,511.66604926194134,1.1458543803418673
3234,402.82549882552706,1.0406949255327973
3235,966.5051751815414,1.3040309497178855
3236,763.4720424250644,1.2465772421705925
3237,1552.8295218121716,1.4191671595109043
3238,1143.2129987108895,1.3350411050806394
3239,807.4334389191546,1.2204621019822457
3240,3016.088528358109,1.588993273491908
3241,812.7046169348756,1.2710201308597722
3242,1457.4293685608363,1.428399135576289
3243,982.1682111211813,1.2895950024960032
3244,643.1692480730551,1.2257909582145035
3245,1863.0113122225425,1.471923053355491
3246,1340.4402465701148,1.3815747281096786
3247,1702.3181797026375,1.4664949716634157
3248,3328.008965424862,1.6302238431671627
3249,969.8969919930324,1.3044108629478377
3250,1787.2255778023537,1.4639457737582293
3251,1724.1989387088183,1.457590428809691
3252,694.8494947041636,1.1917400364802377
3253,678.0312998149442,1.1906536910886554
3254,1417.7949908047583,1.390041869266992
3255,821.5691709989562,1.2520942065884408
3256,956.8603950967367,1.3079013365938634
3257,1751.5522874310172,1.4438686345020737
3258,960.7478095047401,1.3208894177740937
3259,769.5876900026408,1.244368292282501
3260,882.9775391757524,1.2963427632774882
3261,2200.287376019573,1.5389165702796146
3262,778.159608823742,1.227996005292054
3263,592.5465418745265,1.1824591565351896
3264,698.9238615992947,1.2016047523167643
3265,1313.8973117706764,1.405807630090985
3266,5867.004530134984,1.7884776554040138
3267,1018.4657679271728,1.3265563159126188
3268,1652.878470521487,1.4138316784383131
3269,1263.0727775944795,1.36044369392435
3270,1568.0168147889526,1.3966943710931108
3271,1065.3018969135487,1.3310368460575792
3272,1697.300888262684,1.4565260343475288
3273,1139.5757961996737,1.3605489943454625
3274,1446.6801816061616,1.416140429965176
3275,1103.0136279088003,1.3511281246701436
3276,1565.707574902018,1.4242885959803429
3277,1190.0877327532223,1.3706944386837936
3278,996.4591826650878,1.3284957451278316
3279,884.8674858888214,1.301023115826452
3280,3472.5974346992366,1.6246273979995838
3281,1308.8954035660288,1.3596307774420333
3282,1007.748448379439,1.307509729714349
3283,1371.7776065464034,1.4084344061369318
3284,831.7349461105096,1.2550357469887512
3285,1016.0295712279312,1.301980488372395
3286,1029.7539494608645,1.328392334242625
3287,1913.5598141242,1.449872834986388
3288,796.3152294484082,1.2273310191837827
3289,967.583821172395,1.3149663368851106
3290,771.6303789316172,1.239817888290065
3291,1413.2324303780508,1.3768553594354336
3292,2337.764011550106,1.5226693913288882
3293,1318.3283960153167,1.4032383017595198
3294,1423.1121408941915,1.4162711306929985
3295,1645.978116429735,1.4457778459879351
3296,1490.716415416075,1.4153916380416525
3297,1848.169652115585,1.4715069262501261
3298,659.2600395944421,1.207633058588226
3299,877.3639232920572,1.2922131127491296
3300,1253.4751152079887,1.3767929320541425
3301,1160.287547257254,1.3267838007356896
3302,1116.5947006285403,1.3233609536199846
3303,1011.8835274953425,1.3088492975860688
3304,1356.0213629039138,1.4025063828487658
3305,1112.9863499402932,1.349526115354847
3306,1471.5605090744093,1.4201683978028397
3307,796.9667653912591,1.2520952058798869
3308,1434.4045864462446,1.3980142788922993
3309,921.1817073248978,1.3081067827412691
3310,1081.603925283607,1.305279821023168
3311,1594.2029161255505,1.434817771962451
3312,1589.8189847835706,1.4215105302244415
3313,941.3414047183562,1.281326895050924
3314,851.9542581740451,1.2645480135436937
3315,1190.4813254838027,1.345502842256622
3316,2942.0465786019613,1.61872344233765
3317,1123.7564480134372,1.304079348061635
3318,1018.4091291685924,1.3407118135007412
3319,756.8962682489375,1.2541728267448542
3320,2162.33686467663,1.496678717101025
3321,918.6554644244412,1.2765269833975117
3322,844.3499042652039,1.290941568682975
3323,4128.2409153485905,1.6821959919519391
3324,694.1859714983761,1.212398952630591
3325,1601.346596613409,1.4307805959591386
3326,2079.646033880943,1.5166721681548285
3327,958.4064372292096,1.3010277124024714
3328,888.375786889517,1.2798514069530826
3329,944.2544520748272,1.2736309084668307
3330,2435.747639541135,1.5162230970285608
3331,2076.794878589317,1.5531686663809936
3332,1165.1572944704592,1.3461796503491967
3333,666.0682763376587,1.1996105985439791
3334,1010.9235204535761,1.2789778858225138
3335,1152.0458576623844,1.365229404541764
3336,889.1333031832286,1.2860888560172923
3337,1515.9121365808014,1.4156777938939202
3338,1264.5638090064908,1.3699033562464091
3339,724.7451226923778,1.2588617720021746
3340,1155.2132570103802,1.3771823782195507
3341,1760.85069688131,1.4552896757147666
3342,668.1839015775287,1.259134487166587
3343,928.3713644920612,1.2945497028587705
3344,717.4846054712153,1.2334320728754637
3345,1869.8774315092003,1.4715524278425967
3346,939.5178915183004,1.3070533724521418
3347,582.0726806072219,1.1938864128658397
3348,1145.798328525096,1.3294286470947723
3349,2587.686691334024,1.5610543828470613
3350,1212.941806900906,1.3384355103097887
3351,1518.3905894219529,1.425156167310439
3352,1044.3429861840782,1.29510920203181
3353,912.680493850209,1.3164880436702773
3354,1000.9393688007018,1.2926835894353754
3355,935.0476522722214,1.2739797636250028
3356,793.2330702425576,1.2438473927823546
3357,1069.6067261412627,1.3436206071583914
3358,1026.461706696729,1.3283208241085265
3359,743.3162331839757,1.2346654980279
3360,1024.5501093411503,1.3453091106595894
3361,2136.332047765434,1.5146796673250138
3362,3830.2441030911946,1.6576596824808876
3363,773.961327809557,1.2629888043138555
3364,1904.5508702548887,1.4420917636018402
3365,1290.08393260744,1.376743744784965
3366,1576.868797243114,1.4130155034987806
3367,1121.8678190630355,1.3628952623137016
3368,1195.6140978472247,1.3494697737663226
3369,1239.0896122076276,1.3705292662601662
3370,1540.3670687032616,1.4288727339981928
3371,1092.071900260328,1.3563766168492961
3372,1063.2619396390144,1.3082540464261643
3373,1284.310035682771,1.3545793739135459
3374,2951.274287795634,1.582134129287294
3375,1072.5451421942516,1.343240246850044
3376,1620.2638423641472,1.4462711624168871
3377,2495.791240740585,1.549070449594243
3378,1271.013895236161,1.3548383729199593
3379,1038.9604786448645,1.3350693679779941
3380,2053.9065010416934,1.5385523090573043
3381,667.0872121935064,1.1997107324607297
3382,1358.1820373127725,1.3778660948117845
3383,748.7607058671215,1.2193548760826338
3384,860.8389977091549,1.2845389489204202
3385,1201.4081242496331,1.3589887951324409
3386,1394.2833479377853,1.4261728916666818
3387,1390.642421735625,1.4013655681767088
3388,1166.8733516884167,1.3284823638863916
3389,1180.332934265756,1.3299379433942498
3390,1021.5382533670755,1.3031557112739545
3391,1406.2507283267053,1.3783510874433802
3392,1610.1243067684622,1.4128767515141332
3393,1991.1644159491327,1.4850468382441113
3394,1452.8461157769675,1.418398655276955
3395,997.9040585933391,1.3248004596621867
3396,1438.2828208082406,1.417211330511152
3397,345.2365757713096,1.0878442282814593
3398,1117.3471349337672,1.3462108768717647
3399,1093.6562566860437,1.3382904472850863
3400,1513.9638442439973,1.422652130674927
3401,739.5036873856152,1.2449340656962042
3402,1470.6972053750171,1.3928693439976558
3403,789.298894264909,1.249769257945597
3404,583.0396500427039,1.1479360441296698
3405,3417.48017153055,1.6054772536054567
3406,1164.6595376457913,1.3466845355267
3407,1154.6400628216643,1.3783184992271968
3408,1171.3431946759063,1.3409202211415245
3409,2365.799489606111,1.5145706462393544
3410,612.2909924066896,1.1675745584056965
3411,739.7457067133462,1.25497657418846
3412,1997.9281262760228,1.4609026346332248
3413,858.9831691338015,1.2881169940169952
3414,1913.840271772885,1.4933894967092827
3415,1049.3066887886475,1.327389899761963
3416,2057.9195932568546,1.492285136301713
3417,825.6047026621912,1.2661762159054288
3418,882.5529970280419,1.280658046328002
3419,1221.5875627731252,1.3730809471917806
3420,836.7224300699335,1.2644536687723336
3421,1252.5088274116438,1.376672594333142
3422,3495.375576505964,1.6663335768923966
3423,1176.5092403033805,1.3282148312716562
3424,1969.3499189936576,1.481118937907394
3425,2804.5023408539023,1.5752606157175535
3426,1994.173418796281,1.468800206485408
3427,967.5863153452083,1.2902891413442388
3428,1357.0581852184055,1.3566530031574935
3429,2288.3651320190716,1.5374080578484877
3430,1660.105850578165,1.4527135692585535
3431,842.3492245508647,1.3040456456741023
3432,1353.82278575158,1.3754061916465383
3433,2416.1184123452895,1.5055323245731809
3434,1333.5366941407474,1.3921992517344526
3435,1209.4422655765577,1.384137927760427
3436,1455.1603014413424,1.391294068711595
3437,1820.1779683587092,1.4454057188707896
3438,970.3237559629428,1.2946538478286962
3439,1170.8036668041018,1.369671694716982
3440,1397.974473448549,1.402744594839798
3441,2029.2007075415079,1.456277829593193
3442,1529.5870528459532,1.397370311320013
3443,561.2866613373631,1.1241408316334482
3444,2309.488704462279,1.5320288817999548
3445,1234.0432035566155,1.3656469962581304
3446,1828.3271996086482,1.4603142672148535
3447,651.4673033827304,1.1958650544536855
3448,923.0461795183674,1.2641606642070227
3449,1578.5350326417133,1.4198521471843366
3450,2436.7273747447025,1.5512303771434932
3451,836.2681540633132,1.2602544299114589
3452,1769.0014538663736,1.4532643069704823
3453,1412.7891774554016,1.4200440030247847
3454,1481.1793895565747,1.3869541213828356
3455,2250.7760466483705,1.5164420236700151
3456,1332.0875768413407,1.3600905667876817
3457,2549.6148352815558,1.5723976044200498
3458,1171.3452400972958,1.3303859026071163
3459,684.3124802124174,1.2239228130646935
3460,632.3229728068206,1.1642984116222885
3461,1496.849121868633,1.3851227994324622
3462,1306.0262811946554,1.3945067859771016
3463,1444.7433136384682,1.411626392341148
3464,948.7988199222467,1.3190155253831095
3465,1986.8929870150762,1.4984243271565019
3466,551.0761365493437,1.1613483936626983
3467,757.2791349783615,1.2300654538647209
3468,1482.8724089555726,1.42490003052298
3469,1378.2083839105271,1.4015560075933458
3470,1151.8352578776805,1.353483185811936
3471,867.6932323387238,1.2667590348836797
3472,1553.6536678159437,1.4579378946443096
3473,2670.8400245959865,1.5647117002040238
3474,1047.1928345383112,1.3130451977237392
3475,793.3364753457373,1.270701282049374
3476,965.6059121219989,1.3621017290181021
3477,2564.3400164233462,1.5478042215745174
3478,926.9215691602623,1.3126114514402951
3479,762.6793370285544,1.2439829856401912
3480,1231.1341273941139,1.3558750852697525
3481,1210.2567618276537,1.3288936138607477
3482,1230.6677699418417,1.3464404724680454
3483,1049.8377171057296,1.342548564474745
3484,892.0483848349865,1.2849887895086856
3485,1333.5609694334385,1.3829943635857793
3486,1731.0930575963262,1.4469759221775635
3487,954.8656116547897,1.2799949401566069
3488,1016.956619076898,1.3254345230036995
3489,1040.3296783158748,1.3556213446265606
3490,1390.6053870108774,1.3930820729586144
3491,1151.340439508538,1.369815885852494
3492,870.7503447561107,1.2573653889048342
3493,2534.588442372485,1.5638622395460338
3494,1028.0067999890653,1.3027107080946556
3495,669.4373127119637,1.2376084502175904
3496,1288.8281443973342,1.4137818482434
3497,1114.4114299428925,1.3104512339320138
3498,2103.213144684251,1.4925330044628726
3499,1437.3686881138656,1.387148323186456
3500,859.2142044557039,1.2788997317791446
3501,859.9215742748022,1.276313639563236
3502,1109.358135701511,1.337153460284435
3503,634.2432467107477,1.1948879811535629
3504,878.8083997177516,1.2631851796579188
3505,940.8848749154373,1.3341562398551212
3506,1084.6780654173392,1.3350203694121061
3507,1355.4360325044793,1.4260689888819784
3508,788.1226451134565,1.2547922706102845
3509,1728.445401320775,1.460498543054301
3510,1990.6243113271266,1.4880469020596205
3511,962.5232803360518,1.3053948041280756
3512,1380.683910160369,1.3898092837345661
3513,1736.229788078739,1.4815070836569009
3514,560.3039547898416,1.1457053916101203
3515,867.443396383352,1.2542813732140836
3516,720.3052450029776,1.2145158724661413
3517,971.1797096339742,1.335125750388297
3518,755.1474906985288,1.2364728248648256
3519,1391.2599050641275,1.4291004560313034
3520,1617.2091808947878,1.4416040115435185
3521,1781.2887635713428,1.453831725536252
3522,3032.568040540464,1.5799713725393858
3523,637.8660258887995,1.1649227217481972
3524,1318.6263241343631,1.3888113602331247
3525,3196.8625745709323,1.5880987747129225
3526,1638.7889035089438,1.4455284373464699
3527,1313.7827194137728,1.3553173674026555
3528,1105.2510567676443,1.3451513998801687
3529,597.3175688439745,1.1900017769324673
3530,1537.0182104031712,1.4423934370218578
3531,1168.2835632789222,1.352258030859102
3532,825.438713891808,1.2647412366675896
3533,1519.1147636565072,1.4142774476587718
3534,1724.312868066892,1.4940191033145118
3535,2480.7390686271265,1.5532848081585455
3536,955.639430209381,1.2998295019133426
3537,1914.4176289386735,1.4898095431855898
3538,1181.120609949146,1.361676795273423
3539,880.1061628881672,1.2477642509543887
3540,1886.956386042511,1.495198662129611
3541,906.9657041626277,1.2723245793066298
3542,1260.881310336558,1.355277163059836
3543,1067.6239521599095,1.323118712134665
3544,729.6299229040751,1.2110555629431214
3545,1030.445403155551,1.2702988762340148
3546,948.6826867264116,1.3081774371629393
3547,1049.9095031505292,1.318847413171738
3548,973.8986963705419,1.314378679083282
3549,927.7372287148531,1.2866695440005873
3550,1261.498853978227,1.3939221798403423
3551,930.7297899539601,1.3095150491390626
3552,2381.7013767957546,1.5351396152535017
3553,1411.375979642801,1.3910286974606674
3554,1424.3803061883236,1.4151626106710815
3555,2550.6875769080643,1.5534657080946925
3556,740.0183014198425,1.2313276201705412
3557,1271.7486576876067,1.39360467522807
3558,2858.019591358272,1.6018118189677446
3559,956.2494421762407,1.3297593444741556
3560,1389.4510484653083,1.3885585843669448
3561,1407.9452372485082,1.4082226907054094
3562,1634.7340346549538,1.4295672616988178
3563,789.1335661639762,1.24155797563061
3564,924.5581364188394,1.2763234025276375
3565,852.7102351875628,1.2584643214378102
3566,1310.5740839351377,1.3869750784788615
3567,853.5978372790378,1.2837119430060793
3568,2334.1894983989005,1.5331604547302833
3569,1325.7806686982517,1.391106745151036
3570,701.5584137045291,1.2314325594153457
3571,1070.973775867977,1.3516785939048321
3572,934.0399798416732,1.28681195270772
3573,2592.548472835141,1.5721382307554757
3574,6912.573043981692,1.8278184953447558
3575,1446.965505366954,1.398561744767196
3576,924.5722952795752,1.2954699297401404
3577,783.2408981642674,1.2816677143212927
3578,1397.6110801200289,1.403742543558134
3579,591.8960620997317,1.1709133814670145
3580,729.4725279167866,1.2478371313912573
3581,1513.9926597822252,1.398583912691383
3582,1116.2595800180902,1.3551870949725549
3583,1090.0090375212128,1.3312870600529236
3584,1234.137633262814,1.3667640765446973
3585,1327.9490288647266,1.4088922743847578
3586,2039.4422749461512,1.48939581817813
3587,1015.0375870896165,1.3286229233929003
3588,2274.4296214881306,1.5085788133636509
3589,1290.0738039022624,1.3777528247056106
3590,1154.1728344104006,1.3517303230136541
3591,2542.576485559068,1.5856179456641337
3592,2685.174405632197,1.5904171616242817
3593,1198.0751659315022,1.3531792528987105
3594,1197.874124331601,1.3548703930637171
3595,1024.1346238294434,1.316117108282799
3596,744.447678497836,1.2160446923065384
3597,2312.3469183078482,1.5208978142293954
3598,1220.3635895502382,1.351280928261153
3599,1078.166571218047,1.330396451429014
3600,791.5745761550579,1.258199461260762
3601,1415.071337291038,1.3907898502340366
3602,2655.3985832904655,1.5388049626314662
3603,1784.7278547852118,1.467760410408521
3604,532.2629305024286,1.144745339072893
3605,1712.6143819156664,1.462846390305353
3606,1893.2842839967236,1.4704982480902309
3607,1535.9199018951626,1.4261918440953638
3608,2095.764987405178,1.4900821318407333
3609,1450.6394652701015,1.397199152143913
3610,1334.2573935692458,1.39760389808923
3611,1016.3516151404871,1.315083979078124
3612,1072.7549496189922,1.3432011831410795
3613,1149.9270898354457,1.3700355537931268
3614,1016.9655322229318,1.3095466157906726
3615,1393.8968826909029,1.3734925528600825
3616,1107.5093465566968,1.3338437451191527
3617,1658.7589403272912,1.455113954718434
3618,1062.9645882759655,1.349945667685759
3619,1129.9003796277188,1.340967238230706
3620,1092.0643486707565,1.319231155029135
3621,761.8510885879563,1.2300901650222034
3622,684.7277400264504,1.2041789015415494
3623,971.1697213794471,1.2927827350225887
3624,2119.6135632162755,1.4864069675672045
3625,905.508564451045,1.2571598868924814
3626,883.1018255392081,1.2746023547436303
3627,3157.6777498555853,1.5944025194658584
3628,2276.0988429442555,1.5030721780608476
3629,1462.5029142757578,1.4331273866506498
3630,891.6286272226762,1.294446338107584
3631,1018.7726414018119,1.3389633868385606
3632,1365.6789983410094,1.3785789856015556
3633,829.4275685865961,1.2614739084492221
3634,820.05282932149,1.2627983710982138
3635,912.5677192204591,1.2787940441126542
3636,1340.079913047078,1.3698368493236723
3637,890.7760707836678,1.2869419081929847
3638,1022.1370232466386,1.3262212673126486
3639,830.7397215641262,1.2856694393500914
3640,1437.064543341046,1.4140985838782436
3641,965.323143848168,1.3186676041010061
3642,640.5805525476833,1.2016596791677012
3643,626.2226527167595,1.179883723224883
3644,1312.0114150945465,1.359733962310639
3645,1525.2286864631908,1.4180260817704782
3646,1212.2811544201045,1.3534766614492861
3647,2586.311776473859,1.5418664158826487
3648,855.9091872466184,1.228221651471216
3649,718.2693740702151,1.2389933951423486
3650,924.0018764511128,1.2658005473864542
3651,1315.0280942462484,1.4080540788724154
3652,2109.896628773677,1.5170902769735048
3653,957.299504542141,1.3013519576329575
3654,729.5823842073087,1.239385819645355
3655,1420.479090900848,1.414325422203316
3656,1465.3354857872037,1.407886264455672
3657,2134.887915369565,1.4775706161047433
3658,744.0178263706632,1.2207208817188406
3659,1050.284578768461,1.325796110232763
3660,1535.1466412984669,1.4077023552422208
3661,745.4262057800171,1.25448717161975
3662,939.1689862853543,1.292020030673215
3663,920.7768549329807,1.286815024207477
3664,976.5417995889411,1.348098792920041
3665,2745.340095322252,1.590530999221253
3666,1528.835687167135,1.438824236333779
3667,1195.5671235924028,1.3719536689908345
3668,1731.5391201843738,1.4400130571603305
3669,1100.5170147000124,1.3418847594743377
3670,1724.788504843219,1.4845152410488809
3671,1200.9395014946012,1.3479170428202134
3672,983.9011916192085,1.3035709196068699
3673,2092.3217636790423,1.4882661223596225
3674,1038.9084133846386,1.3206221196155776
3675,1907.6329829421097,1.462120199138552
3676,781.9031959833839,1.2593638120437471
3677,875.5860439423625,1.2500029363504874
3678,1318.698641024554,1.402161860307747
3679,1509.4294828054678,1.4287930180630668
3680,527.2701521276996,1.1101018770491462
3681,1863.5865290484478,1.4662161023518212
3682,836.0084892054292,1.25827913765453
3683,1047.9997510977814,1.3280644964023256
3684,783.3713920091401,1.2610753107950303
3685,1866.04950533589,1.4696017549985614
3686,882.3925519165737,1.2730452620170298
3687,773.3520312296051,1.220692453580553
3688,1219.4690127383137,1.3880682695573643
3689,564.0487786612438,1.2073910501193348
3690,847.0694011489784,1.2897886070433238
3691,849.155953997829,1.2917757247236148
3692,1861.4016762159265,1.48382739091034
3693,1290.0757631673985,1.3893901464090554
3694,2566.584832705067,1.5948915662768592
3695,1304.315777941377,1.3579163803438776
3696,952.4105361636626,1.283918727337627
3697,1295.421485394494,1.3942385965160513
3698,859.4605443846394,1.257558978427759
3699,761.3380401760069,1.239462908385691
3700,3174.114963396433,1.644377651031613
3701,1013.3157757065557,1.2853871291368684
3702,687.8158595336217,1.2270366108533317
3703,977.0228498312065,1.3243541771407392
3704,973.115275353052,1.3217751709017513
3705,1527.3577864646625,1.4011191426566625
3706,2137.0692772650254,1.4953284548410102
3707,1454.4892344381676,1.42084494332752
3708,804.1082378296728,1.244865154243906
3709,1480.7561348503618,1.3935041221112823
3710,790.1168464412355,1.253386775173763
3711,1061.9241017459706,1.3225521944243048
3712,2588.7411939874137,1.5807037374466897
3713,1413.917737234673,1.39473331992838
3714,1049.42425696523,1.3281306113644928
3715,845.251382533504,1.2748986048669484
3716,1215.1644180452786,1.3855970492463476
3717,822.0595817402012,1.270535278929915
3718,826.5818113811471,1.2840079982334334
3719,3061.4927657925095,1.5876984983871685
3720,1218.1754848444227,1.3550937973622144
3721,835.1694959790264,1.233593017558692
3722,1051.4271903627694,1.3332598124375667
3723,6409.656997992903,1.7942193639221058
3724,1448.7121090444653,1.423068783377772
3725,6059.621065634677,1.7959412929363727
3726,1195.3523689274225,1.3554818037128389
3727,1085.839298377925,1.3131563797829373
3728,1124.9358082491922,1.3782399871562254
3729,902.0773510279394,1.2629426574907918
3730,1001.6692968051706,1.3038958805224738
3731,888.8802653199115,1.318841463037598
3732,1779.7038080315835,1.477112974811881
3733,1144.1022844925585,1.332260655045183
3734,1054.002985472541,1.333030442965507
3735,933.5733160368042,1.278520647096033
3736,1069.1381140187384,1.3220241905928882
3737,861.1407620880885,1.3056105285832988
3738,1290.280771664152,1.392017240809963
3739,641.156816781634,1.1887590440458735
3740,925.2688542954202,1.2792348743934394
3741,879.9798790360181,1.2768697070031831
3742,842.8318765063021,1.25353720041326
3743,1281.7104101782056,1.3865737851618127
3744,824.4460550632614,1.2881613809265768
3745,1176.3552511893618,1.3611092129959435
3746,915.2457563474048,1.281883971637628
3747,1064.8287477816696,1.3485089885723414
3748,1405.0671868220386,1.4104463231853752
3749,654.9461667908505,1.2204878026852448
3750,619.1808538375246,1.1881603716935465
3751,845.2916283895609,1.292045090476455
3752,975.9621657457034,1.3019671163905313
3753,1121.1756730217994,1.335887594419919
3754,821.1900403712864,1.2709696697551642
3755,1559.1372641511225,1.4221456150426732
3756,941.7423579291593,1.2774095206760405
3757,2740.6779823377633,1.5915839059472108
3758,1085.5524220518384,1.3530177042834917
3759,960.7646970773127,1.3021555320495286
3760,1075.0721691316878,1.363382913227056
3761,1213.9969087062573,1.3863051709629637
3762,1062.9358508249447,1.3336815085505633
3763,2019.4034406695985,1.5032190330805162
3764,1253.34535885597,1.3849598417004378
3765,1482.9145272831997,1.400106096230459
3766,2672.660560857213,1.591978365153975
3767,1031.9689665497733,1.3161718236833857
3768,1359.688056256865,1.397431094052171
3769,1065.3891651811734,1.3297466538317384
3770,1944.6455145676243,1.4830347621512248
3771,707.6911124800195,1.219918945229901
3772,2004.0483273418797,1.495429423549169
3773,1775.3926139843827,1.472712746814038
3774,1039.6855468979854,1.3138000469959967
3775,904.0535371583288,1.291083306803363
3776,2363.5802535551447,1.513739417208002
3777,2844.016808423646,1.574956358680802
3778,3688.6770469571566,1.7065814256664755
3779,1188.8562620669948,1.3597279943001954
3780,835.9099529459555,1.24846531667821
3781,955.3148329694268,1.2946511079819951
3782,1258.3916762435674,1.3626209088450183
3783,1040.1568811961304,1.3260423543164948
3784,910.9811227108587,1.3110917862475775
3785,1873.3002185123812,1.4999260399489507
3786,1027.21659250255,1.2947765154807849
3787,996.3282097109015,1.31734117735387
3788,1048.0362991565298,1.344537083562685
3789,714.3996231081621,1.194086734616261
3790,382.9469387163331,1.0210650962798402
3791,923.3358502019156,1.2930010916289392
3792,2175.299513062747,1.5325656912364252
3793,1103.5862665733812,1.35492992619247
3794,1537.1243977102117,1.4269731662541127
3795,1255.677991798693,1.3543701047669021
3796,765.405398384538,1.242440665178744
3797,4584.56906293427,1.6981526082613292
3798,1042.3567275218509,1.3260055682912049
3799,875.6785602508397,1.2935162904369477
3800,1070.6065229420306,1.3609485538648833
3801,1842.7781648881603,1.4686509756762176
3802,1274.9234323603732,1.355864254107022
3803,660.4583514947656,1.2118777190862418
3804,1337.712044561226,1.384976180202124
3805,1398.4137776155183,1.3748698977467049
3806,1895.4762259611882,1.5020067641129642
3807,1725.589203495574,1.4310903696658008
3808,1594.9052609443618,1.4478216187622008
3809,2274.946825081509,1.5332441843270521
3810,602.4899147682638,1.168123826507622
3811,922.1293447618749,1.294436907687167
3812,2229.155767208851,1.5525161226467794
3813,1954.5429906755028,1.5021314622936155
3814,1039.280245841232,1.343632535955588
3815,1761.1287371035103,1.4390845719465348
3816,1399.9324486846313,1.3594957481191827
3817,996.7652257654025,1.3356508163367709
3818,963.5718597984792,1.278195395197402
3819,1386.6448072884236,1.3900897668892591
3820,833.6114978637441,1.2710461771115356
3821,1865.0221033549592,1.4717465458976842
3822,1264.4397187440338,1.363593509439504
3823,1239.1775530073814,1.3712013150975408
3824,630.3094095916333,1.2166782080922254
3825,2384.2449024369084,1.5280644661005585
3826,1542.2165140263119,1.4338747406017347
3827,1291.267013111653,1.3840807410255733
3828,1086.6303926467876,1.3155829201716895
3829,3479.8978047493197,1.6333822737999326
3830,1739.8879412763688,1.4745521339421017
3831,1410.731523759269,1.3924002539286326
3832,849.4992832114739,1.2749757266782897
3833,1739.1261561721587,1.4367661893096257
3834,1058.4405538729295,1.3457467459468282
3835,1061.996622791334,1.3494839034671873
3836,2355.072850361376,1.529123749663361
3837,1242.5950390272867,1.371651395800256
3838,1327.2627150300173,1.3744503658271876
3839,739.5874420954619,1.242486974738287
3840,1820.374603995236,1.4827093883448774
3841,796.2150019246493,1.2742305606588058
3842,883.3257597066022,1.2700195806949497
3843,693.4818898165337,1.21517666758812
3844,3345.7287681409584,1.6052783006749298
3845,982.5241874171907,1.3482358441277336
3846,1232.456023391581,1.3846087846285284
3847,1083.5480941187234,1.3360048369742308
3848,989.7066231657751,1.2942268425598766
3849,1223.0659015721144,1.3818605557161578
3850,579.814973542271,1.1479287436345196
3851,1093.1306742398692,1.3464645918192213
3852,862.1600390202007,1.2751112770528652
3853,838.6399846776569,1.2694891717462433
3854,1574.4516703562042,1.465886026917472
3855,1924.3405940360776,1.4847001380963227
3856,790.2863787937811,1.2616805442343488
3857,1174.1774468189883,1.3425671527826644
3858,638.9664207973096,1.22662000567601
3859,1586.9806879431612,1.4253584756870497
3860,1609.9177293919436,1.4541295371085852
3861,1527.206837201824,1.4529731280631406
3862,1633.2319094967152,1.4481717546896942
3863,1184.5805591665169,1.3781040185180347
3864,1493.083722800133,1.4087133643296172
3865,944.3498591793615,1.3122178556801942
3866,1294.0643903893176,1.369633707581405
3867,1804.9655323937754,1.4769111770626595
3868,655.8484129600165,1.2105561506779263
3869,653.9145361081734,1.2440554762580407
3870,868.7562512645814,1.3083059581713794
3871,1439.8507311677974,1.4069252955054254
3872,820.7739307756618,1.2418767929858796
3873,876.7740033733578,1.2792957804318625
3874,1419.5340923823514,1.4158393815642558
3875,1146.7159591570671,1.3360670846757197
3876,1451.6832353082186,1.393760842598632
3877,742.9941321845807,1.2437693441382656
3878,1024.320433458855,1.298626605578617
3879,865.9823257413777,1.3046152976807104
3880,1559.7689342563629,1.4566558867980068
3881,837.5644552673004,1.2755993566161556
3882,2151.6261022320373,1.5243479302150071
3883,530.1273356664265,1.088817088600626
3884,1018.0632318475934,1.3103904498259027
3885,1693.4743972013198,1.4644696494621847
3886,2922.0256313961563,1.596834716313891
3887,1185.847511433588,1.3336625043249137
3888,1006.8794057257493,1.3083068599570078
3889,1579.990859787326,1.4094168884671914
3890,803.2849582063636,1.2570338955272515
3891,894.3188004036655,1.3363287491991462
3892,959.209751321234,1.2896938867111871
3893,1484.1729703722667,1.409927741433364
3894,736.8346608940715,1.2434499910251937
3895,974.0957079380004,1.299109384503461
3896,635.0053037705521,1.1676585637354506
3897,1201.886447283298,1.3558433055700037
3898,910.3029093374587,1.2719812819566962
3899,1034.9008972282331,1.3374226216082727
3900,898.9771192854257,1.2572273230977902
3901,847.6751122805924,1.2678551314339557
3902,2377.0986798247313,1.5361882708379364
3903,1322.1586163268264,1.3757116125092073
3904,2272.378657600695,1.4957928679634909
3905,1042.0208186827224,1.3298632394452032
3906,406.73208735587866,1.043780450461426
3907,1144.4637566640147,1.3675520586405598
3908,2165.1558273583046,1.5461307204682841
3909,1508.402947221899,1.4219004872284788
3910,1163.3338021794773,1.376517740041918
3911,880.3845073498229,1.27346021568407
3912,1960.448418512608,1.4769856339146479
3913,823.0485671193884,1.2647448911592565
3914,1443.5070387155583,1.3781356919628847
3915,688.4233137583446,1.2535621206783498
3916,1424.2625416324045,1.3845132615820237
3917,684.3590596003257,1.2017715693862836
3918,1511.3728721093537,1.4291440750333382
3919,735.6036587726632,1.2563465431722232
3920,1690.9444242166069,1.45765507842745
3921,1066.7737609973321,1.3443654644142373
3922,1335.0203296649918,1.410557644017125
3923,998.4864421492242,1.3260348728983946
3924,1088.4026444103624,1.305385645665402
3925,758.1328762820228,1.2332533711367624
3926,1578.0376637869388,1.4052627370579969
3927,1530.5395493003098,1.4079152393570733
3928,905.731680797078,1.2934153824229644
3929,1715.6860315434167,1.416394281573935
3930,1230.0166255942675,1.3735800280463044
3931,1394.8840586975239,1.4058921637079282
3932,2285.8955255305677,1.4978338045435318
3933,967.4865147489216,1.2996266379236388
3934,998.2641063866536,1.2954740647808534
3935,655.0938369794519,1.19897373873341
3936,1296.768050948426,1.350981647772921
3937,1355.074608414504,1.3862411153676604
3938,1467.808759615329,1.4140639929222036
3939,1943.3878630461513,1.4821007727097777
3940,2925.0743889318514,1.6015343335671244
3941,1713.9760354693487,1.4793937759397269
3942,1011.7711285881509,1.3168596522362424
3943,706.875677981588,1.2341061877190325
3944,693.2514204417448,1.1971091803504894
3945,872.5618730228106,1.265159327565156
3946,508.64176290562,1.0951091064101515
3947,766.1363814409519,1.268779289533589
3948,1509.0971015336272,1.419928648994972
3949,1118.2069430741738,1.3616400921937593
3950,1249.54905752495,1.3633619349491848
3951,1602.7870220103646,1.4189360098899455
3952,1037.2987738941406,1.3523004883039496
3953,873.2967135204419,1.2347426409191407
3954,1208.5777920304158,1.3921412993577058
3955,2813.460630818489,1.6039892582363986
3956,1537.5078051781886,1.4409080223026838
3957,2350.521744965184,1.5541636491360664
3958,2490.3487616949765,1.5536634816619894
3959,2448.441925435991,1.5289678711790062
3960,591.9111294306443,1.161697494160448
3961,1786.8010498514109,1.4494478929726002
3962,844.0080882685947,1.2852709204729889
3963,689.6394189542094,1.1936164396338609
3964,1092.3291084395673,1.342210122873755
3965,1442.9765257786771,1.4173613012360513
3966,1172.2441765749763,1.3742800931349162
3967,1004.1343508865731,1.337865760193165
3968,872.9121153197374,1.2901265268674786
3969,931.4510610549412,1.2859017673567206
3970,976.8420418145796,1.2668103591865254
3971,920.0619115415728,1.2865065350643106
3972,806.1047588720572,1.2788562711159017
3973,1841.2283175408895,1.4742564258422897
3974,1000.4076901519296,1.3335261972534724
3975,1364.606550263513,1.3732927859331057
3976,2515.757757208981,1.5676968265788722
3977,2863.744110500918,1.5949949767943998
3978,983.2846597086191,1.3226857699104657
3979,2045.8326516737884,1.4971499619374258
3980,967.851709624922,1.3014302951722145
3981,5246.7545642737905,1.7264855143705304
3982,1164.4086770830113,1.3660044394655766
3983,1501.0618106121897,1.413076535106149
3984,1232.9204162633707,1.371344092887099
3985,1002.4491083537515,1.3366493539811461
3986,1710.2224959152713,1.46300294885179
3987,1662.4565873658075,1.4418782551461264
3988,2381.3477159531094,1.533662180837702
3989,1730.1058945203756,1.438301361734859
3990,1105.2836097750528,1.3250252601180386
3991,873.6702026990279,1.2951835984517024
3992,851.331270267729,1.2810952592403262
3993,883.0644221830463,1.247537706072453
3994,1497.1137573706078,1.4451039509236634
3995,1162.6330937578728,1.3489536105333009
3996,1178.7048516808038,1.3368279915300212
3997,1050.6779929657064,1.3379718581571527
3998,1344.1179600955527,1.410633146111971
3999,790.7574577844284,1.2693235895948447
4000,1331.360917641015,1.386114695767796
4001,922.0394360338496,1.2671796022645903
4002,1614.2666469825988,1.4070558756374032
4003,1169.0593975336824,1.398260136501809
4004,1665.7879729033787,1.4756012453274645
4005,1859.1682009785343,1.4655087329580103
4006,1058.241036900507,1.3044103977081891
4007,1153.455041058115,1.3660020174376304
4008,1519.9993427061183,1.4138475139853217
4009,739.5129578073138,1.2314550395048915
4010,2648.3781977136327,1.5673191715694887
4011,3490.4426457736836,1.66813099671031
4012,1634.6882109182625,1.4622540737796386
4013,1181.8985854549808,1.351614145526786
4014,1328.9490055090348,1.3556871916236712
4015,899.7557682491968,1.2840478842259757
4016,877.1808927046827,1.258091347772079
4017,1249.1307177962167,1.383426669198755
4018,1773.998680798938,1.4664329549518862
4019,1001.6748254462836,1.329212959309608
4020,2592.7917224932066,1.5372376399653578
4021,922.1296061857871,1.3001379712115462
4022,1002.3653455680436,1.3234907652123906
4023,1451.751482461285,1.407264882914237
4024,857.0839107331345,1.2604967022054703
4025,2334.276023539367,1.4914594819908715
4026,1192.4436124309811,1.3705892475267818
4027,1511.892761816477,1.396674828205429
4028,1303.5438928459625,1.4099006712022353
4029,1111.260497996952,1.3632949823520704
4030,1310.7158075757065,1.3755897299967867
4031,1601.742820204871,1.457386088711753
4032,1682.3873318699075,1.455175258089456
4033,1542.2292856732763,1.4261548848351224
4034,1256.7401255133623,1.350242814917596
4035,943.95102039085,1.2804659899024577
4036,1470.8913366694642,1.409215393680308
4037,2299.4319741883864,1.5096808272384237
4038,1571.5357562942888,1.4329248752951838
4039,789.5839538799019,1.2618943119890074
4040,827.8004487339181,1.2869802655632445
4041,625.6393760194564,1.209632362021369
4042,429.6706462363816,1.045766206763181
4043,3537.7399921482343,1.6405095132529368
4044,1908.9783918949856,1.498415788824422
4045,2391.838148659552,1.5255386488096605
4046,3166.792696468131,1.6409254473233923
4047,1326.6753042306102,1.3896473128138913
4048,955.9163740892025,1.2657066887396957
4049,1419.8686717136347,1.4110163893323426
4050,921.8793020649604,1.3207396440060863
4051,1119.3606984846622,1.3249934652871287
4052,1953.268004714676,1.4860775335533813
4053,1341.9585813768174,1.3675754464926002
4054,1426.2637716114493,1.4091477257220297
4055,1852.2318885024467,1.4752681281239777
4056,1570.5306018714332,1.435603536428514
4057,1581.269125870699,1.436478526240349
4058,965.3558677868566,1.3175371466755958
4059,1238.5460706632855,1.3805184597884896
4060,1068.262947063299,1.3337409278870898
4061,2348.2033736067488,1.526665173470584
4062,2301.348613590641,1.5066379687279836
4063,910.9005270595613,1.2566483571014346
4064,895.0578818854113,1.298167683545932
4065,1962.3229237510868,1.5054912440382076
4066,1068.1324257010235,1.3183514741819087
4067,2241.9349548175082,1.5257169561496597
4068,5778.7087112343615,1.767110016685254
4069,819.3246579375818,1.2525720262195885
4070,930.9241025504059,1.2922602906733567
4071,1415.242907482442,1.3778415189961746
4072,2086.5401758584035,1.501539275042109
4073,704.590930813794,1.2120270211104907
4074,855.5880094986745,1.2738494224098866
4075,599.4405873839843,1.198926426269841
4076,1264.617034235676,1.3617780730704558
4077,869.298872387656,1.277284586662443
4078,1036.156399118206,1.304505067184279
4079,1490.3823293206237,1.4023742374843509
4080,1132.5036691309692,1.3521042124822031
4081,1508.539399014396,1.3939114388087146
4082,3431.440499252925,1.6140532252232656
4083,1099.0274737606042,1.3128061667328967
4084,1355.4059119646513,1.3619883346923518
4085,1434.7625684757083,1.3640402801818214
4086,708.7472740535003,1.2047091395014788
4087,1325.059465765454,1.3672753102763733
4088,1984.441427932857,1.5208763189214844
4089,462.75101459300015,1.0974158229392401
4090,1869.747193822651,1.478368961852242
4091,1232.4841058043712,1.3543379165834415
4092,596.9014868643724,1.1313317428811462
4093,1151.7376253871907,1.3544967906306715
4094,2671.3012065726143,1.5986597918694911
4095,1722.835931676247,1.4511968960677915
4096,1151.4913175128268,1.3545988704863114
4097,983.0543995453768,1.31956581562797
4098,1205.3171258965256,1.3487545302175032
4099,1576.159673768804,1.405203999990604
4100,1508.0611254141977,1.4337720317029858
4101,1184.1050911739994,1.3480963850093652
4102,1667.8775901763713,1.431809916383234
4103,1079.1493862999032,1.3215216045745615
4104,1208.421579071454,1.384908736809975
4105,2597.1026268139385,1.5557585442285666
4106,734.6752629688606,1.2187013808309068
4107,877.0557195244628,1.263147062095981
4108,2151.3247973664097,1.5354098130936602
4109,677.0970900566426,1.2055387455413618
4110,3495.0039237821743,1.6364503375623662
4111,935.2207071023491,1.30374955151764
4112,861.6218379889631,1.2433815295545279
4113,3227.6756260176376,1.614257310857158
4114,1115.5471406373401,1.3723700770122509
4115,7140.631088601268,1.800161027950919
4116,1811.0593084319971,1.472422930761808
4117,816.3113576208602,1.2515651133788268
4118,1385.652217000237,1.3989241655061555
4119,1028.6830102150973,1.3411360679782685
4120,1466.4449150839648,1.3946205511722691
4121,768.2700194316012,1.250902220720219
4122,1290.5512304908218,1.3797354439972187
4123,593.1473227270751,1.1943971320159337
4124,1181.5767717119534,1.339012668170464
4125,1678.7635630648786,1.4433229417196676
4126,1076.8632300873535,1.32539777639046
4127,574.7658327137417,1.1676414784132592
4128,2251.505660037217,1.5170821732316366
4129,3423.285810420648,1.6512631796532515
4130,688.5645795767257,1.2721415083477243
4131,1299.7809623672078,1.3964350300562376
4132,1628.8010819924218,1.4347462524780996
4133,941.9882440904371,1.3080955958015792
4134,1631.3563115398924,1.4851409776717357
4135,953.3846058775841,1.3246273271758897
4136,1091.4266867409763,1.3568482965856332
4137,1932.1244380657442,1.5143254874612515
4138,2121.9231732142384,1.5176160600609565
4139,1349.0919087734476,1.3992753625605698
4140,1062.2409072155676,1.2985276067498281
4141,2043.296153407631,1.4921760518699925
4142,1312.041199980418,1.3825125242520269
4143,801.7590727445362,1.249761023039082
4144,805.613817929219,1.2564448966537383
4145,628.4556013271034,1.172286891223234
4146,897.899074156236,1.2636953688545864
4147,1475.9468381043655,1.4243263881678667
4148,657.5340924400374,1.1812155530185497
4149,591.3581081265487,1.2057091707117267
4150,1216.6152634929933,1.3395122959102703
4151,1213.9084138216608,1.3845549096533576
4152,1766.5816620904789,1.4680214112779169
4153,947.1958518615434,1.2918219555919908
4154,1642.4343614877184,1.4231063741523133
4155,1555.18170707577,1.469034882875538
4156,1291.548930821103,1.3690618915488582
4157,1252.976437221523,1.3734604302264748
4158,1011.0986475433716,1.3129792047115172
4159,1095.1808594275938,1.3097537469457747
4160,1414.296146080881,1.4051729474382737
4161,1665.2001993027616,1.4627311539725167
4162,1271.841501238341,1.3491282259496642
4163,844.2881367489586,1.2912085786583805
4164,813.1771781394302,1.243636525820523
4165,1150.1787064808475,1.3566810982382098
4166,781.6093924896138,1.2677085262190206
4167,1364.2224575366,1.4093499859968839
4168,1494.9920643108,1.4266354009686915
4169,1534.0481239597964,1.4112332363409592
4170,3538.0168700900012,1.6301103993085415
4171,1138.9497264988609,1.3410331250534584
4172,2218.631390805723,1.5428047956780409
4173,3004.0207556108844,1.6093808550445527
4174,967.5902473888342,1.2922762210756065
4175,1047.708092268244,1.3405596562718238
4176,1444.3287194511258,1.408394145527113
4177,1098.5193897358888,1.3150508933375853
4178,1284.243718043621,1.3668852173380894
4179,972.4486981269347,1.3490259410480525
4180,2913.252419873226,1.5646545952684427
4181,2058.424186430902,1.51787942681668
4182,1060.6655127650774,1.33007180827018
4183,733.550586713675,1.2232859396611973
4184,735.7552761004234,1.2746520425647063
4185,753.7358794405211,1.2142688163806856
4186,939.7393691309755,1.2920148443326454
4187,1379.8497362523622,1.439420479280148
4188,1340.986773981321,1.3590063179844762
4189,1371.706286981576,1.3995831894875137
4190,1830.616634824415,1.4922189581824337
4191,5739.45145035589,1.7475463574688415
4192,739.0138521663046,1.218632415890665
4193,801.2871494108947,1.263475276508696
4194,858.1579885738857,1.274280636120684
4195,1132.1837445758372,1.3523776472507998
4196,1300.799828587716,1.3859208026144498
4197,660.3963042416632,1.1851352455160173
4198,1187.8042178209041,1.342619139286064
4199,984.4987468444333,1.3175011228847482
4200,1076.7486574645661,1.3713347400763989
4201,882.803475872332,1.272853712133732
4202,1110.5691784683052,1.333328921511383
4203,905.9491859681419,1.275284956445474
4204,1197.8656816828923,1.340641581255892
4205,1067.7729308187586,1.353638969912876
4206,914.899119660891,1.263664488795021
4207,1283.7345612507531,1.359993231184823
4208,954.1658742531793,1.325976712627415
4209,1769.8777465753249,1.4585770194244483
4210,1017.8127495422177,1.3228672841166527
4211,1537.5297456671847,1.4186834028695392
4212,1099.861555700077,1.332840368695507
4213,965.3902398548735,1.3348790309179455
4214,1536.3204726132294,1.4196749204909571
4215,892.2105396231373,1.2684158765666105
4216,1605.8284974024039,1.4544134330548595
4217,1078.7936554256614,1.3262175236698928
4218,778.0020230357524,1.2706456315304464
4219,1493.1576904415338,1.4015269088639224
4220,1805.9141780424595,1.487552714302917
4221,2221.428120066332,1.5529945847400584
4222,2458.235896453048,1.553151887430535
4223,1005.2105647073236,1.3106208494517497
4224,763.3346972141861,1.240585561634169
4225,823.7597386277691,1.2680895118227102
4226,2873.211453083134,1.5467400532286097
4227,738.4342278214986,1.2325653392266889
4228,1011.6022404180331,1.3134899971577254
4229,1145.7428642103253,1.342329306022374
4230,1615.7985927420364,1.445457107692314
4231,2063.8508956014966,1.5110319548650235
4232,555.9413009270356,1.1609242035727998
4233,826.5048684004425,1.238885132715397
4234,1236.010965782448,1.357393792530106
4235,1790.5855205594678,1.4427461486580244
4236,1521.4296910656578,1.4318171153692605
4237,1776.9221984200776,1.433223975279682
4238,1691.4410472884483,1.4544526205888488
4239,1224.2795122993355,1.391524100161793
4240,932.1623209665157,1.2869176681650334
4241,829.892631660658,1.2539588035469649
4242,1277.6820277625418,1.3783000555679736
4243,1207.2976068136757,1.3659958420911706
4244,1196.9568847857283,1.365730211741858
4245,1027.4924350781998,1.3315987254789454
4246,673.8380696716895,1.20005924154031
4247,999.7682177661081,1.3148569614722099
4248,1165.926102625133,1.3516468753375976
4249,982.6040597024919,1.3194977143975628
4250,1279.9192408961194,1.3734877095042688
4251,1412.8894431671188,1.4377622678563728
4252,894.5088634467105,1.2940297330988066
4253,1317.5446792239652,1.373927893602459
4254,1101.2289625257372,1.3693635489047977
4255,2315.5584154578846,1.5165880446080275
4256,3722.0481293980474,1.6309476616296847
4257,881.9465027746661,1.2702203533241068
4258,1001.0059340047035,1.3085681590670541
4259,1816.6364285416971,1.4755090466603842
4260,534.6750584798123,1.1327860728975445
4261,3397.437802919254,1.623850415886509
4262,1008.5471882961186,1.3229103681403582
4263,2304.707332548757,1.5079359182628371
4264,1302.282773286689,1.407673074863621
4265,1381.5508782392722,1.3833910049261455
4266,770.7078440565809,1.2371342071488383
4267,1553.5746194016563,1.4243946134387229
4268,2661.6860357254072,1.5592539867068271
4269,1996.1207359596638,1.4805526235471218
4270,1811.9756208335048,1.4356845216410146
4271,1099.5318802041675,1.3910152870565966
4272,894.5845815774712,1.28759953965892
4273,1319.615800019204,1.3879665597171462
4274,808.0686402231344,1.2687710592830848
4275,1524.9823815057684,1.421433440904912
4276,9440.17136007372,1.8917535447132747
4277,1682.4226864116517,1.4804036770128497
4278,820.4292182248339,1.2624864711520196
4279,1534.678695524443,1.4265547011446276
4280,1166.305486648805,1.3873608235431505
4281,721.7910741497009,1.2366452856969994
4282,2081.851906815674,1.5023569791285947
4283,1054.2091350138023,1.3011068193953934
4284,1566.019658372202,1.4480448303066866
4285,520.0508901032296,1.1541645511440484
4286,1675.8428341819586,1.466256984524997
4287,874.1843716868041,1.260061824679388
4288,842.118027613923,1.2934465003333562
4289,806.6724760978547,1.277619746761364
4290,1295.3618543307737,1.4023727706606195
4291,803.5580196523999,1.2672919001717509
4292,1543.8671001657003,1.412545588939012
4293,2414.242882360644,1.5549204089752562
4294,1683.0508946095733,1.438436037449268
4295,887.5392834558372,1.2468528801107792
4296,615.7058081488478,1.1750569834310336
4297,1071.255116093293,1.3500263666275953
4298,3380.8790581700655,1.607092691559585
4299,1148.2204758448536,1.347772843829122
4300,858.6047114508589,1.2782296310497991
4301,954.0881637073786,1.2990531623508277
4302,1846.8179220243942,1.4747944356759761
4303,1188.8471743770385,1.365294142122071
4304,1263.5702340366922,1.3686827060839186
4305,971.1009390329979,1.3087843021642813
4306,1014.9099582639835,1.320248672064961
4307,1270.2229138388618,1.405221840540115
4308,797.470303096412,1.2489011577015667
4309,1833.5393699229148,1.4810091751759245
4310,1015.4971490506579,1.3278349433558672
4311,951.3280388587145,1.3073416661784139
4312,4678.962971900881,1.6872606007392337
4313,625.0705860239003,1.199664381348256
4314,4988.170082364024,1.7075528369783257
4315,2217.64927702863,1.5181232967326455
4316,1263.1215995533175,1.3646111106013887
4317,863.6917972892371,1.2566212026660326
4318,1409.0843583408086,1.4094493994931487
4319,853.9428724650655,1.299259869596574
4320,1032.7629270491536,1.3635165112425718
4321,1693.1107395676013,1.4642299803762524
4322,693.2608092786207,1.2197914564695036
4323,3075.2583929470443,1.5939801739968082
4324,2289.7867246828287,1.5180162093297584
4325,752.2023970667534,1.2490889273942565
4326,1506.692734726859,1.4125780826710066
4327,805.0007308107065,1.2557265806110687
4328,1383.4436753691132,1.3924668615502995
4329,2570.1135020870806,1.5587631324614954
4330,1534.7428344766179,1.4063679096620914
4331,677.780251667091,1.2192843422061923
4332,1337.94391237897,1.3859101722335867
4333,855.3079633578737,1.2573157891092066
4334,708.5876461320768,1.1983088042005878
4335,3338.0735912843434,1.6147607751259496
4336,2018.6808950018544,1.4757607008519098
4337,2062.0536306944946,1.4933869086400087
4338,2720.4057931258576,1.5842301183391474
4339,2487.6999220907655,1.5366269724596233
4340,706.8625212524474,1.2325776899625185
4341,1403.0605046557173,1.3878406802025267
4342,770.9799524513178,1.2337955191031698
4343,1270.1988276824707,1.3664602130124095
4344,1166.4090599715976,1.345610637871069
4345,1164.1378459946675,1.3619534177914114
4346,1074.403456192744,1.3673745139593096
4347,1306.4219738450827,1.3759004733459164
4348,1552.1639836021568,1.456911745032422
4349,1417.280220002103,1.3879229776174962
4350,1946.5598246097773,1.4998998113411182
4351,1734.1570953230603,1.451061991596017
4352,962.823505969295,1.2958319033387993
4353,1266.9814019482058,1.3734494888275282
4354,1492.4403310169366,1.4363919025048548
4355,2527.365618306788,1.5554132657851296
4356,1507.882255787828,1.4384294234564603
4357,1503.08278627696,1.3907918460731288
4358,718.0127941960502,1.2140369354931775
4359,1729.9924324345238,1.4518420173906328
4360,1437.725821519083,1.4014143496271956
4361,1349.4549244574728,1.411160437820054
4362,3338.025047405536,1.6244794922730272
4363,989.1904516263635,1.3092712623661735
4364,1645.667139326894,1.4451866583051705
4365,1025.3600965973374,1.3170690816125425
4366,1214.6720820689134,1.4093519459450856
4367,1098.2008248297377,1.3690971529894598
4368,1348.2823313789095,1.3522570891397083
4369,2385.378394604197,1.5062805439772915
4370,4335.148685062539,1.6815598987273557
4371,1309.428387008213,1.3390475596069287
4372,1490.7034810720118,1.448911243443956
4373,2101.8382475634435,1.4961520935518993
4374,1608.214004017256,1.4314343320151341
4375,1097.5290603308406,1.351774217537255
4376,877.0291174125734,1.2503761804609639
4377,1015.8499384599604,1.3206964729639763
4378,1769.5074314845274,1.4589179127850882
4379,2216.279100034865,1.495428993991547
4380,1233.7102884168164,1.3832453805420768
4381,1159.1642964000516,1.3424242299835836
4382,1245.5391340474998,1.3737524510961563
4383,636.2388722347804,1.1892463477478425
4384,1826.8082310458208,1.4535626543126148
4385,653.8558192691825,1.2216526037514177
4386,677.8503821729222,1.2004545252259082
4387,1282.8124620467784,1.3773379470945863
4388,2399.6794052219407,1.5192147660227144
4389,1221.5159715473415,1.377469914811932
4390,1378.0582235710758,1.405541150247102
4391,556.7715374587124,1.1708329213060646
4392,1126.3753522492677,1.3061055326809985
4393,842.2109054795138,1.2711005505855735
4394,1519.0633664693319,1.4185214549407865
4395,1567.9470307632168,1.437362176793642
4396,971.6034210237616,1.2900975971286215
4397,1231.80517565544,1.369969738662934
4398,1038.9211894716316,1.3319033256625825
4399,1337.621211548591,1.4391127565457085
4400,1545.0005247987788,1.4352342703987375
4401,1044.616818733816,1.3155122058957698
4402,1083.1865724519669,1.343111269965227
4403,1055.7749797836918,1.317527242873801
4404,1724.4989060954763,1.4826203752908462
4405,1348.6069555092922,1.3822529078091068
4406,2015.579994605813,1.5194010819166393
4407,634.5322513823538,1.193564285947826
4408,1241.1491429192317,1.3826116920054026
4409,1421.0162054988311,1.3868063648593718
4410,1640.1409700450615,1.464615682159019
4411,2137.2474294813164,1.5563099085423941
4412,1191.4097801182234,1.3679190442924722
4413,1534.8359924888957,1.443106796977606
4414,675.1100834613355,1.2200993292466937
4415,805.4759156406155,1.2497666299160455
4416,810.8073742964452,1.2857876495933578
4417,711.329803101991,1.2064635128913033
4418,1358.4538922227393,1.3931675181821792
4419,670.992164018028,1.1771792718570329
4420,565.7060828856787,1.1410866668160053
4421,1554.8013080201358,1.4531312378164623
4422,1038.8255524217964,1.3040671606330938
4423,586.334067705456,1.1652270504986963
4424,1139.1046073958635,1.3593803697753084
4425,2579.0829922380303,1.5392537555587704
4426,869.104652681049,1.3022870606418135
4427,2264.5735699882234,1.5310046932131134
4428,1359.395701472182,1.3969468270574403
4429,831.538083583209,1.268156410028368
4430,796.6737272444826,1.2413253641981854
4431,641.6121643372887,1.1789395908342437
4432,1305.592973319311,1.3678476685995877
4433,1265.587879585533,1.3814511199740525
4434,2742.9621317514116,1.5585432622716795
4435,1400.2113869132972,1.3995439809088257
4436,1163.703988689483,1.363644503527764
4437,1436.6331550417892,1.3991223351732571
4438,4200.252047269445,1.656315084292379
4439,948.0741871228471,1.299133420802854
4440,1198.0566042022435,1.3542227159978786
4441,906.0538252200636,1.2646835605976288
4442,850.9021979681344,1.2783376509119566
4443,3066.395052275743,1.584353790944731
4444,747.0801709390092,1.2416343474372842
4445,917.4365380158958,1.2906760631854117
4446,1317.7247717526634,1.3819100234603576
4447,656.3352159488635,1.2263071879060163
4448,1443.8118357309643,1.3936383864660569
4449,956.7795621236537,1.2852929398326636
4450,914.0336591416374,1.307997837071718
4451,2729.4189941230743,1.5934215330793489
4452,1467.2047076933113,1.421930497121949
4453,1549.751487972457,1.420510107823115
4454,2821.412453837904,1.5514331058400908
4455,719.2224914848064,1.2386905459917517
4456,1215.8733835327523,1.3767407566203633
4457,1154.9057688015992,1.3451474965885222
4458,585.2231725571557,1.1734810395861948
4459,998.5849977449731,1.3117158202583423
4460,863.2678831372137,1.2856084314745535
4461,1593.3248682451492,1.426362525639707
4462,1525.8467132074622,1.3995744309481994
4463,1792.4086669066662,1.4699458826481893
4464,1353.4978398102526,1.3835219990504706
4465,1618.761556521373,1.4199431282120996
4466,1020.7193533169808,1.286488817423454
4467,2926.417377297099,1.5922622468627672
4468,1221.5209671851276,1.3886386846743677
4469,923.0340904229207,1.3003788652288102
4470,1664.3778874782777,1.4384468843626248
4471,1576.3342607755599,1.4132465002715255
4472,1520.0165930000524,1.4317445395156072
4473,2355.420871724617,1.5253979016077703
4474,988.3104253240158,1.303321657112092
4475,1045.8318995840782,1.340496707405377
4476,925.3270476590578,1.25533209702882
4477,1016.5779762369727,1.3286717610447483
4478,735.248233175128,1.2238797024004002
4479,2930.3716143073348,1.6404921493264955
4480,1377.2987595932814,1.3880414210951295
4481,1059.8353158853495,1.3241239059874728
4482,1921.8837748857839,1.4853792273770798
4483,938.6641867541164,1.2629242484573697
4484,1026.321993308689,1.330967622358899
4485,1147.7534839014743,1.340400221307549
4486,729.874810694059,1.2077051536931243
4487,880.8476211759369,1.320368509360266
4488,1728.632249691772,1.4639427569430226
4489,906.5962599739439,1.2792192998768959
4490,857.4219671269628,1.2725412499327733
4491,1188.4263523643192,1.3527500212320585
4492,1034.2295169050483,1.3128579407532983
4493,1003.0922652418163,1.3098926574618612
4494,1875.6501207380554,1.4348812721104014
4495,5450.053470125264,1.7576212722307516
4496,929.4722625120849,1.3004342106241702
4497,1370.719606717023,1.3975834033441445
4498,1020.9575022009046,1.3321066464895026
4499,857.111090681885,1.2750509053257237
4500,1102.6151778280541,1.350142288947579
4501,1470.2327815874528,1.4349431004827353
4502,749.0587337006506,1.230739112278679
4503,828.0987269545387,1.272923281453638
4504,777.2175831262211,1.224322917262659
4505,752.1932103198977,1.2217638334154146
4506,1180.7528259588207,1.3486348856977848
4507,621.8106608224265,1.2317397816330447
4508,830.8048985868193,1.268604427203551
4509,1014.5946590883358,1.319058462531119
4510,1069.753683020785,1.3365973295624627
4511,987.583763026462,1.3162307214894582
4512,2618.6361173024393,1.5632073966700653
4513,1781.5681360454578,1.4394298222117763
4514,1388.5322650497399,1.416634742172158
4515,1407.676909558946,1.426895024232131
4516,1233.9261450367712,1.3317309559489645
4517,873.2762738635112,1.2702752987724213
4518,1182.099143168369,1.3761673022687946
4519,1183.2480906641958,1.3435956224939123
4520,901.2937423690172,1.3031434494931713
4521,2328.1485496155315,1.5292949400517764
4522,1103.1817083900246,1.3418273328509758
4523,2740.165518420156,1.5627268344465
4524,857.0242817590035,1.289870104454577
4525,1060.9774994663621,1.3348748516683515
4526,1946.2674892422822,1.5149617208680382
4527,1708.6994071081422,1.460706290366836
4528,910.078869819448,1.2720083595447735
4529,1165.2143698725029,1.361086825059476
4530,1066.0327858179398,1.3471711722042776
4531,1936.4584559371406,1.498322934009553
4532,1221.824605807527,1.3766301871909037
4533,1054.5024282368527,1.3180272787473253
4534,1691.7312230912298,1.4494646737435601
4535,935.2950094037121,1.302623000672307
4536,642.4173377232074,1.2150091391145543
4537,1250.5934959801114,1.3706689630801139
4538,727.6603409954294,1.2348240936780652
4539,1566.546799223517,1.408800587031423
4540,1017.0934559885598,1.3144258503745805
4541,975.9909428069027,1.300214282975303
4542,882.9349291070769,1.2449214119621332
4543,1451.904713782157,1.4230200794903543
4544,1518.9956623421847,1.3995973829777866
4545,1234.7304324831387,1.3755908932774243
4546,1572.89784831182,1.4207119941573116
4547,641.1147181426646,1.1970946017168045
4548,725.6508442296675,1.2075914079988985
4549,3328.59074169897,1.6229011534352908
4550,903.5426396203361,1.2814586282497835
4551,878.0635178613575,1.2551615454367921
4552,1514.9647521041175,1.425454105398506
4553,2145.1255836777495,1.5100669638862247
4554,929.7747186045424,1.2806651624992211
4555,1870.3047351103583,1.4652802380419703
4556,562.0928019766733,1.1420674428148285
4557,839.543992853132,1.2930798410381712
4558,1649.0783570750539,1.4454123012150604
4559,868.885046702324,1.270122705764147
4560,645.289721042394,1.2295070414427898
4561,3292.583335124265,1.6144704270921084
4562,1369.647082213519,1.4074004692430828
4563,1036.1528302803838,1.3312801462681454
4564,2370.567400321913,1.537574595972953
4565,1215.7536149410225,1.3447221188182936
4566,958.0641176201901,1.311897681239541
4567,934.8129810883347,1.2590828715193134
4568,1481.2272265991176,1.438303607217036
4569,2000.3845255800848,1.5048430401855772
4570,1167.5884315232536,1.3551188791250182
4571,736.1962795133697,1.244301149613492
4572,966.5351686089552,1.2972984208239804
4573,872.9536488908884,1.2949575779680143
4574,1453.9043247266202,1.364339922840822
4575,839.5160614828866,1.2800076871936459
4576,1490.667651425007,1.3980718377792523
4577,3440.7407581107195,1.6047235334308239
4578,2130.3426475229253,1.5066119717712316
4579,2278.6658162191684,1.5253781752510556
4580,1456.6377864234614,1.3987149651505895
4581,908.2676480470856,1.2805238837502884
4582,1079.2256493431942,1.3425970907397142
4583,1395.3605151543043,1.4215685868115189
4584,2652.5416102772256,1.5339604968254041
4585,1542.022584252673,1.3958668307848396
4586,1425.202187954238,1.4095447946723816
4587,1131.9986981771585,1.344322821075608
4588,945.9735906870874,1.3107898237379636
4589,1301.8045763099058,1.3765919247664564
4590,3044.8344772171167,1.611377576550138
4591,892.1122177522964,1.2809608727663147
4592,2872.8624121944026,1.5529668358537634
4593,987.5366701053872,1.3072056240487984
4594,887.2025401509989,1.294603039299938
4595,1715.0961680813366,1.4354374926028668
4596,1004.31934754292,1.3098410847128321
4597,927.51204803219,1.2760020287906957
4598,838.2817795736767,1.254702414525573
4599,831.4903611832881,1.2566313730298904
4600,1102.2184156151975,1.329732501863082
4601,891.0801147045026,1.274355112593596
4602,1496.1213045622144,1.4095017792847417
4603,807.2195667823972,1.212852421871824
4604,907.233192480063,1.3025922320194185
4605,2097.311957522167,1.5015236780621284
4606,2067.9961765068188,1.4772310403467994
4607,3548.517132194716,1.6513423172422035
4608,2076.7153274809148,1.5138411557670701
4609,1147.5390182314584,1.334096324237593
4610,1060.4938382307746,1.3230271163684064
4611,1465.6979883682573,1.407935490232399
4612,1215.4696830791568,1.3544278079105023
4613,848.4293745350957,1.2861747748569543
4614,762.3738959939454,1.2338139229436158
4615,1665.3078533237551,1.5012621384761609
4616,620.759334851792,1.2152363596141644
4617,1157.388564882889,1.3560826719647456
4618,2082.6049242228482,1.5169104438746055
4619,1074.5746173444568,1.3537159275812085
4620,1012.8844898831862,1.3160077463111255
4621,779.2236715877945,1.250384985381687
4622,2110.900560832031,1.4918172216237917
4623,2259.214207102428,1.5558920919645678
4624,643.0442959455311,1.1941720312460231
4625,1532.6856898879,1.4126285767266664
4626,1845.4837486827817,1.446018471365121
4627,1019.6462097650272,1.3081121335058374
4628,988.8898799680356,1.3003691741090482
4629,1655.5407687554052,1.4575031640841505
4630,1033.4776262631449,1.3191456565224589
4631,1070.647238439931,1.3129697136816374
4632,1533.881437412607,1.4129144351124419
4633,1082.906449771504,1.3310150398818084
4634,1285.3389740972111,1.3727284053971418
4635,566.997234147906,1.1473067130218264
4636,1482.5321238354456,1.4082833621218387
4637,824.4126061809508,1.2659833401920422
4638,920.286213166393,1.3235207204860082
4639,1389.0573567525112,1.418337341841346
4640,3356.7699648873163,1.6072438412756123
4641,1153.4888488355477,1.3617935831667383
4642,2084.9443964994116,1.481498903122564
4643,743.5962578727592,1.2349974750207289
4644,1782.6852724683727,1.4692614813705924
4645,1472.0362774020036,1.4029874827268765
4646,987.3468906619897,1.3093039427083517
4647,576.9357505635661,1.1560389307953423
4648,790.3566766828053,1.2401802827202757
4649,1254.6758860374684,1.3533962161288715
4650,1638.036248149825,1.450232367724892
4651,852.6699119528333,1.2715099138307464
4652,996.3992308733098,1.3105855580388106
4653,791.2584360652279,1.237337719075603
4654,1922.0763881212176,1.4598784857471356
4655,1313.437956616002,1.4002884073651112
4656,1268.6683386662623,1.3910498108822569
4657,993.1777660312957,1.3213560710613854
4658,2010.0118172311759,1.480317988827578
4659,1012.8148989734004,1.3225542470814846
4660,975.7918070935234,1.302078552973806
4661,1404.9598824634124,1.3903288962087428
4662,2689.7051239990465,1.5520539378602634
4663,1277.1323470451496,1.3410141119676746
4664,1418.7555073640722,1.4030643385730746
4665,2361.0351601552993,1.553919839326511
4666,771.2449962480157,1.2405643180707695
4667,2184.109369017413,1.5157885668302506
4668,2045.3619740588265,1.5297240170244064
4669,1267.040247357874,1.3372012001456928
4670,1400.8477331442364,1.411019710518581
4671,1380.5272013272604,1.4180120715139846
4672,954.8965898334366,1.2909932425157624
4673,1155.0845412264018,1.3205667102251617
4674,738.5047751310653,1.2170138000236794
4675,744.2434079279992,1.2614271215014918
4676,2172.8300660246846,1.4983143292076553
4677,2126.3068674859283,1.4806988368289546
4678,597.2430011230977,1.1759885000974728
4679,1338.7159614188995,1.4253607033354898
4680,692.2659519224311,1.2407556400843862
4681,1537.461316301577,1.4222577900644355
4682,623.2914775840792,1.2005716342572774
4683,1477.222220695794,1.399524403531526
4684,964.4193435398428,1.3125171159994278
4685,2018.9053032552602,1.5306838394898046
4686,1145.4582713256352,1.3444440234690216
4687,535.8471288017031,1.144366790790178
4688,2583.58233287149,1.537553551474754
4689,630.5983582148187,1.1712990019882143
4690,950.0020567001361,1.2622259079656162
4691,1633.1086753862849,1.4299360946523143
4692,3273.136663536294,1.6139363491058116
4693,1331.5028313843875,1.4141786247296393
4694,2707.1541810156477,1.593925329790136
4695,540.4273479441691,1.1133262027150843
4696,1520.338803886818,1.3995886008819336
4697,924.2135717469486,1.3126528436707403
4698,868.6343574619317,1.2850537267540383
4699,642.666214651013,1.193970594351859
4700,1639.1388029831314,1.437891150771251
4701,1114.7770831526718,1.3295148081156394
4702,1704.2097618092155,1.4749632832341817
4703,1254.9268672911123,1.3777207259649151
4704,1789.631447730625,1.4816569979361844
4705,1711.9667395111924,1.4336287654710151
4706,762.0260648570461,1.236139325294933
4707,1626.2634069630437,1.4501907278264954
4708,1752.7414574963252,1.4586099205582195
4709,655.988410130406,1.1773955731921824
4710,1167.2173615818178,1.323811686731553
4711,1161.239766770819,1.335554646248599
4712,1294.788133259475,1.369915224550432
4713,1516.0209800392943,1.4267121679781778
4714,959.9030776098484,1.3241140986481588
4715,1668.38109057291,1.446320108173369
4716,646.2613629780678,1.2066073586588189
4717,1086.1241522295443,1.324260528972882
4718,990.9019775983115,1.3457744116851578
4719,1415.1610054505086,1.3937790661735245
4720,974.533050896319,1.3131159162419377
4721,1243.0113479357242,1.361652168712242
4722,1401.6134087972027,1.40405076218903
4723,876.9227859840624,1.2828783192699096
4724,761.7101936300486,1.2547422327314555
4725,1509.2679850022132,1.4368316959314813
4726,1033.7838117775668,1.3141825337599877
4727,972.2259670631119,1.3082812957087522
4728,1060.7782413666484,1.3344662349010987
4729,1276.9682267619357,1.3746903889910898
4730,1349.9915654975864,1.3948940718667198
4731,1024.458493427684,1.301081015699634
4732,2094.208235139802,1.5095586987839948
4733,2085.7228783028595,1.5166565723284897
4734,1657.1815061203233,1.4624803154545511
4735,1078.177114741291,1.3430697572813033
4736,772.0240702924705,1.2562172607385922
4737,1755.091170838841,1.4757038787324124
4738,1591.270732215818,1.4125119719316621
4739,869.5214479976672,1.2695040681027534
4740,847.34491769507,1.245249632628527
4741,1305.0514907487825,1.4033750817405026
4742,801.1508391748839,1.2231972148936143
4743,900.0269202328476,1.269097672105841
4744,1315.9896258268188,1.3624524385237464
4745,1868.4512096528397,1.4616581895333411
4746,849.8496265926632,1.2943769128250115
4747,1509.847476605229,1.4365850778738238
4748,5046.402320761718,1.7427410783987458
4749,1182.1017172965928,1.3468775282794057
4750,1080.3414871761383,1.3320592915320948
4751,890.3671427094263,1.2805719299866476
4752,834.1094730685087,1.2606686585949938
4753,1130.7395778190655,1.3531108838618293
4754,848.046030540523,1.255788772379538
4755,1837.0739155000892,1.4594523195014126
4756,938.289877885264,1.2997336974899618
4757,1233.2390083066023,1.356900711889356
4758,1183.3188340158538,1.3500543354575931
4759,1394.2390563503216,1.4251192173449303
4760,905.3814838665081,1.275599401505593
4761,1374.9282528848898,1.3865513922789545
4762,1249.8249720784308,1.357382593583882
4763,993.7159749285958,1.3191390491585548
4764,2090.416369186975,1.4861480498920472
4765,1854.0155655303104,1.4701392695364954
4766,788.1541744267081,1.2205313787469516
4767,1016.2586551512973,1.2943458934621699
4768,1571.782763971202,1.4397961825306835
4769,689.4560044329,1.2159170212187809
4770,2536.3761817728287,1.5603359862476125
4771,1710.9723347743177,1.4284796899642633
4772,896.6484962379786,1.2694896194959793
4773,938.1053625632438,1.3245262428767128
4774,3050.497587535847,1.580781245229368
4775,2108.816917906185,1.5048626555294726
4776,815.2659543808362,1.2478225582606841
4777,1214.7761725991952,1.3740536304488524
4778,922.9345893327795,1.2682596083982973
4779,3887.864170950731,1.6783129571781548
4780,1097.7825325423908,1.3346412325653272
4781,1252.4222900238863,1.3632250707246476
4782,1344.7822438444123,1.3936440695167382
4783,3213.8497801121157,1.5984845754622932
4784,981.8195754468176,1.3134955123591394
4785,963.0278085775341,1.301420232069911
4786,1666.936816822566,1.4187992563567726
4787,3601.7718689031767,1.6365615316917883
4788,958.8298495798076,1.2979087159494451
4789,3685.5747525482766,1.6732329848285223
4790,2966.4666643995247,1.6098386785416543
4791,1156.823368067336,1.3590226312534444
4792,755.1935218245303,1.2288436283282709
4793,1373.037588691249,1.367066058897302
4794,940.4985834416531,1.2827728399349225
4795,1090.7953487834557,1.3471007155904997
4796,6680.567055376738,1.8039592094142407
4797,788.066394744465,1.2242091385099856
4798,1875.748562168264,1.4883155157413264
4799,644.1718301263853,1.205963539494017
4800,1020.0394480729528,1.3537400067695042
4801,2615.028988224791,1.5582700285655156
4802,729.3425755816734,1.2034026382029404
4803,1731.9215602638478,1.486469132308551
4804,5197.457264335755,1.7098497197395326
4805,951.3941711559105,1.3035687286954991
4806,1668.4522584510873,1.4705508986931823
4807,1306.3591457538405,1.3882163580878482
4808,1097.9510320520058,1.344958400464829
4809,1016.084694704101,1.321344825295886
4810,965.2653729475204,1.3076459966313945
4811,1181.176969355239,1.3457433040205091
4812,777.2684046912273,1.2540638862244486
4813,2065.5655661365204,1.4988645873569535
4814,686.6079300537056,1.2095223042616137
4815,1123.412849400741,1.3512244787581256
4816,1524.5568336261144,1.4231322170729783
4817,495.90040966195187,1.096605462064756
4818,1515.5331569562345,1.432551122146411
4819,560.0503322801784,1.1640114216533186
4820,1146.6305416113128,1.3597803230403902
4821,1248.1132836441132,1.3655548977726226
4822,1351.823689794626,1.390301874073591
4823,1113.0364097980005,1.3406812747959869
4824,1576.956255043232,1.4470824798965496
4825,803.2299144165409,1.246338978352584
4826,987.3666613771646,1.3127923430942035
4827,2392.427798516112,1.5415727206075427
4828,1078.080521005007,1.3272151817837297
4829,1405.6681209778235,1.4139431816958843
4830,1132.2373392459613,1.3206614724998507
4831,1116.6969067632033,1.3586937759228224
4832,979.432416350913,1.2926953255708133
4833,875.5806261450175,1.2563348742424532
4834,2261.1342477826292,1.5419388170904353
4835,744.623067821493,1.205198701757542
4836,1857.7785295792341,1.4902643214940774
4837,1086.6483272871708,1.3333210322929605
4838,979.4791537490786,1.2871187034247566
4839,600.4296456793246,1.179860700175132
4840,1602.86591371603,1.4613042632176931
4841,875.7895231890656,1.274632179481364
4842,1497.508365649927,1.3984432496496304
4843,3777.0602686818784,1.6842262704053415
4844,7960.250490115142,1.8394833420990422
4845,854.5631666970811,1.2569477238006044
4846,833.384122142828,1.2554334790678483
4847,683.070716602801,1.2235734432450027
4848,1667.3907233826621,1.4593862484944522
4849,1895.7008188698742,1.5014652442358243
4850,2123.953556755133,1.520762403680757
4851,2309.676682485118,1.5101105341761036
4852,952.5151698348009,1.3212432977130648
4853,1186.350274876365,1.338278294032738
4854,1308.932210703222,1.3794673399644992
4855,4463.232869384966,1.696305826518099
4856,1200.3222428782824,1.3699884968411586
4857,1395.8983570367727,1.4319263250960341
4858,1420.507450697033,1.3805531084270173
4859,1053.2557903284849,1.3207519468882587
4860,2455.159098243905,1.532097308843667
4861,1128.8624848487998,1.3466088371861678
4862,1328.2917238713596,1.3933467675411373
4863,1227.2447523839237,1.3742825815660096
4864,1093.3224638919155,1.351341981174812
4865,787.1294250340379,1.2500584357746096
4866,766.8346614039577,1.2465762927644086
4867,1089.638856842322,1.3131648028961753
4868,1354.0616508789612,1.3904040242578772
4869,1248.6698535017672,1.3910444340867132
4870,771.2294317005723,1.2520702392113405
4871,2168.960142521326,1.5016967668748848
4872,911.022912838791,1.3022591947146427
4873,1251.9401712498411,1.3515020445502182
4874,917.0314603323008,1.3122093098075243
4875,1336.378889489817,1.3862848373061527
4876,1248.3715747098033,1.3445001061756663
4877,1891.5512058241688,1.468616927800397
4878,1111.5706714822948,1.3374855693200092
4879,1414.556641138076,1.3895255366118515
4880,802.9756838076054,1.2382679719939926
4881,836.3186938214152,1.2780040272271598
4882,1082.191259939101,1.3535966230626828
4883,1426.650059477978,1.4011037507227304
4884,5597.89982742749,1.7419637011408515
4885,1301.354767470086,1.3861857805144318
4886,799.5559398702135,1.2538949519701204
4887,1233.5586513637384,1.3511194768078547
4888,1244.561490400955,1.3803190053036494
4889,1007.4415644131662,1.3209677156798825
4890,1534.3285800148392,1.428499408458188
4891,1052.5057045303129,1.3550509654815623
4892,1056.5821507362823,1.3295133306467524
4893,1514.1491443810241,1.421598754458751
4894,1008.3554620476791,1.3129849143215047
4895,2139.6835479412575,1.514841481371324
4896,1193.5094401553224,1.339077535617998
4897,1472.135252313968,1.3929476124571034
4898,872.2049200834521,1.3203913899223003
4899,965.8718264366298,1.3423733710381527
4900,1230.4770530098854,1.3642194371786784
4901,797.1239767131289,1.244524126284839
4902,828.6423428361466,1.2662454418448472
4903,926.3958235934077,1.3119667387852736
4904,754.1988579537519,1.236438814094968
4905,946.6197309896256,1.2703654735684236
4906,828.7942189013445,1.2801400569510701
4907,671.002606998347,1.219564921602848
4908,1259.0455186104916,1.3757220302551731
4909,867.6984867716837,1.292342621449112
4910,1347.5686843412934,1.387994278491774
4911,1530.8798317840306,1.4004483207322538
4912,1079.8517860753843,1.3336137097356455
4913,1181.0758805233197,1.384810366975034
4914,1459.9504043682273,1.4039195839712113
4915,1514.7904724891264,1.418418910946841
4916,1194.766280776064,1.3295177690247728
4917,1847.3008505783619,1.4533964972502775
4918,751.4884549527341,1.2463634949989602
4919,2634.2119087043334,1.5878954741596591
4920,3240.619136198122,1.5940918361334655
4921,2716.2278945570333,1.5834533851122516
4922,1117.8078187901708,1.3769824498918737
4923,1016.434048143807,1.3134609888833932
4924,592.9556726593703,1.1775211089221367
4925,815.092146040208,1.2893275654039444
4926,1188.1826308790362,1.3830496958823688
4927,1146.7265017119869,1.3745279474704735
4928,886.0189529454719,1.2845658423656128
4929,938.92162720613,1.3200082179963555
4930,1047.6586866498624,1.307760349890983
4931,931.8492205875509,1.294087153433486
4932,2290.059899671139,1.5251121147830893
4933,2098.5960564446764,1.5055538246544489
4934,905.8686516178304,1.298623968474816
4935,1485.9100487159544,1.4410873516462808
4936,1007.1509329167683,1.3349078806748735
4937,2165.0383538724645,1.4988887150692116
4938,1223.9932401449878,1.3551524645001842
4939,1331.6883344127252,1.3902401297292284
4940,911.319192335571,1.2967206685189412
4941,1342.8310643006116,1.3984957313938153
4942,873.7856693416621,1.2948569122582247
4943,2143.7931535818575,1.4871950328294037
4944,1339.2452974561952,1.3960710654704176
4945,1650.342971380735,1.4588869987441715
4946,1615.6314906825069,1.4503350876212873
4947,1369.6415749737475,1.4062111930788361
4948,2380.3186269561857,1.520766274856866
4949,1036.3728496651706,1.3150967168200092
4950,848.0820900212577,1.2883624360798565
4951,3832.317984254268,1.6642652161515492
4952,864.432084386933,1.2758917375225958
4953,1412.9067171457123,1.413654694703902
4954,782.2204601051799,1.2784889540448927
4955,879.9627326280939,1.2892804324664824
4956,939.855862450677,1.2775078826563182
4957,1115.0100523343358,1.3409584688728153
4958,983.3924170237186,1.3052104230744805
4959,831.8286920376904,1.2880387989160456
4960,1958.1312548323322,1.4614818602738786
4961,561.0207667368841,1.138730772602637
4962,697.2831955057999,1.2294126457141612
4963,1734.2562974550199,1.48044331053239
4964,707.8094944441058,1.2077383860063895
4965,1500.6650439788252,1.4269376898819046
4966,1119.3033814276166,1.3533656706545893
4967,899.3106620755536,1.27142972276962
4968,2131.8745119836885,1.5067781144915382
4969,982.2560502976588,1.3027839408347486
4970,728.6186028047273,1.2495063719971546
4971,1198.8207944899523,1.3559269216489478
4972,952.7630892363272,1.289235901328817
4973,3309.6517022089156,1.6200977315636378
4974,1358.3516635182154,1.3864003542152255
4975,1246.4236289801884,1.358628813924436
4976,1846.8422961899769,1.4636575181160636
4977,2588.2591731770913,1.5567332697005498
4978,964.8279812764839,1.2903101725985158
4979,999.2729725913618,1.2992509312291562
4980,1952.0964932877398,1.4794921922874966
4981,1298.539087055752,1.3813371156879515
4982,965.0661258667184,1.3066842733561128
4983,1223.5397445785238,1.3623437777827794
4984,1087.995909459894,1.361105461351049
4985,988.7425681190238,1.3100666674026655
4986,858.1614992395182,1.278414097944016
4987,1307.2089699533246,1.3677510389684657
4988,1001.8823921380447,1.311157638512627
4989,1322.7587738690186,1.3919918426556024
4990,1703.9723346031656,1.4580528696940254
4991,1432.4876827623946,1.3846353052159255
4992,909.610069403169,1.263981280685523
4993,1292.1311398006615,1.3917001820128587
4994,1275.6185574464782,1.3770353523015952
4995,1110.2872265189765,1.3420163291086509
4996,941.0389374235739,1.2979127288277217
4997,620.3712682659419,1.190224590367245
4998,2576.968531188836,1.5964298068152305
4999,1173.2306109888782,1.3608238477279209
